,player_id,game_id,week,player_name,team,pts,preds,position
0,00-0023459,2024_01_NYJ_SF,1,A.Rodgers,NYJ,9.68,7.83,QB
1,00-0023459,2024_02_NYJ_TEN,2,A.Rodgers,NYJ,15.24,12.83,QB
2,00-0023459,2024_03_NE_NYJ,3,A.Rodgers,NYJ,21.04,21.89,QB
3,00-0023459,2024_04_DEN_NYJ,4,A.Rodgers,NYJ,10.6,21.99,QB
4,00-0023459,2024_05_NYJ_MIN,5,A.Rodgers,NYJ,17.76,24.33,QB
5,00-0023459,2024_06_BUF_NYJ,6,A.Rodgers,NYJ,19.76,19.26,QB
6,00-0023459,2024_07_NYJ_PIT,7,A.Rodgers,NYJ,17.04,18.48,QB
7,00-0023459,2024_08_NYJ_NE,8,A.Rodgers,NYJ,17.32,17.34,QB
8,00-0023459,2024_09_HOU_NYJ,9,A.Rodgers,NYJ,20.44,11.32,QB
9,00-0023459,2024_10_NYJ_ARI,10,A.Rodgers,NYJ,6.04,19.42,QB
10,00-0023459,2024_11_IND_NYJ,11,A.Rodgers,NYJ,16.06,10.4,QB
11,00-0023459,2024_13_SEA_NYJ,13,A.Rodgers,NYJ,16.1,19.57,QB
12,00-0023459,2024_14_NYJ_MIA,14,A.Rodgers,NYJ,17.56,16.55,QB
13,00-0023459,2024_15_NYJ_JAX,15,A.Rodgers,NYJ,30.06,21.52,QB
14,00-0023459,2024_16_LA_NYJ,16,A.Rodgers,NYJ,14.84,19.93,QB
15,00-0023459,2024_17_NYJ_BUF,17,A.Rodgers,NYJ,3.48,6.87,QB
16,00-0023459,2024_18_MIA_NYJ,18,A.Rodgers,NYJ,26.96,19.55,QB
17,00-0024243,2024_06_JAX_CHI,6,M.Lewis,CHI,0.7,0.98,TE
18,00-0026158,2024_04_PIT_IND,4,J.Flacco,IND,15.12,13.4,QB
19,00-0026158,2024_05_IND_JAX,5,J.Flacco,IND,28.66,22.28,QB
20,00-0026158,2024_06_IND_TEN,6,J.Flacco,IND,15.66,19.71,QB
21,00-0026158,2024_09_IND_MIN,9,J.Flacco,IND,6.16,11.01,QB
22,00-0026158,2024_10_BUF_IND,10,J.Flacco,IND,18.88,17.68,QB
23,00-0026158,2024_17_IND_NYG,17,J.Flacco,IND,21.3,21.99,QB
24,00-0026158,2024_18_JAX_IND,18,J.Flacco,IND,14.56,17.17,QB
25,00-0026300,2024_04_BUF_BAL,4,J.Johnson,BAL,0.04,0.26,QB
26,00-0026300,2024_09_DEN_BAL,9,J.Johnson,BAL,0.3,0.99,QB
27,00-0026300,2024_15_BAL_NYG,15,J.Johnson,BAL,0.0,0.26,QB
28,00-0026300,2024_17_BAL_HOU,17,J.Johnson,BAL,0.64,1.38,QB
29,00-0026498,2024_01_LA_DET,1,M.Stafford,LA,16.68,19.52,QB
30,00-0026498,2024_02_LA_ARI,2,M.Stafford,LA,8.64,13.9,QB
31,00-0026498,2024_03_SF_LA,3,M.Stafford,LA,12.84,10.83,QB
32,00-0026498,2024_04_LA_CHI,4,M.Stafford,LA,8.96,14.72,QB
33,00-0026498,2024_05_GB_LA,5,M.Stafford,LA,14.4,20.51,QB
34,00-0026498,2024_07_LV_LA,7,M.Stafford,LA,6.16,7.66,QB
35,00-0026498,2024_08_MIN_LA,8,M.Stafford,LA,27.16,17.42,QB
36,00-0026498,2024_09_LA_SEA,9,M.Stafford,LA,19.92,23.74,QB
37,00-0026498,2024_10_MIA_LA,10,M.Stafford,LA,11.72,21.29,QB
38,00-0026498,2024_11_LA_NE,11,M.Stafford,LA,28.1,15.48,QB
39,00-0026498,2024_12_PHI_LA,12,M.Stafford,LA,19.22,17.47,QB
40,00-0026498,2024_13_LA_NO,13,M.Stafford,LA,15.92,14.0,QB
41,00-0026498,2024_14_BUF_LA,14,M.Stafford,LA,20.8,13.71,QB
42,00-0026498,2024_15_LA_SF,15,M.Stafford,LA,8.2,14.47,QB
43,00-0026498,2024_16_LA_NYJ,16,M.Stafford,LA,8.4,6.03,QB
44,00-0026498,2024_17_ARI_LA,17,M.Stafford,LA,9.26,16.64,QB
45,00-0027973,2024_01_CAR_NO,1,A.Dalton,CAR,0.0,0.26,QB
46,00-0027973,2024_03_CAR_LV,3,A.Dalton,CAR,24.76,20.32,QB
47,00-0027973,2024_04_CIN_CAR,4,A.Dalton,CAR,17.8,19.02,QB
48,00-0027973,2024_05_CAR_CHI,5,A.Dalton,CAR,3.74,12.44,QB
49,00-0027973,2024_06_ATL_CAR,6,A.Dalton,CAR,18.94,18.37,QB
50,00-0027973,2024_07_CAR_WAS,7,A.Dalton,CAR,4.12,7.08,QB
51,00-0028118,2024_01_NYJ_SF,1,T.Taylor,NYJ,6.14,6.8,QB
52,00-0028118,2024_17_NYJ_BUF,17,T.Taylor,NYJ,13.92,11.01,QB
55,00-0029263,2024_07_NYJ_PIT,7,R.Wilson,PIT,24.86,22.88,QB
56,00-0029263,2024_08_NYG_PIT,8,R.Wilson,PIT,15.92,16.91,QB
57,00-0029263,2024_10_PIT_WAS,10,R.Wilson,PIT,20.4,17.19,QB
58,00-0029263,2024_11_BAL_PIT,11,R.Wilson,PIT,8.5,21.7,QB
59,00-0029263,2024_12_PIT_CLE,12,R.Wilson,PIT,15.8,16.66,QB
60,00-0029263,2024_13_PIT_CIN,13,R.Wilson,PIT,29.06,15.78,QB
61,00-0029263,2024_14_CLE_PIT,14,R.Wilson,PIT,16.22,15.84,QB
62,00-0029263,2024_15_PIT_PHI,15,R.Wilson,PIT,9.42,13.73,QB
63,00-0029263,2024_16_PIT_BAL,16,R.Wilson,PIT,18.38,15.89,QB
64,00-0029263,2024_17_KC_PIT,17,R.Wilson,PIT,18.7,22.79,QB
65,00-0029263,2024_18_CIN_PIT,18,R.Wilson,PIT,11.52,14.4,QB
66,00-0029263,2024_19_PIT_BAL,19,R.Wilson,PIT,19.5,14.12,QB
67,00-0029604,2024_01_PIT_ATL,1,K.Cousins,ATL,9.2,9.57,QB
68,00-0029604,2024_02_ATL_PHI,2,K.Cousins,ATL,17.74,17.28,QB
69,00-0029604,2024_03_KC_ATL,3,K.Cousins,ATL,13.2,13.17,QB
70,00-0029604,2024_04_NO_ATL,4,K.Cousins,ATL,9.52,13.09,QB
71,00-0029604,2024_05_TB_ATL,5,K.Cousins,ATL,36.36,21.18,QB
72,00-0029604,2024_06_ATL_CAR,6,K.Cousins,ATL,12.0,17.07,QB
73,00-0029604,2024_07_SEA_ATL,7,K.Cousins,ATL,13.28,13.91,QB
74,00-0029604,2024_08_ATL_TB,8,K.Cousins,ATL,28.64,13.62,QB
75,00-0029604,2024_09_DAL_ATL,9,K.Cousins,ATL,20.88,11.61,QB
76,00-0029604,2024_10_ATL_NO,10,K.Cousins,ATL,12.24,17.75,QB
77,00-0029604,2024_11_ATL_DEN,11,K.Cousins,ATL,6.92,9.75,QB
78,00-0029604,2024_13_LAC_ATL,13,K.Cousins,ATL,10.1,16.59,QB
79,00-0029604,2024_14_ATL_MIN,14,K.Cousins,ATL,13.76,15.32,QB
80,00-0029604,2024_15_ATL_LV,15,K.Cousins,ATL,8.48,7.6,QB
83,00-0029892,2024_01_NYJ_SF,1,K.Juszczyk,SF,5.0,3.82,RB
84,00-0029892,2024_02_SF_MIN,2,K.Juszczyk,SF,3.4,4.8,RB
85,00-0029892,2024_03_SF_LA,3,K.Juszczyk,SF,1.1,0.98,RB
86,00-0029892,2024_04_NE_SF,4,K.Juszczyk,SF,1.7,0.98,RB
87,00-0029892,2024_06_SF_SEA,6,K.Juszczyk,SF,9.1,4.64,RB
88,00-0029892,2024_07_KC_SF,7,K.Juszczyk,SF,1.4,4.09,RB
89,00-0029892,2024_08_DAL_SF,8,K.Juszczyk,SF,1.2,3.42,RB
90,00-0029892,2024_11_SEA_SF,11,K.Juszczyk,SF,2.2,1.96,RB
91,00-0029892,2024_12_SF_GB,12,K.Juszczyk,SF,1.9,0.98,RB
92,00-0029892,2024_13_SF_BUF,13,K.Juszczyk,SF,-1.1,2.16,RB
93,00-0029892,2024_14_CHI_SF,14,K.Juszczyk,SF,0.8,2.73,RB
94,00-0029892,2024_16_SF_MIA,16,K.Juszczyk,SF,3.1,3.33,RB
95,00-0029892,2024_17_DET_SF,17,K.Juszczyk,SF,7.4,3.22,RB
96,00-0029892,2024_18_SF_ARI,18,K.Juszczyk,SF,11.9,3.71,RB
97,00-0030035,2024_01_CAR_NO,1,A.Thielen,CAR,6.4,4.97,WR
98,00-0030035,2024_02_LAC_CAR,2,A.Thielen,CAR,3.0,2.83,WR
99,00-0030035,2024_03_CAR_LV,3,A.Thielen,CAR,11.5,6.46,WR
100,00-0030035,2024_12_KC_CAR,12,A.Thielen,CAR,7.2,5.4,WR
101,00-0030035,2024_13_TB_CAR,13,A.Thielen,CAR,19.9,13.27,WR
102,00-0030035,2024_14_CAR_PHI,14,A.Thielen,CAR,14.7,13.85,WR
103,00-0030035,2024_15_DAL_CAR,15,A.Thielen,CAR,7.6,7.36,WR
104,00-0030035,2024_16_ARI_CAR,16,A.Thielen,CAR,12.8,8.13,WR
105,00-0030035,2024_17_CAR_TB,17,A.Thielen,CAR,25.5,9.74,WR
106,00-0030035,2024_18_CAR_ATL,18,A.Thielen,CAR,6.9,6.65,WR
107,00-0030061,2024_01_WAS_TB,1,Z.Ertz,WAS,4.3,3.93,TE
108,00-0030061,2024_02_NYG_WAS,2,Z.Ertz,WAS,8.2,5.48,TE
109,00-0030061,2024_03_WAS_CIN,3,Z.Ertz,WAS,6.3,5.09,TE
110,00-0030061,2024_04_WAS_ARI,4,Z.Ertz,WAS,5.7,5.32,TE
111,00-0030061,2024_05_CLE_WAS,5,Z.Ertz,WAS,2.0,11.62,TE
112,00-0030061,2024_06_WAS_BAL,6,Z.Ertz,WAS,8.8,6.76,TE
113,00-0030061,2024_07_CAR_WAS,7,Z.Ertz,WAS,12.0,7.34,TE
114,00-0030061,2024_08_CHI_WAS,8,Z.Ertz,WAS,11.2,15.21,TE
115,00-0030061,2024_09_WAS_NYG,9,Z.Ertz,WAS,1.0,0.98,TE
116,00-0030061,2024_10_PIT_WAS,10,Z.Ertz,WAS,5.1,7.63,TE
117,00-0030061,2024_11_WAS_PHI,11,Z.Ertz,WAS,15.7,11.08,TE
118,00-0030061,2024_12_DAL_WAS,12,Z.Ertz,WAS,12.8,12.65,TE
119,00-0030061,2024_13_TEN_WAS,13,Z.Ertz,WAS,11.0,9.75,TE
120,00-0030061,2024_15_WAS_NO,15,Z.Ertz,WAS,3.5,1.96,TE
121,00-0030061,2024_16_PHI_WAS,16,Z.Ertz,WAS,1.7,2.09,TE
122,00-0030061,2024_17_ATL_WAS,17,Z.Ertz,WAS,22.2,12.76,TE
123,00-0030061,2024_18_WAS_DAL,18,Z.Ertz,WAS,12.9,5.66,TE
124,00-0030061,2024_19_WAS_TB,19,Z.Ertz,WAS,3.3,6.38,TE
125,00-0030279,2024_01_TEN_CHI,1,K.Allen,CHI,4.9,13.99,WR
126,00-0030279,2024_04_LA_CHI,4,K.Allen,CHI,3.4,2.83,WR
127,00-0030279,2024_05_CAR_CHI,5,K.Allen,CHI,4.8,9.87,WR
128,00-0030279,2024_06_JAX_CHI,6,K.Allen,CHI,18.6,8.38,WR
129,00-0030279,2024_08_CHI_WAS,8,K.Allen,CHI,4.9,9.19,WR
130,00-0030279,2024_09_CHI_ARI,9,K.Allen,CHI,5.6,13.22,WR
131,00-0030279,2024_10_NE_CHI,10,K.Allen,CHI,6.9,5.96,WR
132,00-0030279,2024_11_GB_CHI,11,K.Allen,CHI,6.1,8.38,WR
133,00-0030279,2024_12_MIN_CHI,12,K.Allen,CHI,19.1,19.86,WR
134,00-0030279,2024_13_CHI_DET,13,K.Allen,CHI,21.8,10.41,WR
135,00-0030279,2024_14_CHI_SF,14,K.Allen,CHI,4.5,5.13,WR
136,00-0030279,2024_15_CHI_MIN,15,K.Allen,CHI,17.2,18.28,WR
137,00-0030279,2024_16_DET_CHI,16,K.Allen,CHI,24.6,15.78,WR
138,00-0030279,2024_17_SEA_CHI,17,K.Allen,CHI,5.0,8.79,WR
139,00-0030279,2024_18_CHI_GB,18,K.Allen,CHI,4.0,3.83,WR
140,00-0030431,2024_03_HOU_MIN,3,R.Woods,HOU,2.8,1.85,WR
141,00-0030431,2024_04_JAX_HOU,4,R.Woods,HOU,1.5,4.45,WR
142,00-0030431,2024_08_IND_HOU,8,R.Woods,HOU,2.8,1.96,WR
143,00-0030431,2024_09_HOU_NYJ,9,R.Woods,HOU,5.4,3.44,WR
144,00-0030431,2024_10_DET_HOU,10,R.Woods,HOU,0.6,4.13,WR
145,00-0030431,2024_11_HOU_DAL,11,R.Woods,HOU,2.3,1.96,WR
146,00-0030431,2024_12_TEN_HOU,12,R.Woods,HOU,1.3,0.98,WR
147,00-0030431,2024_13_HOU_JAX,13,R.Woods,HOU,0.0,2.56,WR
148,00-0030431,2024_15_MIA_HOU,15,R.Woods,HOU,2.2,2.01,WR
149,00-0030431,2024_16_HOU_KC,16,R.Woods,HOU,3.4,6.83,WR
150,00-0030431,2024_17_BAL_HOU,17,R.Woods,HOU,3.1,2.41,WR
151,00-0030431,2024_18_HOU_TEN,18,R.Woods,HOU,4.9,5.81,WR
152,00-0030431,2024_19_LAC_HOU,19,R.Woods,HOU,3.2,4.11,WR
153,00-0030506,2024_01_BAL_KC,1,T.Kelce,KC,4.9,4.82,TE
154,00-0030506,2024_02_CIN_KC,2,T.Kelce,KC,1.1,6.58,TE
155,00-0030506,2024_03_KC_ATL,3,T.Kelce,KC,5.0,5.29,TE
156,00-0030506,2024_04_KC_LAC,4,T.Kelce,KC,12.4,10.16,TE
157,00-0030506,2024_05_NO_KC,5,T.Kelce,KC,11.5,10.88,TE
158,00-0030506,2024_07_KC_SF,7,T.Kelce,KC,3.7,5.29,TE
159,00-0030506,2024_08_KC_LV,8,T.Kelce,KC,20.0,15.1,TE
160,00-0030506,2024_09_TB_KC,9,T.Kelce,KC,17.0,17.51,TE
161,00-0030506,2024_10_DEN_KC,10,T.Kelce,KC,16.4,18.89,TE
162,00-0030506,2024_11_KC_BUF,11,T.Kelce,KC,1.8,4.64,TE
163,00-0030506,2024_12_KC_CAR,12,T.Kelce,KC,9.2,9.04,TE
164,00-0030506,2024_13_LV_KC,13,T.Kelce,KC,10.3,16.11,TE
165,00-0030506,2024_14_LAC_KC,14,T.Kelce,KC,7.0,6.73,TE
166,00-0030506,2024_15_KC_CLE,15,T.Kelce,KC,4.7,9.54,TE
167,00-0030506,2024_16_HOU_KC,16,T.Kelce,KC,5.5,7.47,TE
168,00-0030506,2024_17_KC_PIT,17,T.Kelce,KC,18.4,13.93,TE
169,00-0030564,2024_01_TEN_CHI,1,D.Hopkins,TEN,1.3,0.98,WR
170,00-0030564,2024_02_NYJ_TEN,2,D.Hopkins,TEN,1.4,3.07,WR
171,00-0030564,2024_03_GB_TEN,3,D.Hopkins,TEN,16.3,8.89,WR
172,00-0030564,2024_04_TEN_MIA,4,D.Hopkins,TEN,4.1,4.91,WR
173,00-0030564,2024_06_IND_TEN,6,D.Hopkins,TEN,7.4,7.86,WR
174,00-0030564,2024_07_TEN_BUF,7,D.Hopkins,TEN,1.1,0.98,WR
175,00-0030564,2024_08_KC_LV,8,D.Hopkins,KC,3.9,4.09,WR
176,00-0030564,2024_09_TB_KC,9,D.Hopkins,KC,24.6,13.65,WR
177,00-0030564,2024_10_DEN_KC,10,D.Hopkins,KC,7.6,8.09,WR
178,00-0030564,2024_11_KC_BUF,11,D.Hopkins,KC,4.4,4.75,WR
179,00-0030564,2024_12_KC_CAR,12,D.Hopkins,KC,12.0,10.18,WR
180,00-0030564,2024_13_LV_KC,13,D.Hopkins,KC,11.0,14.4,WR
181,00-0030564,2024_14_LAC_KC,14,D.Hopkins,KC,11.2,12.67,WR
182,00-0030564,2024_15_KC_CLE,15,D.Hopkins,KC,6.1,6.79,WR
183,00-0030564,2024_16_HOU_KC,16,D.Hopkins,KC,5.7,4.64,WR
184,00-0030564,2024_17_KC_PIT,17,D.Hopkins,KC,1.7,5.47,WR
185,00-0030565,2024_01_DEN_SEA,1,G.Smith,SEA,20.24,12.48,QB
186,00-0030565,2024_02_SEA_NE,2,G.Smith,SEA,17.98,17.91,QB
187,00-0030565,2024_03_MIA_SEA,3,G.Smith,SEA,15.56,11.33,QB
188,00-0030565,2024_04_SEA_DET,4,G.Smith,SEA,22.6,29.78,QB
189,00-0030565,2024_05_NYG_SEA,5,G.Smith,SEA,21.56,19.51,QB
190,00-0030565,2024_06_SF_SEA,6,G.Smith,SEA,16.48,31.04,QB
191,00-0030565,2024_07_SEA_ATL,7,G.Smith,SEA,17.78,17.35,QB
192,00-0030565,2024_08_BUF_SEA,8,G.Smith,SEA,10.18,15.84,QB
193,00-0030565,2024_09_LA_SEA,9,G.Smith,SEA,28.22,22.01,QB
194,00-0030565,2024_11_SEA_SF,11,G.Smith,SEA,17.74,15.0,QB
195,00-0030565,2024_12_ARI_SEA,12,G.Smith,SEA,14.56,14.68,QB
196,00-0030565,2024_13_SEA_NYJ,13,G.Smith,SEA,12.54,17.28,QB
197,00-0030565,2024_14_SEA_ARI,14,G.Smith,SEA,13.32,13.86,QB
198,00-0030565,2024_15_GB_SEA,15,G.Smith,SEA,6.46,8.94,QB
199,00-0030565,2024_16_MIN_SEA,16,G.Smith,SEA,25.36,18.53,QB
200,00-0030565,2024_17_SEA_CHI,17,G.Smith,SEA,7.4,10.05,QB
201,00-0030565,2024_18_SEA_LA,18,G.Smith,SEA,26.42,15.27,QB
202,00-0030578,2024_01_PIT_ATL,1,C.Patterson,PIT,1.3,1.97,RB
203,00-0030578,2024_02_PIT_DEN,2,C.Patterson,PIT,0.3,0.99,RB
204,00-0030578,2024_03_LAC_PIT,3,C.Patterson,PIT,6.3,7.49,RB
205,00-0030578,2024_04_PIT_IND,4,C.Patterson,PIT,7.2,4.92,RB
206,00-0030578,2024_10_PIT_WAS,10,C.Patterson,PIT,1.4,1.48,RB
207,00-0030578,2024_11_BAL_PIT,11,C.Patterson,PIT,0.5,1.36,RB
208,00-0030578,2024_12_PIT_CLE,12,C.Patterson,PIT,-0.2,2.87,RB
209,00-0030578,2024_13_PIT_CIN,13,C.Patterson,PIT,6.8,5.14,RB
210,00-0030578,2024_14_CLE_PIT,14,C.Patterson,PIT,-0.4,2.84,RB
211,00-0030578,2024_15_PIT_PHI,15,C.Patterson,PIT,1.3,1.86,RB
212,00-0030578,2024_16_PIT_BAL,16,C.Patterson,PIT,7.7,2.54,RB
213,00-0030578,2024_17_KC_PIT,17,C.Patterson,PIT,0.2,0.49,RB
214,00-0030578,2024_18_CIN_PIT,18,C.Patterson,PIT,0.1,0.49,RB
215,00-0031235,2024_05_MIA_NE,5,O.Beckham,MIA,0.0,3.17,WR
216,00-0031235,2024_07_MIA_IND,7,O.Beckham,MIA,0.0,1.96,WR
217,00-0031235,2024_09_MIA_BUF,9,O.Beckham,MIA,3.0,2.83,WR
218,00-0031235,2024_10_MIA_LA,10,O.Beckham,MIA,2.7,1.96,WR
219,00-0031235,2024_11_LV_MIA,11,O.Beckham,MIA,2.3,6.18,WR
220,00-0031235,2024_12_NE_MIA,12,O.Beckham,MIA,0.0,5.16,WR
221,00-0031235,2024_13_MIA_GB,13,O.Beckham,MIA,1.4,2.5,WR
222,00-0031235,2024_14_NYJ_MIA,14,O.Beckham,MIA,0.6,0.87,WR
223,00-0031236,2024_01_DAL_CLE,1,B.Cooks,DAL,12.5,8.67,WR
224,00-0031236,2024_02_NO_DAL,2,B.Cooks,DAL,2.6,2.8,WR
225,00-0031236,2024_03_BAL_DAL,3,B.Cooks,DAL,2.6,8.63,WR
226,00-0031236,2024_04_DAL_NYG,4,B.Cooks,DAL,2.1,4.57,WR
227,00-0031236,2024_13_NYG_DAL,13,B.Cooks,DAL,9.1,11.1,WR
228,00-0031236,2024_14_CIN_DAL,14,B.Cooks,DAL,6.8,5.23,WR
229,00-0031236,2024_15_DAL_CAR,15,B.Cooks,DAL,4.9,5.45,WR
230,00-0031236,2024_16_TB_DAL,16,B.Cooks,DAL,6.3,3.44,WR
231,00-0031236,2024_17_DAL_PHI,17,B.Cooks,DAL,7.2,10.3,WR
232,00-0031236,2024_18_WAS_DAL,18,B.Cooks,DAL,2.5,13.98,WR
233,00-0031280,2024_01_CAR_NO,1,D.Carr,NO,21.3,14.94,QB
234,00-0031280,2024_02_NO_DAL,2,D.Carr,NO,23.82,10.34,QB
235,00-0031280,2024_03_PHI_NO,3,D.Carr,NO,10.08,13.02,QB
236,00-0031280,2024_04_NO_ATL,4,D.Carr,NO,10.06,23.32,QB
237,00-0031280,2024_05_NO_KC,5,D.Carr,NO,14.6,12.57,QB
238,00-0031280,2024_09_NO_CAR,9,D.Carr,NO,13.44,14.35,QB
239,00-0031280,2024_10_ATL_NO,10,D.Carr,NO,20.56,12.44,QB
240,00-0031280,2024_11_CLE_NO,11,D.Carr,NO,17.72,11.48,QB
241,00-0031280,2024_13_LA_NO,13,D.Carr,NO,14.56,15.94,QB
242,00-0031280,2024_14_NO_NYG,14,D.Carr,NO,13.96,13.61,QB
243,00-0031299,2024_01_CAR_NO,1,J.Matthews,CAR,0.0,1.47,TE
244,00-0031345,2024_18_SEA_LA,18,J.Garoppolo,LA,21.86,19.75,QB
246,00-0031381,2024_01_LV_LAC,1,D.Adams,LV,8.4,7.15,WR
247,00-0031381,2024_02_LV_BAL,2,D.Adams,LV,21.5,17.94,WR
248,00-0031381,2024_03_CAR_LV,3,D.Adams,LV,6.0,10.1,WR
249,00-0031381,2024_07_NYJ_PIT,7,D.Adams,NYJ,4.5,8.99,WR
250,00-0031381,2024_08_NYJ_NE,8,D.Adams,NYJ,7.4,7.39,WR
251,00-0031381,2024_09_HOU_NYJ,9,D.Adams,NYJ,18.6,12.32,WR
252,00-0031381,2024_10_NYJ_ARI,10,D.Adams,NYJ,6.1,19.21,WR
253,00-0031381,2024_11_IND_NYJ,11,D.Adams,NYJ,10.2,6.65,WR
254,00-0031381,2024_13_SEA_NYJ,13,D.Adams,NYJ,15.1,15.51,WR
255,00-0031381,2024_14_NYJ_MIA,14,D.Adams,NYJ,21.4,13.65,WR
256,00-0031381,2024_15_NYJ_JAX,15,D.Adams,NYJ,38.3,18.97,WR
257,00-0031381,2024_16_LA_NYJ,16,D.Adams,NYJ,16.3,18.83,WR
258,00-0031381,2024_17_NYJ_BUF,17,D.Adams,NYJ,7.2,7.66,WR
259,00-0031381,2024_18_MIA_NYJ,18,D.Adams,NYJ,17.8,20.13,WR
260,00-0031408,2024_01_WAS_TB,1,M.Evans,TB,20.6,13.24,WR
261,00-0031408,2024_02_TB_DET,2,M.Evans,TB,5.7,7.05,WR
262,00-0031408,2024_03_DEN_TB,3,M.Evans,TB,2.7,3.43,WR
263,00-0031408,2024_04_PHI_TB,4,M.Evans,TB,19.4,21.92,WR
264,00-0031408,2024_05_TB_ATL,5,M.Evans,TB,20.7,10.97,WR
265,00-0031408,2024_06_TB_NO,6,M.Evans,TB,4.4,10.39,WR
266,00-0031408,2024_07_BAL_TB,7,M.Evans,TB,9.0,8.26,WR
267,00-0031408,2024_12_TB_NYG,12,M.Evans,TB,9.3,8.48,WR
268,00-0031408,2024_13_TB_CAR,13,M.Evans,TB,21.8,18.83,WR
269,00-0031408,2024_14_LV_TB,14,M.Evans,TB,8.9,7.96,WR
270,00-0031408,2024_15_TB_LAC,15,M.Evans,TB,32.4,15.17,WR
271,00-0031408,2024_16_TB_DAL,16,M.Evans,TB,9.4,12.82,WR
272,00-0031408,2024_17_CAR_TB,17,M.Evans,TB,25.7,16.74,WR
273,00-0031408,2024_18_NO_TB,18,M.Evans,TB,13.4,19.77,WR
274,00-0031408,2024_19_WAS_TB,19,M.Evans,TB,18.7,10.65,WR
275,00-0031428,2024_06_DET_DAL,6,A.Robinson,DET,0.0,0.98,WR
276,00-0031428,2024_08_TEN_DET,8,A.Robinson,DET,0.0,0.98,WR
277,00-0031428,2024_09_DET_GB,9,A.Robinson,DET,0.7,0.98,WR
278,00-0031428,2024_11_JAX_DET,11,A.Robinson,DET,1.2,1.96,WR
279,00-0031428,2024_15_BUF_DET,15,A.Robinson,DET,0.0,0.98,WR
280,00-0031428,2024_17_DET_SF,17,A.Robinson,DET,2.6,1.96,WR
281,00-0031484,2024_08_NYG_PIT,8,C.Manhertz,NYG,0.0,0.98,TE
282,00-0031484,2024_09_WAS_NYG,9,C.Manhertz,NYG,6.7,2.77,TE
283,00-0031484,2024_17_IND_NYG,17,C.Manhertz,NYG,1.7,0.98,TE
284,00-0031484,2024_18_NYG_PHI,18,C.Manhertz,NYG,2.1,0.98,TE
285,00-0031503,2024_02_CLE_JAX,2,J.Winston,CLE,0.4,0.99,QB
286,00-0031503,2024_03_NYG_CLE,3,J.Winston,CLE,0.1,0.99,QB
287,00-0031503,2024_05_CLE_WAS,5,J.Winston,CLE,0.34,0.75,QB
288,00-0031503,2024_07_CIN_CLE,7,J.Winston,CLE,8.68,9.77,QB
289,00-0031503,2024_08_BAL_CLE,8,J.Winston,CLE,25.56,19.92,QB
290,00-0031503,2024_09_LAC_CLE,9,J.Winston,CLE,16.1,23.96,QB
291,00-0031503,2024_11_CLE_NO,11,J.Winston,CLE,26.6,23.15,QB
292,00-0031503,2024_12_PIT_CLE,12,J.Winston,CLE,16.46,16.95,QB
293,00-0031503,2024_13_CLE_DEN,13,J.Winston,CLE,38.98,29.74,QB
294,00-0031503,2024_14_CLE_PIT,14,J.Winston,CLE,19.28,19.81,QB
295,00-0031503,2024_15_KC_CLE,15,J.Winston,CLE,5.74,11.34,QB
296,00-0031544,2024_01_DAL_CLE,1,A.Cooper,CLE,2.6,11.95,WR
297,00-0031544,2024_02_CLE_JAX,2,A.Cooper,CLE,2.6,8.72,WR
298,00-0031544,2024_03_NYG_CLE,3,A.Cooper,CLE,24.1,15.65,WR
299,00-0031544,2024_04_CLE_LV,4,A.Cooper,CLE,5.5,8.97,WR
300,00-0031544,2024_05_CLE_WAS,5,A.Cooper,CLE,8.0,12.42,WR
301,00-0031544,2024_06_CLE_PHI,6,A.Cooper,CLE,6.2,6.54,WR
302,00-0031544,2024_07_TEN_BUF,7,A.Cooper,BUF,14.6,8.48,WR
303,00-0031544,2024_08_BUF_SEA,8,A.Cooper,BUF,0.8,1.96,WR
304,00-0031544,2024_11_KC_BUF,11,A.Cooper,BUF,6.5,5.83,WR
305,00-0031544,2024_13_SF_BUF,13,A.Cooper,BUF,8.7,3.59,WR
306,00-0031544,2024_14_BUF_LA,14,A.Cooper,BUF,12.5,22.62,WR
307,00-0031544,2024_16_NE_BUF,16,A.Cooper,BUF,1.5,1.96,WR
308,00-0031544,2024_17_NYJ_BUF,17,A.Cooper,BUF,13.1,5.66,WR
309,00-0031544,2024_19_DEN_BUF,19,A.Cooper,BUF,1.8,4.54,WR
310,00-0031549,2024_01_BAL_KC,1,N.Agholor,BAL,1.1,0.98,WR
311,00-0031549,2024_02_LV_BAL,2,N.Agholor,BAL,1.8,3.43,WR
312,00-0031549,2024_03_BAL_DAL,3,N.Agholor,BAL,6.1,0.98,WR
313,00-0031549,2024_04_BUF_BAL,4,N.Agholor,BAL,2.0,4.03,WR
314,00-0031549,2024_05_BAL_CIN,5,N.Agholor,BAL,0.9,5.87,WR
315,00-0031549,2024_06_WAS_BAL,6,N.Agholor,BAL,3.0,4.89,WR
316,00-0031549,2024_07_BAL_TB,7,N.Agholor,BAL,2.5,1.96,WR
317,00-0031549,2024_08_BAL_CLE,8,N.Agholor,BAL,11.1,8.47,WR
318,00-0031549,2024_09_DEN_BAL,9,N.Agholor,BAL,3.4,1.96,WR
319,00-0031549,2024_10_CIN_BAL,10,N.Agholor,BAL,7.1,3.85,WR
320,00-0031549,2024_11_BAL_PIT,11,N.Agholor,BAL,0.0,0.98,WR
321,00-0031549,2024_13_PHI_BAL,13,N.Agholor,BAL,0.0,3.91,WR
322,00-0031549,2024_15_BAL_NYG,15,N.Agholor,BAL,3.1,1.96,WR
323,00-0031549,2024_19_PIT_BAL,19,N.Agholor,BAL,3.0,1.96,WR
324,00-0031585,2024_01_PIT_ATL,1,M.Pruitt,PIT,1.4,1.96,TE
325,00-0031585,2024_08_NYG_PIT,8,M.Pruitt,PIT,1.5,0.98,TE
326,00-0031585,2024_10_PIT_WAS,10,M.Pruitt,PIT,0.0,0.98,TE
327,00-0031585,2024_13_PIT_CIN,13,M.Pruitt,PIT,3.1,3.44,TE
328,00-0031585,2024_14_CLE_PIT,14,M.Pruitt,PIT,0.4,0.87,TE
329,00-0031585,2024_16_PIT_BAL,16,M.Pruitt,PIT,6.6,4.12,TE
330,00-0031588,2024_01_HOU_IND,1,S.Diggs,HOU,18.9,10.03,WR
331,00-0031588,2024_02_CHI_HOU,2,S.Diggs,HOU,5.7,8.06,WR
332,00-0031588,2024_03_HOU_MIN,3,S.Diggs,HOU,14.92,13.78,WR
333,00-0031588,2024_04_JAX_HOU,4,S.Diggs,HOU,16.0,11.49,WR
334,00-0031588,2024_05_BUF_HOU,5,S.Diggs,HOU,11.2,9.91,WR
335,00-0031588,2024_06_HOU_NE,6,S.Diggs,HOU,16.7,11.92,WR
336,00-0031588,2024_07_HOU_GB,7,S.Diggs,HOU,4.8,8.19,WR
337,00-0031588,2024_08_IND_HOU,8,S.Diggs,HOU,10.2,10.95,WR
338,00-0031595,2024_01_DEN_SEA,1,M.Burton,DEN,0.8,0.98,RB
339,00-0031595,2024_02_PIT_DEN,2,M.Burton,DEN,0.6,0.98,RB
340,00-0031595,2024_04_DEN_NYJ,4,M.Burton,DEN,0.8,0.87,RB
341,00-0031595,2024_05_LV_DEN,5,M.Burton,DEN,1.0,0.98,RB
342,00-0031595,2024_08_CAR_DEN,8,M.Burton,DEN,3.3,1.47,RB
343,00-0031595,2024_09_DEN_BAL,9,M.Burton,DEN,-0.1,4.5,RB
344,00-0031595,2024_11_ATL_DEN,11,M.Burton,DEN,0.5,2.5,RB
345,00-0031595,2024_12_DEN_LV,12,M.Burton,DEN,1.6,1.36,RB
346,00-0031595,2024_13_CLE_DEN,13,M.Burton,DEN,6.1,3.44,RB
347,00-0031595,2024_16_DEN_LAC,16,M.Burton,DEN,9.4,3.36,RB
348,00-0031595,2024_18_KC_DEN,18,M.Burton,DEN,0.3,2.17,RB
349,00-0031687,2024_01_JAX_MIA,1,R.Mostert,MIA,2.9,5.68,RB
350,00-0031687,2024_05_MIA_NE,5,R.Mostert,MIA,10.8,11.38,RB
351,00-0031687,2024_07_MIA_IND,7,R.Mostert,MIA,4.0,7.43,RB
352,00-0031687,2024_08_ARI_MIA,8,R.Mostert,MIA,15.5,10.93,RB
353,00-0031687,2024_09_MIA_BUF,9,R.Mostert,MIA,8.8,6.89,RB
354,00-0031687,2024_10_MIA_LA,10,R.Mostert,MIA,4.4,2.83,RB
355,00-0031687,2024_11_LV_MIA,11,R.Mostert,MIA,-0.2,5.37,RB
356,00-0031687,2024_12_NE_MIA,12,R.Mostert,MIA,0.7,2.32,RB
357,00-0031687,2024_13_MIA_GB,13,R.Mostert,MIA,4.4,7.46,RB
358,00-0031687,2024_15_MIA_HOU,15,R.Mostert,MIA,3.6,5.68,RB
359,00-0031687,2024_16_SF_MIA,16,R.Mostert,MIA,5.6,5.68,RB
360,00-0031687,2024_17_MIA_CLE,17,R.Mostert,MIA,2.9,4.92,RB
361,00-0031690,2024_02_LAC_CAR,2,E.Tomlinson,LAC,0.0,0.98,TE
362,00-0031690,2024_07_LAC_ARI,7,E.Tomlinson,LAC,1.2,0.87,TE
363,00-0031690,2024_08_NO_LAC,8,E.Tomlinson,LAC,0.0,1.59,TE
364,00-0031690,2024_09_LAC_CLE,9,E.Tomlinson,LAC,0.7,0.87,TE
365,00-0031763,2024_01_TEN_CHI,1,D.Carter,CHI,1.1,2.45,WR
366,00-0031763,2024_02_CHI_HOU,2,D.Carter,CHI,4.7,4.9,WR
367,00-0031763,2024_03_CHI_IND,3,D.Carter,CHI,3.7,7.45,WR
368,00-0031763,2024_08_CHI_WAS,8,D.Carter,CHI,1.2,1.6,WR
369,00-0031763,2024_10_NE_CHI,10,D.Carter,CHI,1.0,0.98,WR
370,00-0031800,2024_03_LAC_PIT,3,T.Heinicke,LAC,0.96,1.6,QB
371,00-0031800,2024_14_LAC_KC,14,T.Heinicke,LAC,1.2,0.8,QB
372,00-0031800,2024_15_TB_LAC,15,T.Heinicke,LAC,-0.84,0.26,QB
373,00-0031800,2024_17_LAC_NE,17,T.Heinicke,LAC,0.8,1.5,QB
374,00-0031941,2024_01_WAS_TB,1,J.Crowder,WAS,1.0,0.87,WR
375,00-0031941,2024_15_WAS_NO,15,J.Crowder,WAS,4.2,3.23,WR
376,00-0031941,2024_16_PHI_WAS,16,J.Crowder,WAS,14.5,8.04,WR
377,00-0031941,2024_17_ATL_WAS,17,J.Crowder,WAS,4.0,5.78,WR
379,00-0032104,2024_02_LV_BAL,2,A.Abdullah,LV,1.2,2.73,RB
380,00-0032104,2024_03_CAR_LV,3,A.Abdullah,LV,2.3,1.74,RB
381,00-0032104,2024_05_LV_DEN,5,A.Abdullah,LV,12.6,6.84,RB
382,00-0032104,2024_06_PIT_LV,6,A.Abdullah,LV,4.3,9.5,RB
383,00-0032104,2024_08_KC_LV,8,A.Abdullah,LV,1.6,2.46,RB
384,00-0032104,2024_09_LV_CIN,9,A.Abdullah,LV,4.1,4.81,RB
385,00-0032104,2024_11_LV_MIA,11,A.Abdullah,LV,9.2,3.8,RB
386,00-0032104,2024_12_DEN_LV,12,A.Abdullah,LV,15.0,11.59,RB
387,00-0032104,2024_13_LV_KC,13,A.Abdullah,LV,6.3,8.4,RB
388,00-0032104,2024_14_LV_TB,14,A.Abdullah,LV,0.3,3.45,RB
389,00-0032104,2024_15_ATL_LV,15,A.Abdullah,LV,16.1,9.15,RB
390,00-0032104,2024_16_JAX_LV,16,A.Abdullah,LV,17.0,9.85,RB
391,00-0032104,2024_17_LV_NO,17,A.Abdullah,LV,16.2,17.08,RB
392,00-0032128,2024_02_SF_MIN,2,C.Conley,SF,0.9,0.98,WR
393,00-0032128,2024_04_NE_SF,4,C.Conley,SF,0.0,3.23,WR
394,00-0032128,2024_07_KC_SF,7,C.Conley,SF,0.0,4.56,WR
395,00-0032128,2024_08_DAL_SF,8,C.Conley,SF,0.0,1.75,WR
396,00-0032128,2024_12_SF_GB,12,C.Conley,SF,0.0,1.75,WR
397,00-0032128,2024_17_DET_SF,17,C.Conley,SF,1.8,0.98,WR
398,00-0032128,2024_18_SF_ARI,18,C.Conley,SF,7.9,5.45,WR
399,00-0032141,2024_08_BAL_CLE,8,G.Swaim,CLE,1.2,0.98,TE
400,00-0032211,2024_01_DEN_SEA,1,T.Lockett,SEA,10.7,8.82,WR
401,00-0032211,2024_02_SEA_NE,2,T.Lockett,SEA,2.5,2.3,WR
402,00-0032211,2024_03_MIA_SEA,3,T.Lockett,SEA,7.1,8.24,WR
403,00-0032211,2024_04_SEA_DET,4,T.Lockett,SEA,8.6,11.98,WR
404,00-0032211,2024_05_NYG_SEA,5,T.Lockett,SEA,9.5,8.02,WR
405,00-0032211,2024_06_SF_SEA,6,T.Lockett,SEA,14.5,13.66,WR
406,00-0032211,2024_07_SEA_ATL,7,T.Lockett,SEA,6.5,8.87,WR
407,00-0032211,2024_08_BUF_SEA,8,T.Lockett,SEA,1.4,2.83,WR
408,00-0032211,2024_09_LA_SEA,9,T.Lockett,SEA,13.8,5.85,WR
409,00-0032211,2024_11_SEA_SF,11,T.Lockett,SEA,2.9,3.44,WR
410,00-0032211,2024_12_ARI_SEA,12,T.Lockett,SEA,3.0,4.38,WR
411,00-0032211,2024_13_SEA_NYJ,13,T.Lockett,SEA,3.1,2.94,WR
412,00-0032211,2024_14_SEA_ARI,14,T.Lockett,SEA,0.0,2.52,WR
413,00-0032211,2024_15_GB_SEA,15,T.Lockett,SEA,2.7,1.47,WR
414,00-0032211,2024_16_MIN_SEA,16,T.Lockett,SEA,2.9,2.45,WR
415,00-0032211,2024_17_SEA_CHI,17,T.Lockett,SEA,3.5,4.8,WR
416,00-0032211,2024_18_SEA_LA,18,T.Lockett,SEA,3.8,5.08,WR
417,00-0032268,2024_05_CLE_WAS,5,M.Mariota,WAS,0.12,1.76,QB
418,00-0032268,2024_07_CAR_WAS,7,M.Mariota,WAS,19.8,17.31,QB
419,00-0032268,2024_18_WAS_DAL,18,M.Mariota,WAS,26.04,13.74,QB
420,00-0032268,2024_19_WAS_TB,19,M.Mariota,WAS,0.2,0.49,QB
422,00-0032385,2024_04_PHI_TB,4,S.Shepard,TB,6.6,6.22,WR
423,00-0032385,2024_05_TB_ATL,5,S.Shepard,TB,6.9,5.62,WR
424,00-0032385,2024_06_TB_NO,6,S.Shepard,TB,6.9,6.2,WR
425,00-0032385,2024_07_BAL_TB,7,S.Shepard,TB,4.0,3.26,WR
426,00-0032385,2024_08_ATL_TB,8,S.Shepard,TB,3.3,5.56,WR
427,00-0032385,2024_09_TB_KC,9,S.Shepard,TB,8.9,6.85,WR
428,00-0032385,2024_10_SF_TB,10,S.Shepard,TB,1.5,4.6,WR
429,00-0032385,2024_12_TB_NYG,12,S.Shepard,TB,4.1,8.03,WR
430,00-0032385,2024_13_TB_CAR,13,S.Shepard,TB,6.2,9.76,WR
431,00-0032385,2024_14_LV_TB,14,S.Shepard,TB,8.3,7.9,WR
432,00-0032385,2024_15_TB_LAC,15,S.Shepard,TB,2.1,1.9,WR
433,00-0032385,2024_16_TB_DAL,16,S.Shepard,TB,3.9,4.97,WR
434,00-0032385,2024_18_NO_TB,18,S.Shepard,TB,1.6,2.09,WR
435,00-0032392,2024_01_NE_CIN,1,A.Hooper,NE,4.1,4.19,TE
436,00-0032392,2024_02_SEA_NE,2,A.Hooper,NE,1.0,0.98,TE
437,00-0032392,2024_03_NE_NYJ,3,A.Hooper,NE,2.4,4.3,TE
438,00-0032392,2024_04_NE_SF,4,A.Hooper,NE,8.3,2.61,TE
439,00-0032392,2024_05_MIA_NE,5,A.Hooper,NE,1.4,4.02,TE
440,00-0032392,2024_06_HOU_NE,6,A.Hooper,NE,1.0,1.96,TE
441,00-0032392,2024_07_NE_JAX,7,A.Hooper,NE,5.2,5.4,TE
442,00-0032392,2024_08_NYJ_NE,8,A.Hooper,NE,3.0,4.99,TE
443,00-0032392,2024_09_NE_TEN,9,A.Hooper,NE,1.3,0.87,TE
444,00-0032392,2024_10_NE_CHI,10,A.Hooper,NE,7.9,4.48,TE
445,00-0032392,2024_11_LA_NE,11,A.Hooper,NE,5.5,3.7,TE
446,00-0032392,2024_12_NE_MIA,12,A.Hooper,NE,13.9,4.41,TE
447,00-0032392,2024_13_IND_NE,13,A.Hooper,NE,12.2,4.42,TE
448,00-0032392,2024_15_NE_ARI,15,A.Hooper,NE,5.3,3.44,TE
449,00-0032392,2024_16_NE_BUF,16,A.Hooper,NE,7.5,6.6,TE
450,00-0032392,2024_17_LAC_NE,17,A.Hooper,NE,3.4,2.94,TE
451,00-0032392,2024_18_BUF_NE,18,A.Hooper,NE,4.7,5.89,TE
452,00-0032394,2024_01_TEN_CHI,1,N.Vannett,TEN,2.1,1.74,TE
453,00-0032394,2024_03_GB_TEN,3,N.Vannett,TEN,7.9,3.66,TE
454,00-0032394,2024_07_TEN_BUF,7,N.Vannett,TEN,4.5,3.59,TE
455,00-0032394,2024_08_TEN_DET,8,N.Vannett,TEN,0.0,0.87,TE
456,00-0032394,2024_09_NE_TEN,9,N.Vannett,TEN,10.3,2.73,TE
457,00-0032394,2024_11_MIN_TEN,11,N.Vannett,TEN,1.1,0.98,TE
458,00-0032394,2024_12_TEN_HOU,12,N.Vannett,TEN,0.0,0.87,TE
459,00-0032394,2024_13_TEN_WAS,13,N.Vannett,TEN,1.1,0.87,TE
460,00-0032394,2024_14_JAX_TEN,14,N.Vannett,TEN,0.9,4.02,TE
461,00-0032394,2024_15_CIN_TEN,15,N.Vannett,TEN,1.2,0.98,TE
462,00-0032394,2024_17_TEN_JAX,17,N.Vannett,TEN,7.3,1.6,TE
463,00-0032394,2024_18_HOU_TEN,18,N.Vannett,TEN,3.6,1.85,TE
465,00-0032434,2024_12_SF_GB,12,B.Allen,SF,11.56,13.58,QB
466,00-0032434,2024_14_CHI_SF,14,B.Allen,SF,0.0,0.64,QB
467,00-0032464,2024_01_LA_DET,1,K.Raymond,DET,1.2,0.49,WR
468,00-0032464,2024_02_TB_DET,2,K.Raymond,DET,4.2,4.3,WR
469,00-0032464,2024_04_SEA_DET,4,K.Raymond,DET,1.4,0.87,WR
470,00-0032464,2024_06_DET_DAL,6,K.Raymond,DET,9.3,8.48,WR
471,00-0032464,2024_07_DET_MIN,7,K.Raymond,DET,11.4,5.19,WR
472,00-0032464,2024_08_TEN_DET,8,K.Raymond,DET,8.4,2.49,WR
473,00-0032464,2024_09_DET_GB,9,K.Raymond,DET,0.5,1.36,WR
474,00-0032464,2024_11_JAX_DET,11,K.Raymond,DET,4.0,2.93,WR
475,00-0032464,2024_12_DET_IND,12,K.Raymond,DET,0.0,1.95,WR
476,00-0032464,2024_18_MIN_DET,18,K.Raymond,DET,1.6,0.98,WR
477,00-0032688,2024_02_BUF_MIA,2,R.Chosen,MIA,1.0,6.77,WR
478,00-0032764,2024_01_BAL_KC,1,D.Henry,BAL,10.6,9.12,RB
479,00-0032764,2024_02_LV_BAL,2,D.Henry,BAL,16.1,12.75,RB
480,00-0032764,2024_03_BAL_DAL,3,D.Henry,BAL,29.9,18.61,RB
481,00-0032764,2024_04_BUF_BAL,4,D.Henry,BAL,40.4,24.5,RB
482,00-0032764,2024_05_BAL_CIN,5,D.Henry,BAL,16.1,13.45,RB
483,00-0032764,2024_06_WAS_BAL,6,D.Henry,BAL,25.2,14.64,RB
484,00-0032764,2024_07_BAL_TB,7,D.Henry,BAL,24.7,9.41,RB
485,00-0032764,2024_08_BAL_CLE,8,D.Henry,BAL,14.2,8.82,RB
486,00-0032764,2024_09_DEN_BAL,9,D.Henry,BAL,25.8,14.35,RB
487,00-0032764,2024_10_CIN_BAL,10,D.Henry,BAL,13.6,12.9,RB
488,00-0032764,2024_11_BAL_PIT,11,D.Henry,BAL,11.5,11.24,RB
489,00-0032764,2024_12_BAL_LAC,12,D.Henry,BAL,14.0,12.36,RB
490,00-0032764,2024_13_PHI_BAL,13,D.Henry,BAL,12.6,12.2,RB
491,00-0032764,2024_15_BAL_NYG,15,D.Henry,BAL,6.7,9.17,RB
492,00-0032764,2024_16_PIT_BAL,16,D.Henry,BAL,19.9,15.33,RB
493,00-0032764,2024_17_BAL_HOU,17,D.Henry,BAL,23.5,19.71,RB
494,00-0032764,2024_18_CLE_BAL,18,D.Henry,BAL,29.1,16.68,RB
495,00-0032764,2024_19_PIT_BAL,19,D.Henry,BAL,30.6,13.36,RB
496,00-0032775,2024_01_LA_DET,1,D.Robinson,LA,6.2,9.11,WR
497,00-0032775,2024_02_LA_ARI,2,D.Robinson,LA,6.0,6.05,WR
498,00-0032775,2024_03_SF_LA,3,D.Robinson,LA,3.7,5.55,WR
499,00-0032775,2024_04_LA_CHI,4,D.Robinson,LA,4.7,5.43,WR
500,00-0032775,2024_05_GB_LA,5,D.Robinson,LA,10.3,9.03,WR
501,00-0032775,2024_07_LV_LA,7,D.Robinson,LA,1.4,3.87,WR
502,00-0032775,2024_08_MIN_LA,8,D.Robinson,LA,16.5,5.94,WR
503,00-0032775,2024_09_LA_SEA,9,D.Robinson,LA,24.4,14.35,WR
504,00-0032775,2024_10_MIA_LA,10,D.Robinson,LA,2.8,8.56,WR
505,00-0032775,2024_11_LA_NE,11,D.Robinson,LA,2.9,4.31,WR
506,00-0032775,2024_12_PHI_LA,12,D.Robinson,LA,8.5,5.62,WR
507,00-0032775,2024_13_LA_NO,13,D.Robinson,LA,11.9,5.64,WR
508,00-0032775,2024_14_BUF_LA,14,D.Robinson,LA,0.0,1.65,WR
509,00-0032775,2024_15_LA_SF,15,D.Robinson,LA,0.0,1.06,WR
510,00-0032775,2024_16_LA_NYJ,16,D.Robinson,LA,0.0,1.52,WR
511,00-0032775,2024_17_ARI_LA,17,D.Robinson,LA,0.0,2.37,WR
512,00-0032775,2024_18_SEA_LA,18,D.Robinson,LA,8.7,8.59,WR
513,00-0032918,2024_01_MIN_NYG,1,C.Ham,MIN,2.1,1.96,RB
514,00-0032918,2024_05_NYJ_MIN,5,C.Ham,MIN,7.0,2.83,RB
515,00-0032918,2024_12_MIN_CHI,12,C.Ham,MIN,0.0,0.87,RB
516,00-0032918,2024_16_MIN_SEA,16,C.Ham,MIN,1.4,0.87,RB
517,00-0032918,2024_17_GB_MIN,17,C.Ham,MIN,2.5,1.96,RB
520,00-0032950,2024_15_KC_CLE,15,C.Wentz,KC,1.0,1.31,QB
521,00-0032950,2024_18_KC_DEN,18,C.Wentz,KC,3.92,6.46,QB
522,00-0033009,2024_01_TEN_CHI,1,T.Boyd,TEN,3.3,5.28,WR
523,00-0033009,2024_02_NYJ_TEN,2,T.Boyd,TEN,3.6,5.71,WR
524,00-0033009,2024_03_GB_TEN,3,T.Boyd,TEN,4.8,4.02,WR
525,00-0033009,2024_04_TEN_MIA,4,T.Boyd,TEN,4.1,2.34,WR
526,00-0033009,2024_06_IND_TEN,6,T.Boyd,TEN,3.4,2.72,WR
527,00-0033009,2024_07_TEN_BUF,7,T.Boyd,TEN,6.8,4.87,WR
528,00-0033009,2024_08_TEN_DET,8,T.Boyd,TEN,2.9,8.59,WR
529,00-0033009,2024_09_NE_TEN,9,T.Boyd,TEN,0.3,0.49,WR
530,00-0033009,2024_11_MIN_TEN,11,T.Boyd,TEN,4.4,3.43,WR
531,00-0033009,2024_12_TEN_HOU,12,T.Boyd,TEN,8.5,6.84,WR
532,00-0033009,2024_13_TEN_WAS,13,T.Boyd,TEN,5.2,6.38,WR
533,00-0033009,2024_14_JAX_TEN,14,T.Boyd,TEN,1.2,6.59,WR
534,00-0033009,2024_15_CIN_TEN,15,T.Boyd,TEN,4.9,2.83,WR
535,00-0033009,2024_16_TEN_IND,16,T.Boyd,TEN,3.0,2.94,WR
536,00-0033009,2024_17_TEN_JAX,17,T.Boyd,TEN,2.4,3.97,WR
537,00-0033040,2024_01_JAX_MIA,1,T.Hill,MIA,22.5,15.27,WR
538,00-0033040,2024_02_BUF_MIA,2,T.Hill,MIA,5.1,7.63,WR
539,00-0033040,2024_03_MIA_SEA,3,T.Hill,MIA,5.5,5.66,WR
540,00-0033040,2024_04_TEN_MIA,4,T.Hill,MIA,6.2,12.22,WR
541,00-0033040,2024_05_MIA_NE,5,T.Hill,MIA,9.9,12.69,WR
542,00-0033040,2024_07_MIA_IND,7,T.Hill,MIA,1.8,2.95,WR
543,00-0033040,2024_08_ARI_MIA,8,T.Hill,MIA,10.2,12.02,WR
544,00-0033040,2024_09_MIA_BUF,9,T.Hill,MIA,10.0,6.44,WR
545,00-0033040,2024_10_MIA_LA,10,T.Hill,MIA,10.2,7.2,WR
546,00-0033040,2024_11_LV_MIA,11,T.Hill,MIA,15.6,12.59,WR
547,00-0033040,2024_12_NE_MIA,12,T.Hill,MIA,7.3,8.37,WR
548,00-0033040,2024_13_MIA_GB,13,T.Hill,MIA,17.3,13.08,WR
549,00-0033040,2024_14_NYJ_MIA,14,T.Hill,MIA,23.1,20.79,WR
550,00-0033040,2024_15_MIA_HOU,15,T.Hill,MIA,4.6,9.96,WR
551,00-0033040,2024_16_SF_MIA,16,T.Hill,MIA,10.4,14.34,WR
552,00-0033040,2024_17_MIA_CLE,17,T.Hill,MIA,15.0,11.52,WR
553,00-0033040,2024_18_MIA_NYJ,18,T.Hill,MIA,3.0,5.02,WR
554,00-0033045,2024_01_DAL_CLE,1,E.Elliott,DAL,11.9,8.58,RB
555,00-0033045,2024_02_NO_DAL,2,E.Elliott,DAL,4.2,6.53,RB
556,00-0033045,2024_03_BAL_DAL,3,E.Elliott,DAL,1.7,3.22,RB
557,00-0033045,2024_04_DAL_NYG,4,E.Elliott,DAL,2.9,3.45,RB
558,00-0033045,2024_05_DAL_PIT,5,E.Elliott,DAL,1.7,4.1,RB
559,00-0033045,2024_06_DET_DAL,6,E.Elliott,DAL,1.7,4.21,RB
560,00-0033045,2024_08_DAL_SF,8,E.Elliott,DAL,10.3,9.58,RB
561,00-0033045,2024_10_PHI_DAL,10,E.Elliott,DAL,1.2,3.93,RB
562,00-0033045,2024_11_HOU_DAL,11,E.Elliott,DAL,3.9,3.21,RB
563,00-0033045,2024_12_DAL_WAS,12,E.Elliott,DAL,0.6,1.48,RB
564,00-0033045,2024_13_NYG_DAL,13,E.Elliott,DAL,0.4,0.49,RB
565,00-0033045,2024_14_CIN_DAL,14,E.Elliott,DAL,1.1,2.44,RB
566,00-0033045,2024_15_DAL_CAR,15,E.Elliott,DAL,4.6,5.31,RB
567,00-0033045,2024_16_TB_DAL,16,E.Elliott,DAL,6.1,3.16,RB
568,00-0033045,2024_17_DAL_PHI,17,E.Elliott,DAL,0.2,2.31,RB
569,00-0033077,2024_01_DAL_CLE,1,D.Prescott,DAL,11.46,13.52,QB
570,00-0033077,2024_02_NO_DAL,2,D.Prescott,DAL,16.92,18.54,QB
571,00-0033077,2024_03_BAL_DAL,3,D.Prescott,DAL,28.86,29.48,QB
572,00-0033077,2024_04_DAL_NYG,4,D.Prescott,DAL,16.84,8.33,QB
573,00-0033077,2024_05_DAL_PIT,5,D.Prescott,DAL,22.38,21.07,QB
574,00-0033077,2024_06_DET_DAL,6,D.Prescott,DAL,6.22,14.83,QB
575,00-0033077,2024_08_DAL_SF,8,D.Prescott,DAL,17.72,17.29,QB
576,00-0033077,2024_09_DAL_ATL,9,D.Prescott,DAL,12.32,10.77,QB
577,00-0033090,2024_01_NE_CIN,1,H.Henry,NE,2.8,4.03,TE
578,00-0033090,2024_02_SEA_NE,2,H.Henry,NE,14.9,12.22,TE
579,00-0033090,2024_03_NE_NYJ,3,H.Henry,NE,1.9,2.72,TE
580,00-0033090,2024_04_NE_SF,4,H.Henry,NE,2.2,3.55,TE
581,00-0033090,2024_05_MIA_NE,5,H.Henry,NE,4.2,5.48,TE
582,00-0033090,2024_06_HOU_NE,6,H.Henry,NE,11.6,5.55,TE
583,00-0033090,2024_07_NE_JAX,7,H.Henry,NE,13.2,9.74,TE
584,00-0033090,2024_08_NYJ_NE,8,H.Henry,NE,7.0,5.96,TE
585,00-0033090,2024_09_NE_TEN,9,H.Henry,NE,9.1,9.37,TE
586,00-0033090,2024_10_NE_CHI,10,H.Henry,NE,1.9,5.06,TE
587,00-0033090,2024_11_LA_NE,11,H.Henry,NE,9.3,10.3,TE
588,00-0033090,2024_12_NE_MIA,12,H.Henry,NE,6.9,9.27,TE
589,00-0033090,2024_13_IND_NE,13,H.Henry,NE,11.0,10.84,TE
590,00-0033090,2024_15_NE_ARI,15,H.Henry,NE,4.5,3.81,TE
591,00-0033090,2024_16_NE_BUF,16,H.Henry,NE,11.9,12.07,TE
592,00-0033090,2024_17_LAC_NE,17,H.Henry,NE,0.0,2.48,TE
593,00-0033106,2024_01_LA_DET,1,J.Goff,DET,13.38,13.6,QB
594,00-0033106,2024_02_TB_DET,2,J.Goff,DET,12.78,22.97,QB
595,00-0033106,2024_03_DET_ARI,3,J.Goff,DET,16.76,10.13,QB
596,00-0033106,2024_04_SEA_DET,4,J.Goff,DET,26.88,9.88,QB
597,00-0033106,2024_06_DET_DAL,6,J.Goff,DET,25.2,17.8,QB
598,00-0033106,2024_07_DET_MIN,7,J.Goff,DET,19.2,10.25,QB
599,00-0033106,2024_08_TEN_DET,8,J.Goff,DET,15.5,10.37,QB
600,00-0033106,2024_09_DET_GB,9,J.Goff,DET,9.8,10.36,QB
601,00-0033106,2024_10_DET_HOU,10,J.Goff,DET,17.8,14.06,QB
602,00-0033106,2024_11_JAX_DET,11,J.Goff,DET,34.58,16.87,QB
603,00-0033106,2024_12_DET_IND,12,J.Goff,DET,10.86,15.68,QB
604,00-0033106,2024_13_CHI_DET,13,J.Goff,DET,15.94,22.27,QB
605,00-0033106,2024_14_GB_DET,14,J.Goff,DET,24.02,26.75,QB
606,00-0033106,2024_15_BUF_DET,15,J.Goff,DET,40.06,30.26,QB
607,00-0033106,2024_16_DET_CHI,16,J.Goff,DET,25.44,13.7,QB
608,00-0033106,2024_17_DET_SF,17,J.Goff,DET,26.12,19.02,QB
609,00-0033106,2024_18_MIN_DET,18,J.Goff,DET,13.24,11.84,QB
610,00-0033110,2024_16_LA_NYJ,16,T.Higbee,LA,7.6,2.4,TE
611,00-0033110,2024_17_ARI_LA,17,T.Higbee,LA,1.9,5.33,TE
612,00-0033110,2024_18_SEA_LA,18,T.Higbee,LA,13.1,7.93,TE
613,00-0033119,2024_01_NE_CIN,1,J.Brissett,NE,8.24,12.02,QB
614,00-0033119,2024_02_SEA_NE,2,J.Brissett,NE,10.56,13.99,QB
615,00-0033119,2024_03_NE_NYJ,3,J.Brissett,NE,3.92,8.81,QB
616,00-0033119,2024_04_NE_SF,4,J.Brissett,NE,11.02,14.02,QB
617,00-0033119,2024_05_MIA_NE,5,J.Brissett,NE,7.4,15.82,QB
618,00-0033119,2024_08_NYJ_NE,8,J.Brissett,NE,8.38,15.97,QB
619,00-0033119,2024_17_LAC_NE,17,J.Brissett,NE,-0.08,0.51,QB
620,00-0033217,2024_01_HOU_IND,1,M.Alie-Cox,IND,0.0,2.2,TE
621,00-0033217,2024_02_IND_GB,2,M.Alie-Cox,IND,2.7,1.43,TE
622,00-0033217,2024_03_CHI_IND,3,M.Alie-Cox,IND,0.0,1.05,TE
623,00-0033217,2024_05_IND_JAX,5,M.Alie-Cox,IND,10.7,7.19,TE
624,00-0033217,2024_06_IND_TEN,6,M.Alie-Cox,IND,6.1,4.31,TE
625,00-0033217,2024_07_MIA_IND,7,M.Alie-Cox,IND,0.0,0.98,TE
626,00-0033217,2024_08_IND_HOU,8,M.Alie-Cox,IND,0.0,1.47,TE
627,00-0033217,2024_11_IND_NYJ,11,M.Alie-Cox,IND,2.7,4.61,TE
628,00-0033217,2024_13_IND_NE,13,M.Alie-Cox,IND,2.5,1.96,TE
629,00-0033217,2024_16_TEN_IND,16,M.Alie-Cox,IND,2.0,1.96,TE
630,00-0033217,2024_17_IND_NYG,17,M.Alie-Cox,IND,0.0,1.47,TE
631,00-0033217,2024_18_JAX_IND,18,M.Alie-Cox,IND,0.0,2.3,TE
632,00-0033246,2024_01_MIN_NYG,1,J.Mundt,MIN,2.5,2.94,TE
633,00-0033246,2024_02_SF_MIN,2,J.Mundt,MIN,2.2,2.94,TE
634,00-0033246,2024_03_HOU_MIN,3,J.Mundt,MIN,6.7,5.62,TE
635,00-0033246,2024_04_MIN_GB,4,J.Mundt,MIN,2.5,1.96,TE
636,00-0033246,2024_05_NYJ_MIN,5,J.Mundt,MIN,4.1,2.46,TE
637,00-0033246,2024_07_DET_MIN,7,J.Mundt,MIN,2.8,4.68,TE
638,00-0033246,2024_08_MIN_LA,8,J.Mundt,MIN,1.5,2.48,TE
639,00-0033246,2024_09_IND_MIN,9,J.Mundt,MIN,0.0,2.53,TE
640,00-0033246,2024_11_MIN_TEN,11,J.Mundt,MIN,1.8,0.87,TE
641,00-0033246,2024_12_MIN_CHI,12,J.Mundt,MIN,1.2,1.6,TE
642,00-0033246,2024_13_ARI_MIN,13,J.Mundt,MIN,9.2,3.86,TE
643,00-0033246,2024_15_CHI_MIN,15,J.Mundt,MIN,0.0,0.87,TE
644,00-0033246,2024_17_GB_MIN,17,J.Mundt,MIN,1.2,0.98,TE
645,00-0033280,2024_10_SF_TB,10,C.McCaffrey,SF,13.7,14.46,RB
646,00-0033280,2024_11_SEA_SF,11,C.McCaffrey,SF,12.6,14.89,RB
647,00-0033280,2024_12_SF_GB,12,C.McCaffrey,SF,8.3,10.97,RB
648,00-0033280,2024_13_SF_BUF,13,C.McCaffrey,SF,7.7,6.17,RB
649,00-0033282,2024_01_ARI_BUF,1,C.Samuel,BUF,2.5,1.85,WR
650,00-0033282,2024_02_BUF_MIA,2,C.Samuel,BUF,0.8,3.75,WR
651,00-0033282,2024_03_JAX_BUF,3,C.Samuel,BUF,3.7,3.77,WR
652,00-0033282,2024_04_BUF_BAL,4,C.Samuel,BUF,2.5,2.46,WR
653,00-0033282,2024_05_BUF_HOU,5,C.Samuel,BUF,0.4,6.78,WR
654,00-0033282,2024_06_BUF_NYJ,6,C.Samuel,BUF,5.9,6.47,WR
655,00-0033282,2024_07_TEN_BUF,7,C.Samuel,BUF,0.0,0.98,WR
656,00-0033282,2024_09_MIA_BUF,9,C.Samuel,BUF,0.0,0.98,WR
657,00-0033282,2024_10_BUF_IND,10,C.Samuel,BUF,5.5,10.21,WR
658,00-0033282,2024_11_KC_BUF,11,C.Samuel,BUF,14.3,6.77,WR
659,00-0033282,2024_13_SF_BUF,13,C.Samuel,BUF,0.7,0.49,WR
660,00-0033282,2024_14_BUF_LA,14,C.Samuel,BUF,2.6,3.33,WR
661,00-0033282,2024_15_BUF_DET,15,C.Samuel,BUF,0.6,2.49,WR
662,00-0033282,2024_18_BUF_NE,18,C.Samuel,BUF,8.7,7.29,WR
663,00-0033282,2024_19_DEN_BUF,19,C.Samuel,BUF,14.3,3.8,WR
664,00-0033288,2024_01_NYJ_SF,1,G.Kittle,SF,6.0,5.67,TE
665,00-0033288,2024_02_SF_MIN,2,G.Kittle,SF,17.1,9.42,TE
666,00-0033288,2024_04_NE_SF,4,G.Kittle,SF,12.5,6.65,TE
667,00-0033288,2024_05_ARI_SF,5,G.Kittle,SF,16.4,18.38,TE
668,00-0033288,2024_06_SF_SEA,6,G.Kittle,SF,20.3,10.8,TE
669,00-0033288,2024_07_KC_SF,7,G.Kittle,SF,12.2,9.06,TE
670,00-0033288,2024_08_DAL_SF,8,G.Kittle,SF,21.8,11.76,TE
671,00-0033288,2024_10_SF_TB,10,G.Kittle,SF,13.2,8.14,TE
672,00-0033288,2024_12_SF_GB,12,G.Kittle,SF,17.2,9.49,TE
673,00-0033288,2024_13_SF_BUF,13,G.Kittle,SF,1.2,1.85,TE
674,00-0033288,2024_14_CHI_SF,14,G.Kittle,SF,18.1,6.65,TE
675,00-0033288,2024_15_LA_SF,15,G.Kittle,SF,8.1,9.07,TE
676,00-0033288,2024_16_SF_MIA,16,G.Kittle,SF,14.6,11.57,TE
677,00-0033288,2024_17_DET_SF,17,G.Kittle,SF,15.2,8.74,TE
678,00-0033288,2024_18_SF_ARI,18,G.Kittle,SF,3.7,4.36,TE
679,00-0033292,2024_18_SF_ARI,18,T.Taylor,SF,1.6,0.98,WR
680,00-0033293,2024_01_MIN_NYG,1,A.Jones,MIN,17.9,11.72,RB
681,00-0033293,2024_02_SF_MIN,2,A.Jones,MIN,9.3,11.82,RB
682,00-0033293,2024_03_HOU_MIN,3,A.Jones,MIN,23.3,23.59,RB
683,00-0033293,2024_04_MIN_GB,4,A.Jones,MIN,15.9,21.68,RB
684,00-0033293,2024_05_NYJ_MIN,5,A.Jones,MIN,5.8,4.93,RB
685,00-0033293,2024_07_DET_MIN,7,A.Jones,MIN,19.1,10.12,RB
686,00-0033293,2024_08_MIN_LA,8,A.Jones,MIN,10.5,13.94,RB
687,00-0033293,2024_09_IND_MIN,9,A.Jones,MIN,10.2,18.07,RB
688,00-0033293,2024_10_MIN_JAX,10,A.Jones,MIN,11.1,12.08,RB
689,00-0033293,2024_11_MIN_TEN,11,A.Jones,MIN,4.8,11.1,RB
690,00-0033293,2024_12_MIN_CHI,12,A.Jones,MIN,19.4,22.89,RB
691,00-0033293,2024_13_ARI_MIN,13,A.Jones,MIN,10.3,8.47,RB
692,00-0033293,2024_14_ATL_MIN,14,A.Jones,MIN,15.4,8.27,RB
693,00-0033293,2024_15_CHI_MIN,15,A.Jones,MIN,17.6,14.44,RB
694,00-0033293,2024_16_MIN_SEA,16,A.Jones,MIN,10.8,13.8,RB
695,00-0033293,2024_17_GB_MIN,17,A.Jones,MIN,9.7,11.19,RB
696,00-0033293,2024_18_MIN_DET,18,A.Jones,MIN,10.0,11.04,RB
697,00-0033307,2024_05_MIA_NE,5,K.Bourne,NE,1.1,0.87,WR
698,00-0033307,2024_06_HOU_NE,6,K.Bourne,NE,1.9,1.85,WR
699,00-0033307,2024_07_NE_JAX,7,K.Bourne,NE,1.9,2.46,WR
700,00-0033307,2024_08_NYJ_NE,8,K.Bourne,NE,0.0,4.71,WR
701,00-0033307,2024_09_NE_TEN,9,K.Bourne,NE,6.1,7.49,WR
702,00-0033307,2024_11_LA_NE,11,K.Bourne,NE,15.5,6.72,WR
703,00-0033307,2024_12_NE_MIA,12,K.Bourne,NE,4.5,5.65,WR
704,00-0033307,2024_13_IND_NE,13,K.Bourne,NE,6.0,3.88,WR
705,00-0033307,2024_15_NE_ARI,15,K.Bourne,NE,5.9,3.32,WR
706,00-0033307,2024_16_NE_BUF,16,K.Bourne,NE,2.8,1.96,WR
707,00-0033307,2024_17_LAC_NE,17,K.Bourne,NE,3.2,4.64,WR
708,00-0033307,2024_18_BUF_NE,18,K.Bourne,NE,2.2,1.96,WR
709,00-0033319,2024_05_NYJ_MIN,5,N.Mullens,MIN,0.96,0.62,QB
710,00-0033319,2024_12_MIN_CHI,12,N.Mullens,MIN,0.56,0.26,QB
711,00-0033357,2024_01_CAR_NO,1,T.Hill,NO,4.1,6.14,QB
712,00-0033357,2024_02_NO_DAL,2,T.Hill,NO,2.4,2.35,QB
713,00-0033357,2024_04_NO_ATL,4,T.Hill,NO,14.4,5.9,QB
714,00-0033357,2024_08_NO_LAC,8,T.Hill,NO,5.22,6.16,QB
715,00-0033357,2024_09_NO_CAR,9,T.Hill,NO,14.0,8.48,QB
716,00-0033357,2024_10_ATL_NO,10,T.Hill,NO,6.0,4.36,QB
717,00-0033357,2024_11_CLE_NO,11,T.Hill,NO,41.52,15.82,QB
718,00-0033357,2024_13_LA_NO,13,T.Hill,NO,7.2,9.34,QB
719,00-0033375,2024_02_TB_DET,2,T.Patrick,DET,2.2,4.79,WR
720,00-0033375,2024_03_DET_ARI,3,T.Patrick,DET,1.3,0.98,WR
721,00-0033375,2024_04_SEA_DET,4,T.Patrick,DET,6.2,2.67,WR
722,00-0033375,2024_06_DET_DAL,6,T.Patrick,DET,8.3,5.32,WR
723,00-0033375,2024_07_DET_MIN,7,T.Patrick,DET,3.5,2.81,WR
724,00-0033375,2024_08_TEN_DET,8,T.Patrick,DET,0.0,1.92,WR
725,00-0033375,2024_09_DET_GB,9,T.Patrick,DET,2.2,1.96,WR
726,00-0033375,2024_11_JAX_DET,11,T.Patrick,DET,4.1,4.9,WR
727,00-0033375,2024_12_DET_IND,12,T.Patrick,DET,7.5,5.41,WR
728,00-0033375,2024_13_CHI_DET,13,T.Patrick,DET,5.8,5.55,WR
729,00-0033375,2024_14_GB_DET,14,T.Patrick,DET,19.3,12.53,WR
730,00-0033375,2024_15_BUF_DET,15,T.Patrick,DET,11.0,13.21,WR
731,00-0033375,2024_16_DET_CHI,16,T.Patrick,DET,0.0,1.95,WR
732,00-0033375,2024_17_DET_SF,17,T.Patrick,DET,2.0,1.51,WR
733,00-0033375,2024_18_MIN_DET,18,T.Patrick,DET,2.5,1.96,WR
734,00-0033376,2024_02_LV_BAL,2,P.Ricard,BAL,0.0,0.87,RB
735,00-0033376,2024_07_BAL_TB,7,P.Ricard,BAL,0.0,0.98,RB
736,00-0033376,2024_09_DEN_BAL,9,P.Ricard,BAL,6.8,1.62,RB
737,00-0033376,2024_11_BAL_PIT,11,P.Ricard,BAL,1.0,0.98,RB
738,00-0033376,2024_18_CLE_BAL,18,P.Ricard,BAL,1.9,0.98,RB
739,00-0033439,2024_03_MIA_SEA,3,P.Brown,SEA,1.4,1.96,TE
740,00-0033439,2024_04_SEA_DET,4,P.Brown,SEA,0.8,1.85,TE
741,00-0033439,2024_05_NYG_SEA,5,P.Brown,SEA,1.2,0.98,TE
742,00-0033439,2024_12_ARI_SEA,12,P.Brown,SEA,2.9,1.96,TE
743,00-0033439,2024_13_SEA_NYJ,13,P.Brown,SEA,0.0,0.98,TE
744,00-0033439,2024_14_SEA_ARI,14,P.Brown,SEA,1.1,4.19,TE
745,00-0033439,2024_16_MIN_SEA,16,P.Brown,SEA,2.2,1.47,TE
746,00-0033439,2024_17_SEA_CHI,17,P.Brown,SEA,0.9,0.87,TE
747,00-0033460,2024_04_PHI_TB,4,J.Ross,PHI,1.1,3.18,WR
748,00-0033526,2024_01_BAL_KC,1,S.Perine,KC,1.5,1.74,RB
749,00-0033526,2024_02_CIN_KC,2,S.Perine,KC,0.8,0.87,RB
750,00-0033526,2024_03_KC_ATL,3,S.Perine,KC,5.5,6.55,RB
751,00-0033526,2024_04_KC_LAC,4,S.Perine,KC,7.4,4.36,RB
752,00-0033526,2024_05_NO_KC,5,S.Perine,KC,1.4,3.4,RB
753,00-0033526,2024_07_KC_SF,7,S.Perine,KC,3.3,1.97,RB
754,00-0033526,2024_08_KC_LV,8,S.Perine,KC,4.0,2.01,RB
755,00-0033526,2024_09_TB_KC,9,S.Perine,KC,11.5,6.71,RB
756,00-0033526,2024_10_DEN_KC,10,S.Perine,KC,4.7,2.53,RB
757,00-0033526,2024_11_KC_BUF,11,S.Perine,KC,1.8,4.34,RB
758,00-0033526,2024_12_KC_CAR,12,S.Perine,KC,3.4,2.23,RB
759,00-0033526,2024_13_LV_KC,13,S.Perine,KC,1.0,0.87,RB
760,00-0033526,2024_14_LAC_KC,14,S.Perine,KC,2.4,2.55,RB
761,00-0033526,2024_15_KC_CLE,15,S.Perine,KC,3.9,1.36,RB
762,00-0033526,2024_16_HOU_KC,16,S.Perine,KC,6.5,2.72,RB
763,00-0033526,2024_17_KC_PIT,17,S.Perine,KC,3.9,3.54,RB
764,00-0033526,2024_18_KC_DEN,18,S.Perine,KC,1.9,1.36,RB
765,00-0033536,2024_02_NYJ_TEN,2,M.Williams,NYJ,2.4,1.47,WR
766,00-0033536,2024_03_NE_NYJ,3,M.Williams,NYJ,4.9,7.0,WR
767,00-0033536,2024_04_DEN_NYJ,4,M.Williams,NYJ,8.7,6.88,WR
768,00-0033536,2024_05_NYJ_MIN,5,M.Williams,NYJ,3.5,5.39,WR
769,00-0033536,2024_06_BUF_NYJ,6,M.Williams,NYJ,0.0,3.94,WR
770,00-0033536,2024_07_NYJ_PIT,7,M.Williams,NYJ,2.0,3.37,WR
771,00-0033536,2024_08_NYJ_NE,8,M.Williams,NYJ,0.0,1.51,WR
772,00-0033536,2024_09_HOU_NYJ,9,M.Williams,NYJ,1.1,2.46,WR
773,00-0033536,2024_10_PIT_WAS,10,M.Williams,PIT,9.7,2.62,WR
774,00-0033536,2024_14_CLE_PIT,14,M.Williams,PIT,5.1,5.31,WR
775,00-0033536,2024_15_PIT_PHI,15,M.Williams,PIT,2.0,2.48,WR
776,00-0033536,2024_16_PIT_BAL,16,M.Williams,PIT,3.9,2.94,WR
777,00-0033536,2024_17_KC_PIT,17,M.Williams,PIT,0.0,2.95,WR
778,00-0033536,2024_18_CIN_PIT,18,M.Williams,PIT,3.0,1.48,WR
779,00-0033536,2024_19_PIT_BAL,19,M.Williams,PIT,4.2,2.46,WR
780,00-0033537,2024_01_DAL_CLE,1,D.Watson,CLE,14.66,24.22,QB
781,00-0033537,2024_02_CLE_JAX,2,D.Watson,CLE,15.44,17.34,QB
782,00-0033537,2024_03_NYG_CLE,3,D.Watson,CLE,19.54,19.05,QB
783,00-0033537,2024_04_CLE_LV,4,D.Watson,CLE,14.24,18.93,QB
784,00-0033537,2024_05_CLE_WAS,5,D.Watson,CLE,10.4,17.84,QB
785,00-0033537,2024_06_CLE_PHI,6,D.Watson,CLE,8.42,14.09,QB
786,00-0033537,2024_07_CIN_CLE,7,D.Watson,CLE,5.12,7.28,QB
787,00-0033553,2024_01_ARI_BUF,1,J.Conner,ARI,17.8,16.6,RB
788,00-0033553,2024_02_LA_ARI,2,J.Conner,ARI,24.9,12.74,RB
789,00-0033553,2024_03_DET_ARI,3,J.Conner,ARI,3.0,5.31,RB
790,00-0033553,2024_04_WAS_ARI,4,J.Conner,ARI,17.8,13.03,RB
791,00-0033553,2024_05_ARI_SF,5,J.Conner,ARI,13.0,15.26,RB
792,00-0033553,2024_06_ARI_GB,6,J.Conner,ARI,6.6,8.55,RB
793,00-0033553,2024_07_LAC_ARI,7,J.Conner,ARI,16.2,14.03,RB
794,00-0033553,2024_08_ARI_MIA,8,J.Conner,ARI,13.9,19.44,RB
795,00-0033553,2024_09_CHI_ARI,9,J.Conner,ARI,13.4,13.32,RB
796,00-0033553,2024_10_NYJ_ARI,10,J.Conner,ARI,19.8,20.28,RB
797,00-0033553,2024_12_ARI_SEA,12,J.Conner,ARI,7.4,8.14,RB
798,00-0033553,2024_13_ARI_MIN,13,J.Conner,ARI,9.6,11.97,RB
799,00-0033553,2024_14_SEA_ARI,14,J.Conner,ARI,20.2,15.56,RB
800,00-0033553,2024_15_NE_ARI,15,J.Conner,ARI,28.3,21.87,RB
801,00-0033553,2024_16_ARI_CAR,16,J.Conner,ARI,24.6,11.86,RB
802,00-0033553,2024_17_ARI_LA,17,J.Conner,ARI,1.8,4.75,RB
803,00-0033555,2024_01_ARI_BUF,1,M.Hollins,BUF,9.5,4.68,WR
804,00-0033555,2024_02_BUF_MIA,2,M.Hollins,BUF,0.0,0.87,WR
805,00-0033555,2024_03_JAX_BUF,3,M.Hollins,BUF,2.1,2.94,WR
806,00-0033555,2024_04_BUF_BAL,4,M.Hollins,BUF,1.0,7.84,WR
807,00-0033555,2024_05_BUF_HOU,5,M.Hollins,BUF,3.7,9.74,WR
808,00-0033555,2024_06_BUF_NYJ,6,M.Hollins,BUF,7.3,5.37,WR
809,00-0033555,2024_07_TEN_BUF,7,M.Hollins,BUF,0.0,1.95,WR
810,00-0033555,2024_09_MIA_BUF,9,M.Hollins,BUF,11.5,7.36,WR
811,00-0033555,2024_10_BUF_IND,10,M.Hollins,BUF,10.6,6.81,WR
812,00-0033555,2024_11_KC_BUF,11,M.Hollins,BUF,3.7,1.96,WR
813,00-0033555,2024_13_SF_BUF,13,M.Hollins,BUF,7.2,2.61,WR
814,00-0033555,2024_14_BUF_LA,14,M.Hollins,BUF,13.7,8.81,WR
815,00-0033555,2024_15_BUF_DET,15,M.Hollins,BUF,1.2,4.98,WR
816,00-0033555,2024_16_NE_BUF,16,M.Hollins,BUF,3.5,4.8,WR
817,00-0033555,2024_17_NYJ_BUF,17,M.Hollins,BUF,4.3,2.93,WR
818,00-0033555,2024_18_BUF_NE,18,M.Hollins,BUF,4.0,4.59,WR
819,00-0033555,2024_19_DEN_BUF,19,M.Hollins,BUF,2.4,4.56,WR
821,00-0033576,2024_01_NYJ_SF,1,E.Saubert,SF,0.0,1.85,TE
822,00-0033576,2024_02_SF_MIN,2,E.Saubert,SF,3.6,1.96,TE
823,00-0033576,2024_03_SF_LA,3,E.Saubert,SF,3.4,2.91,TE
824,00-0033576,2024_11_SEA_SF,11,E.Saubert,SF,1.2,0.98,TE
825,00-0033576,2024_12_SF_GB,12,E.Saubert,SF,0.0,0.98,TE
826,00-0033576,2024_14_CHI_SF,14,E.Saubert,SF,0.9,0.98,TE
827,00-0033576,2024_16_SF_MIA,16,E.Saubert,SF,6.7,3.33,TE
828,00-0033576,2024_18_SF_ARI,18,E.Saubert,SF,3.7,6.33,TE
829,00-0033589,2024_01_CAR_NO,1,D.Moore,CAR,1.9,4.58,WR
830,00-0033589,2024_02_LAC_CAR,2,D.Moore,CAR,0.0,0.98,WR
831,00-0033589,2024_05_CAR_CHI,5,D.Moore,CAR,2.3,2.94,WR
832,00-0033589,2024_06_ATL_CAR,6,D.Moore,CAR,2.7,1.96,WR
833,00-0033589,2024_08_CAR_DEN,8,D.Moore,CAR,5.9,5.46,WR
834,00-0033589,2024_09_NO_CAR,9,D.Moore,CAR,3.0,4.97,WR
835,00-0033589,2024_10_NYG_CAR,10,D.Moore,CAR,2.8,4.73,WR
836,00-0033589,2024_12_KC_CAR,12,D.Moore,CAR,17.1,18.93,WR
837,00-0033589,2024_13_TB_CAR,13,D.Moore,CAR,6.5,10.8,WR
838,00-0033589,2024_14_CAR_PHI,14,D.Moore,CAR,3.5,6.37,WR
839,00-0033589,2024_15_DAL_CAR,15,D.Moore,CAR,2.9,4.61,WR
840,00-0033589,2024_16_ARI_CAR,16,D.Moore,CAR,10.9,6.19,WR
841,00-0033589,2024_17_CAR_TB,17,D.Moore,CAR,2.2,1.47,WR
842,00-0033589,2024_18_CAR_ATL,18,D.Moore,CAR,7.4,4.54,WR
843,00-0033591,2024_02_NYG_WAS,2,N.Brown,WAS,7.1,3.98,WR
844,00-0033591,2024_03_WAS_CIN,3,N.Brown,WAS,4.4,4.42,WR
845,00-0033591,2024_04_WAS_ARI,4,N.Brown,WAS,4.1,4.22,WR
846,00-0033591,2024_06_WAS_BAL,6,N.Brown,WAS,7.8,11.97,WR
847,00-0033591,2024_07_CAR_WAS,7,N.Brown,WAS,2.1,1.95,WR
848,00-0033591,2024_08_CHI_WAS,8,N.Brown,WAS,14.8,10.22,WR
849,00-0033591,2024_09_WAS_NYG,9,N.Brown,WAS,8.5,7.82,WR
850,00-0033591,2024_10_PIT_WAS,10,N.Brown,WAS,4.8,8.14,WR
851,00-0033591,2024_11_WAS_PHI,11,N.Brown,WAS,0.9,5.72,WR
852,00-0033591,2024_12_DAL_WAS,12,N.Brown,WAS,10.1,11.86,WR
853,00-0033591,2024_13_TEN_WAS,13,N.Brown,WAS,4.2,4.89,WR
854,00-0033662,2024_02_NO_DAL,2,C.Rush,DAL,0.24,1.09,QB
855,00-0033662,2024_06_DET_DAL,6,C.Rush,DAL,1.04,7.11,QB
856,00-0033662,2024_09_DAL_ATL,9,C.Rush,DAL,11.0,15.43,QB
857,00-0033662,2024_10_PHI_DAL,10,C.Rush,DAL,1.0,10.79,QB
858,00-0033662,2024_11_HOU_DAL,11,C.Rush,DAL,18.36,22.59,QB
859,00-0033662,2024_12_DAL_WAS,12,C.Rush,DAL,17.98,14.45,QB
860,00-0033662,2024_13_NYG_DAL,13,C.Rush,DAL,12.1,19.05,QB
861,00-0033662,2024_14_CIN_DAL,14,C.Rush,DAL,15.82,14.71,QB
862,00-0033662,2024_15_DAL_CAR,15,C.Rush,DAL,20.16,14.19,QB
863,00-0033662,2024_16_TB_DAL,16,C.Rush,DAL,15.68,14.6,QB
864,00-0033662,2024_17_DAL_PHI,17,C.Rush,DAL,9.08,12.53,QB
865,00-0033699,2024_01_WAS_TB,1,A.Ekeler,WAS,8.2,5.16,RB
866,00-0033699,2024_02_NYG_WAS,2,A.Ekeler,WAS,10.0,7.64,RB
867,00-0033699,2024_03_WAS_CIN,3,A.Ekeler,WAS,12.7,3.65,RB
868,00-0033699,2024_05_CLE_WAS,5,A.Ekeler,WAS,10.7,5.52,RB
869,00-0033699,2024_06_WAS_BAL,6,A.Ekeler,WAS,8.8,12.04,RB
870,00-0033699,2024_07_CAR_WAS,7,A.Ekeler,WAS,3.0,4.99,RB
871,00-0033699,2024_08_CHI_WAS,8,A.Ekeler,WAS,6.8,6.51,RB
872,00-0033699,2024_09_WAS_NYG,9,A.Ekeler,WAS,15.8,14.79,RB
873,00-0033699,2024_10_PIT_WAS,10,A.Ekeler,WAS,17.6,15.64,RB
874,00-0033699,2024_11_WAS_PHI,11,A.Ekeler,WAS,13.6,9.15,RB
875,00-0033699,2024_12_DAL_WAS,12,A.Ekeler,WAS,3.4,7.05,RB
876,00-0033699,2024_18_WAS_DAL,18,A.Ekeler,WAS,4.2,3.33,RB
877,00-0033699,2024_19_WAS_TB,19,A.Ekeler,WAS,6.8,8.37,RB
878,00-0033854,2024_01_HOU_IND,1,D.Ogunbowale,HOU,0.8,0.98,RB
879,00-0033854,2024_02_CHI_HOU,2,D.Ogunbowale,HOU,3.3,2.95,RB
880,00-0033854,2024_03_HOU_MIN,3,D.Ogunbowale,HOU,3.8,1.74,RB
881,00-0033854,2024_04_JAX_HOU,4,D.Ogunbowale,HOU,13.4,7.68,RB
882,00-0033854,2024_05_BUF_HOU,5,D.Ogunbowale,HOU,11.7,13.93,RB
883,00-0033854,2024_06_HOU_NE,6,D.Ogunbowale,HOU,0.8,0.99,RB
884,00-0033854,2024_07_HOU_GB,7,D.Ogunbowale,HOU,0.6,2.0,RB
885,00-0033854,2024_08_IND_HOU,8,D.Ogunbowale,HOU,0.4,1.47,RB
886,00-0033854,2024_09_HOU_NYJ,9,D.Ogunbowale,HOU,-0.1,5.68,RB
887,00-0033854,2024_10_DET_HOU,10,D.Ogunbowale,HOU,1.1,0.49,RB
888,00-0033854,2024_11_HOU_DAL,11,D.Ogunbowale,HOU,1.6,0.87,RB
889,00-0033854,2024_15_MIA_HOU,15,D.Ogunbowale,HOU,3.5,0.49,RB
890,00-0033854,2024_16_HOU_KC,16,D.Ogunbowale,HOU,0.0,1.74,RB
891,00-0033854,2024_17_BAL_HOU,17,D.Ogunbowale,HOU,2.3,1.97,RB
892,00-0033854,2024_18_HOU_TEN,18,D.Ogunbowale,HOU,3.3,4.42,RB
893,00-0033854,2024_19_LAC_HOU,19,D.Ogunbowale,HOU,0.5,0.49,RB
894,00-0033857,2024_01_BAL_KC,1,J.Smith-Schuster,KC,0.0,2.83,WR
895,00-0033857,2024_03_KC_ATL,3,J.Smith-Schuster,KC,8.7,2.97,WR
896,00-0033857,2024_05_NO_KC,5,J.Smith-Schuster,KC,16.5,10.93,WR
897,00-0033857,2024_11_KC_BUF,11,J.Smith-Schuster,KC,1.3,0.89,WR
898,00-0033857,2024_12_KC_CAR,12,J.Smith-Schuster,KC,1.1,1.88,WR
899,00-0033857,2024_13_LV_KC,13,J.Smith-Schuster,KC,1.5,0.98,WR
900,00-0033857,2024_14_LAC_KC,14,J.Smith-Schuster,KC,4.1,2.68,WR
901,00-0033857,2024_15_KC_CLE,15,J.Smith-Schuster,KC,7.2,3.58,WR
902,00-0033857,2024_16_HOU_KC,16,J.Smith-Schuster,KC,0.0,0.98,WR
903,00-0033857,2024_17_KC_PIT,17,J.Smith-Schuster,KC,2.8,1.85,WR
904,00-0033857,2024_18_KC_DEN,18,J.Smith-Schuster,KC,0.9,1.96,WR
905,00-0033858,2024_01_JAX_MIA,1,J.Smith,MIA,1.2,1.85,TE
906,00-0033858,2024_02_BUF_MIA,2,J.Smith,MIA,8.3,7.25,TE
907,00-0033858,2024_03_MIA_SEA,3,J.Smith,MIA,2.8,2.9,TE
908,00-0033858,2024_04_TEN_MIA,4,J.Smith,MIA,0.0,0.87,TE
909,00-0033858,2024_05_MIA_NE,5,J.Smith,MIA,8.6,9.28,TE
910,00-0033858,2024_07_MIA_IND,7,J.Smith,MIA,19.1,7.89,TE
911,00-0033858,2024_08_ARI_MIA,8,J.Smith,MIA,4.0,6.34,TE
912,00-0033858,2024_09_MIA_BUF,9,J.Smith,MIA,7.1,7.15,TE
913,00-0033858,2024_10_MIA_LA,10,J.Smith,MIA,6.0,3.81,TE
914,00-0033858,2024_11_LV_MIA,11,J.Smith,MIA,25.1,13.11,TE
915,00-0033858,2024_12_NE_MIA,12,J.Smith,MIA,19.2,14.29,TE
916,00-0033858,2024_13_MIA_GB,13,J.Smith,MIA,16.3,12.41,TE
917,00-0033858,2024_14_NYJ_MIA,14,J.Smith,MIA,11.9,5.26,TE
918,00-0033858,2024_15_MIA_HOU,15,J.Smith,MIA,15.3,12.75,TE
919,00-0033858,2024_16_SF_MIA,16,J.Smith,MIA,9.2,5.66,TE
920,00-0033858,2024_17_MIA_CLE,17,J.Smith,MIA,10.1,4.46,TE
921,00-0033858,2024_18_MIA_NYJ,18,J.Smith,MIA,16.1,15.64,TE
923,00-0033869,2024_03_JAX_BUF,3,M.Trubisky,BUF,0.12,0.26,QB
924,00-0033869,2024_04_BUF_BAL,4,M.Trubisky,BUF,0.08,0.92,QB
925,00-0033869,2024_13_SF_BUF,13,M.Trubisky,BUF,0.16,0.75,QB
926,00-0033869,2024_17_NYJ_BUF,17,M.Trubisky,BUF,6.76,0.26,QB
927,00-0033869,2024_18_BUF_NE,18,M.Trubisky,BUF,9.24,11.55,QB
928,00-0033873,2024_01_BAL_KC,1,P.Mahomes,KC,16.74,13.62,QB
929,00-0033873,2024_02_CIN_KC,2,P.Mahomes,KC,16.94,16.26,QB
930,00-0033873,2024_03_KC_ATL,3,P.Mahomes,KC,19.68,19.56,QB
931,00-0033873,2024_04_KC_LAC,4,P.Mahomes,KC,15.3,12.67,QB
932,00-0033873,2024_05_NO_KC,5,P.Mahomes,KC,15.74,20.36,QB
933,00-0033873,2024_07_KC_SF,7,P.Mahomes,KC,16.26,16.81,QB
934,00-0033873,2024_08_KC_LV,8,P.Mahomes,KC,20.48,19.14,QB
935,00-0033873,2024_09_TB_KC,9,P.Mahomes,KC,23.54,23.31,QB
936,00-0033873,2024_10_DEN_KC,10,P.Mahomes,KC,16.54,26.58,QB
937,00-0033873,2024_11_KC_BUF,11,P.Mahomes,KC,19.84,16.2,QB
938,00-0033873,2024_12_KC_CAR,12,P.Mahomes,KC,28.76,24.63,QB
939,00-0033873,2024_13_LV_KC,13,P.Mahomes,KC,16.74,25.96,QB
940,00-0033873,2024_14_LAC_KC,14,P.Mahomes,KC,14.3,15.59,QB
941,00-0033873,2024_15_KC_CLE,15,P.Mahomes,KC,15.76,17.0,QB
942,00-0033873,2024_16_HOU_KC,16,P.Mahomes,KC,23.9,19.32,QB
943,00-0033873,2024_17_KC_PIT,17,P.Mahomes,KC,26.0,17.32,QB
944,00-0033881,2024_01_JAX_MIA,1,E.Engram,JAX,1.0,4.51,TE
945,00-0033881,2024_06_JAX_CHI,6,E.Engram,JAX,15.2,11.92,TE
946,00-0033881,2024_07_NE_JAX,7,E.Engram,JAX,6.0,4.68,TE
947,00-0033881,2024_08_GB_JAX,8,E.Engram,JAX,11.6,6.18,TE
948,00-0033881,2024_09_JAX_PHI,9,E.Engram,JAX,9.0,12.41,TE
949,00-0033881,2024_10_MIN_JAX,10,E.Engram,JAX,7.0,9.16,TE
950,00-0033881,2024_11_JAX_DET,11,E.Engram,JAX,5.3,7.85,TE
951,00-0033881,2024_13_HOU_JAX,13,E.Engram,JAX,7.6,10.61,TE
952,00-0033881,2024_14_JAX_TEN,14,E.Engram,JAX,5.3,5.67,TE
953,00-0033885,2024_01_DAL_CLE,1,D.Njoku,CLE,6.4,4.87,TE
954,00-0033885,2024_05_CLE_WAS,5,D.Njoku,CLE,1.9,3.32,TE
955,00-0033885,2024_06_CLE_PHI,6,D.Njoku,CLE,5.6,7.15,TE
956,00-0033885,2024_07_CIN_CLE,7,D.Njoku,CLE,18.6,17.96,TE
957,00-0033885,2024_08_BAL_CLE,8,D.Njoku,CLE,14.6,7.9,TE
958,00-0033885,2024_09_LAC_CLE,9,D.Njoku,CLE,5.4,6.87,TE
959,00-0033885,2024_11_CLE_NO,11,D.Njoku,CLE,14.6,10.23,TE
960,00-0033885,2024_12_PIT_CLE,12,D.Njoku,CLE,3.4,9.18,TE
961,00-0033885,2024_13_CLE_DEN,13,D.Njoku,CLE,21.7,22.69,TE
962,00-0033885,2024_14_CLE_PIT,14,D.Njoku,CLE,13.7,15.85,TE
963,00-0033885,2024_16_CLE_CIN,16,D.Njoku,CLE,10.6,11.57,TE
964,00-0033891,2024_07_LAC_ARI,7,Z.Jones,ARI,0.0,1.05,WR
965,00-0033891,2024_08_ARI_MIA,8,Z.Jones,ARI,0.8,0.87,WR
966,00-0033891,2024_14_SEA_ARI,14,Z.Jones,ARI,1.8,2.48,WR
967,00-0033891,2024_15_NE_ARI,15,Z.Jones,ARI,0.8,0.98,WR
968,00-0033891,2024_17_ARI_LA,17,Z.Jones,ARI,2.4,1.53,WR
969,00-0033891,2024_18_SF_ARI,18,Z.Jones,ARI,6.6,6.25,WR
970,00-0033893,2024_08_DAL_SF,8,D.Cook,DAL,2.7,3.94,RB
971,00-0033893,2024_09_DAL_ATL,9,D.Cook,DAL,0.8,0.99,RB
972,00-0033895,2024_01_TEN_CHI,1,G.Everett,CHI,0.4,0.87,TE
973,00-0033895,2024_02_CHI_HOU,2,G.Everett,CHI,1.1,2.72,TE
974,00-0033895,2024_03_CHI_IND,3,G.Everett,CHI,0.0,2.29,TE
975,00-0033895,2024_05_CAR_CHI,5,G.Everett,CHI,3.2,1.85,TE
976,00-0033895,2024_06_JAX_CHI,6,G.Everett,CHI,0.0,0.87,TE
977,00-0033895,2024_08_CHI_WAS,8,G.Everett,CHI,0.8,1.96,TE
978,00-0033895,2024_09_CHI_ARI,9,G.Everett,CHI,1.0,0.87,TE
979,00-0033895,2024_16_DET_CHI,16,G.Everett,CHI,1.1,0.98,TE
980,00-0033895,2024_17_SEA_CHI,17,G.Everett,CHI,0.0,2.15,TE
981,00-0033897,2024_01_HOU_IND,1,J.Mixon,HOU,25.3,24.33,RB
982,00-0033897,2024_02_CHI_HOU,2,J.Mixon,HOU,6.5,9.15,RB
983,00-0033897,2024_06_HOU_NE,6,J.Mixon,HOU,26.2,15.61,RB
984,00-0033897,2024_07_HOU_GB,7,J.Mixon,HOU,25.4,22.45,RB
985,00-0033897,2024_08_IND_HOU,8,J.Mixon,HOU,21.4,18.6,RB
986,00-0033897,2024_09_HOU_NYJ,9,J.Mixon,HOU,16.6,15.97,RB
987,00-0033897,2024_10_DET_HOU,10,J.Mixon,HOU,16.0,18.17,RB
988,00-0033897,2024_11_HOU_DAL,11,J.Mixon,HOU,34.3,24.85,RB
989,00-0033897,2024_12_TEN_HOU,12,J.Mixon,HOU,7.0,13.63,RB
990,00-0033897,2024_13_HOU_JAX,13,J.Mixon,HOU,19.9,16.36,RB
991,00-0033897,2024_15_MIA_HOU,15,J.Mixon,HOU,8.1,14.4,RB
992,00-0033897,2024_16_HOU_KC,16,J.Mixon,HOU,7.6,8.9,RB
993,00-0033897,2024_17_BAL_HOU,17,J.Mixon,HOU,4.9,9.91,RB
994,00-0033897,2024_18_HOU_TEN,18,J.Mixon,HOU,3.3,6.55,RB
995,00-0033897,2024_19_LAC_HOU,19,J.Mixon,HOU,17.4,14.86,RB
996,00-0033906,2024_01_CAR_NO,1,A.Kamara,NO,19.5,18.61,RB
997,00-0033906,2024_02_NO_DAL,2,A.Kamara,NO,43.0,14.64,RB
998,00-0033906,2024_03_PHI_NO,3,A.Kamara,NO,14.2,17.14,RB
999,00-0033906,2024_04_NO_ATL,4,A.Kamara,NO,21.4,23.08,RB
1000,00-0033906,2024_05_NO_KC,5,A.Kamara,NO,9.6,13.58,RB
1001,00-0033906,2024_06_TB_NO,6,A.Kamara,NO,14.9,16.19,RB
1002,00-0033906,2024_07_DEN_NO,7,A.Kamara,NO,5.4,9.76,RB
1003,00-0033906,2024_08_NO_LAC,8,A.Kamara,NO,15.2,15.06,RB
1004,00-0033906,2024_09_NO_CAR,9,A.Kamara,NO,24.5,22.69,RB
1005,00-0033906,2024_10_ATL_NO,10,A.Kamara,NO,13.4,19.38,RB
1006,00-0033906,2024_11_CLE_NO,11,A.Kamara,NO,10.9,15.65,RB
1007,00-0033906,2024_13_LA_NO,13,A.Kamara,NO,13.9,17.72,RB
1008,00-0033906,2024_14_NO_NYG,14,A.Kamara,NO,10.4,13.18,RB
1009,00-0033906,2024_15_WAS_NO,15,A.Kamara,NO,15.0,8.13,RB
1010,00-0033908,2024_01_LA_DET,1,C.Kupp,LA,25.0,27.36,WR
1011,00-0033908,2024_02_LA_ARI,2,C.Kupp,LA,5.7,6.27,WR
1012,00-0033908,2024_08_MIN_LA,8,C.Kupp,LA,13.6,10.76,WR
1013,00-0033908,2024_09_LA_SEA,9,C.Kupp,LA,15.9,15.33,WR
1014,00-0033908,2024_10_MIA_LA,10,C.Kupp,LA,11.5,8.39,WR
1015,00-0033908,2024_11_LA_NE,11,C.Kupp,LA,25.6,14.28,WR
1016,00-0033908,2024_12_PHI_LA,12,C.Kupp,LA,16.0,11.14,WR
1017,00-0033908,2024_13_LA_NO,13,C.Kupp,LA,3.2,7.46,WR
1018,00-0033908,2024_14_BUF_LA,14,C.Kupp,LA,17.7,11.92,WR
1019,00-0033908,2024_15_LA_SF,15,C.Kupp,LA,0.0,3.46,WR
1020,00-0033908,2024_16_LA_NYJ,16,C.Kupp,LA,3.9,3.12,WR
1021,00-0033908,2024_17_ARI_LA,17,C.Kupp,LA,3.4,3.46,WR
1022,00-0033921,2024_01_WAS_TB,1,C.Godwin,TB,18.3,8.27,WR
1023,00-0033921,2024_02_TB_DET,2,C.Godwin,TB,21.2,11.53,WR
1024,00-0033921,2024_03_DEN_TB,3,C.Godwin,TB,14.3,10.93,WR
1025,00-0033921,2024_04_PHI_TB,4,C.Godwin,TB,9.9,9.94,WR
1026,00-0033921,2024_05_TB_ATL,5,C.Godwin,TB,9.1,6.89,WR
1027,00-0033921,2024_06_TB_NO,6,C.Godwin,TB,30.0,14.91,WR
1028,00-0033921,2024_07_BAL_TB,7,C.Godwin,TB,10.0,10.25,WR
1029,00-0033923,2024_04_KC_LAC,4,K.Hunt,KC,9.5,9.66,RB
1030,00-0033923,2024_05_NO_KC,5,K.Hunt,KC,18.2,15.62,RB
1031,00-0033923,2024_07_KC_SF,7,K.Hunt,KC,21.3,24.23,RB
1032,00-0033923,2024_08_KC_LV,8,K.Hunt,KC,12.8,18.37,RB
1033,00-0033923,2024_09_TB_KC,9,K.Hunt,KC,18.2,21.36,RB
1034,00-0033923,2024_10_DEN_KC,10,K.Hunt,KC,13.5,20.82,RB
1035,00-0033923,2024_11_KC_BUF,11,K.Hunt,KC,6.0,11.96,RB
1036,00-0033923,2024_12_KC_CAR,12,K.Hunt,KC,10.2,14.82,RB
1037,00-0033923,2024_13_LV_KC,13,K.Hunt,KC,2.5,7.89,RB
1038,00-0033923,2024_14_LAC_KC,14,K.Hunt,KC,3.4,3.34,RB
1039,00-0033923,2024_15_KC_CLE,15,K.Hunt,KC,5.4,9.15,RB
1040,00-0033923,2024_16_HOU_KC,16,K.Hunt,KC,14.9,10.45,RB
1041,00-0033923,2024_17_KC_PIT,17,K.Hunt,KC,8.0,6.89,RB
1042,00-0033925,2024_02_CLE_JAX,2,D.Foreman,CLE,5.6,10.12,RB
1043,00-0033925,2024_03_NYG_CLE,3,D.Foreman,CLE,0.5,0.99,RB
1044,00-0033925,2024_04_CLE_LV,4,D.Foreman,CLE,1.2,6.8,RB
1045,00-0033925,2024_05_CLE_WAS,5,D.Foreman,CLE,6.5,5.78,RB
1046,00-0033925,2024_06_CLE_PHI,6,D.Foreman,CLE,5.7,6.89,RB
1047,00-0033925,2024_07_CIN_CLE,7,D.Foreman,CLE,0.5,0.99,RB
1048,00-0033925,2024_08_BAL_CLE,8,D.Foreman,CLE,2.6,2.47,RB
1049,00-0033925,2024_16_CLE_CIN,16,D.Foreman,CLE,-0.9,5.99,RB
1050,00-0033925,2024_17_MIA_CLE,17,D.Foreman,CLE,4.9,10.34,RB
1051,00-0033925,2024_18_CLE_BAL,18,D.Foreman,CLE,4.0,6.37,RB
1052,00-0033943,2024_01_DEN_SEA,1,J.Reynolds,DEN,7.0,8.87,WR
1053,00-0033943,2024_02_PIT_DEN,2,J.Reynolds,DEN,11.3,5.89,WR
1054,00-0033943,2024_03_DEN_TB,3,J.Reynolds,DEN,4.6,2.45,WR
1055,00-0033943,2024_04_DEN_NYJ,4,J.Reynolds,DEN,0.0,2.45,WR
1056,00-0033943,2024_05_LV_DEN,5,J.Reynolds,DEN,7.4,3.24,WR
1057,00-0033943,2024_15_NYJ_JAX,15,J.Reynolds,JAX,0.0,1.47,WR
1058,00-0033943,2024_16_JAX_LV,16,J.Reynolds,JAX,0.0,1.05,WR
1059,00-0033943,2024_18_JAX_IND,18,J.Reynolds,JAX,1.6,4.35,WR
1060,00-0033948,2024_01_CAR_NO,1,Ja.Williams,NO,11.6,6.57,RB
1061,00-0033948,2024_02_NO_DAL,2,Ja.Williams,NO,3.9,4.48,RB
1062,00-0033948,2024_03_PHI_NO,3,Ja.Williams,NO,0.4,4.93,RB
1063,00-0033948,2024_04_NO_ATL,4,Ja.Williams,NO,2.9,3.86,RB
1064,00-0033948,2024_05_NO_KC,5,Ja.Williams,NO,0.9,0.99,RB
1065,00-0033948,2024_06_TB_NO,6,Ja.Williams,NO,0.7,0.99,RB
1066,00-0033948,2024_07_DEN_NO,7,Ja.Williams,NO,1.7,1.48,RB
1067,00-0033948,2024_08_NO_LAC,8,Ja.Williams,NO,0.4,0.99,RB
1068,00-0033948,2024_13_LA_NO,13,Ja.Williams,NO,1.2,0.98,RB
1069,00-0033948,2024_14_NO_NYG,14,Ja.Williams,NO,2.5,3.44,RB
1070,00-0033948,2024_16_NO_GB,16,Ja.Williams,NO,0.8,1.48,RB
1071,00-0033948,2024_17_LV_NO,17,Ja.Williams,NO,2.9,1.97,RB
1072,00-0033948,2024_18_NO_TB,18,Ja.Williams,NO,2.7,7.29,RB
1073,00-0033949,2024_17_DET_SF,17,J.Dobbs,SF,8.1,4.37,QB
1074,00-0033949,2024_18_SF_ARI,18,J.Dobbs,SF,27.84,24.15,QB
1075,00-0033955,2024_03_WAS_CIN,3,J.McNichols,WAS,0.1,0.49,RB
1076,00-0033955,2024_04_WAS_ARI,4,J.McNichols,WAS,19.9,5.88,RB
1077,00-0033955,2024_05_CLE_WAS,5,J.McNichols,WAS,10.4,5.72,RB
1078,00-0033955,2024_06_WAS_BAL,6,J.McNichols,WAS,0.9,0.99,RB
1079,00-0033955,2024_07_CAR_WAS,7,J.McNichols,WAS,4.2,3.98,RB
1080,00-0033955,2024_08_CHI_WAS,8,J.McNichols,WAS,-0.1,0.49,RB
1081,00-0033955,2024_09_WAS_NYG,9,J.McNichols,WAS,2.0,5.0,RB
1082,00-0033955,2024_10_PIT_WAS,10,J.McNichols,WAS,6.7,5.12,RB
1083,00-0033955,2024_11_WAS_PHI,11,J.McNichols,WAS,1.1,2.46,RB
1084,00-0033955,2024_12_DAL_WAS,12,J.McNichols,WAS,2.2,2.01,RB
1085,00-0033955,2024_13_TEN_WAS,13,J.McNichols,WAS,3.2,3.49,RB
1086,00-0033955,2024_15_WAS_NO,15,J.McNichols,WAS,0.9,3.75,RB
1087,00-0033955,2024_16_PHI_WAS,16,J.McNichols,WAS,5.8,6.97,RB
1088,00-0033955,2024_17_ATL_WAS,17,J.McNichols,WAS,2.0,3.33,RB
1089,00-0033955,2024_19_WAS_TB,19,J.McNichols,WAS,0.1,0.49,RB
1090,00-0034054,2024_15_MIA_HOU,15,R.Cracraft,MIA,1.1,0.98,WR
1091,00-0034054,2024_16_SF_MIA,16,R.Cracraft,MIA,1.1,3.59,WR
1092,00-0034054,2024_17_MIA_CLE,17,R.Cracraft,MIA,2.1,1.7,WR
1093,00-0034054,2024_18_MIA_NYJ,18,R.Cracraft,MIA,5.8,5.09,WR
1094,00-0034073,2024_11_ATL_DEN,11,R.Dwelley,ATL,1.0,0.98,TE
1095,00-0034115,2024_01_JAX_MIA,1,J.Wilson,MIA,2.6,2.47,RB
1096,00-0034115,2024_02_BUF_MIA,2,J.Wilson,MIA,2.2,1.85,RB
1097,00-0034115,2024_03_MIA_SEA,3,J.Wilson,MIA,1.4,1.48,RB
1098,00-0034115,2024_14_NYJ_MIA,14,J.Wilson,MIA,1.6,1.47,RB
1099,00-0034115,2024_16_SF_MIA,16,J.Wilson,MIA,1.2,0.99,RB
1100,00-0034115,2024_17_MIA_CLE,17,J.Wilson,MIA,0.5,1.96,RB
1101,00-0034115,2024_18_MIA_NYJ,18,J.Wilson,MIA,-0.4,1.46,RB
1102,00-0034159,2024_01_LV_LAC,1,W.Dissly,LAC,1.8,0.87,TE
1103,00-0034159,2024_02_LAC_CAR,2,W.Dissly,LAC,4.4,2.94,TE
1104,00-0034159,2024_03_LAC_PIT,3,W.Dissly,LAC,3.4,2.83,TE
1105,00-0034159,2024_04_KC_LAC,4,W.Dissly,LAC,3.4,2.72,TE
1106,00-0034159,2024_06_LAC_DEN,6,W.Dissly,LAC,4.6,4.57,TE
1107,00-0034159,2024_07_LAC_ARI,7,W.Dissly,LAC,12.1,11.84,TE
1108,00-0034159,2024_08_NO_LAC,8,W.Dissly,LAC,6.6,7.25,TE
1109,00-0034159,2024_09_LAC_CLE,9,W.Dissly,LAC,1.9,3.21,TE
1110,00-0034159,2024_10_TEN_LAC,10,W.Dissly,LAC,5.5,7.59,TE
1111,00-0034159,2024_11_CIN_LAC,11,W.Dissly,LAC,16.0,7.16,TE
1112,00-0034159,2024_12_BAL_LAC,12,W.Dissly,LAC,6.7,4.44,TE
1113,00-0034159,2024_13_LAC_ATL,13,W.Dissly,LAC,0.0,1.48,TE
1114,00-0034159,2024_14_LAC_KC,14,W.Dissly,LAC,2.9,1.85,TE
1115,00-0034159,2024_17_LAC_NE,17,W.Dissly,LAC,3.1,2.72,TE
1116,00-0034159,2024_18_LAC_LV,18,W.Dissly,LAC,12.7,8.14,TE
1117,00-0034159,2024_19_LAC_HOU,19,W.Dissly,LAC,2.6,5.31,TE
1120,00-0034177,2024_03_MIA_SEA,3,T.Boyle,MIA,3.76,8.75,QB
1121,00-0034177,2024_07_MIA_IND,7,T.Boyle,MIA,3.36,4.27,QB
1122,00-0034177,2024_15_BAL_NYG,15,T.Boyle,NYG,8.92,13.85,QB
1123,00-0034184,2024_01_LV_LAC,1,G.Edwards,LAC,3.3,9.14,RB
1124,00-0034184,2024_02_LAC_CAR,2,G.Edwards,LAC,5.9,9.42,RB
1125,00-0034184,2024_03_LAC_PIT,3,G.Edwards,LAC,0.9,1.48,RB
1126,00-0034184,2024_04_KC_LAC,4,G.Edwards,LAC,1.9,3.42,RB
1127,00-0034184,2024_10_TEN_LAC,10,G.Edwards,LAC,5.5,6.03,RB
1128,00-0034184,2024_11_CIN_LAC,11,G.Edwards,LAC,2.7,3.43,RB
1129,00-0034184,2024_12_BAL_LAC,12,G.Edwards,LAC,7.1,8.22,RB
1130,00-0034184,2024_13_LAC_ATL,13,G.Edwards,LAC,3.8,3.94,RB
1131,00-0034184,2024_14_LAC_KC,14,G.Edwards,LAC,9.6,9.18,RB
1132,00-0034184,2024_15_TB_LAC,15,G.Edwards,LAC,2.3,3.94,RB
1133,00-0034184,2024_16_DEN_LAC,16,G.Edwards,LAC,19.6,14.08,RB
1134,00-0034184,2024_19_LAC_HOU,19,G.Edwards,LAC,2.2,3.45,RB
1135,00-0034208,2024_01_CAR_NO,1,M.Boone,CAR,0.7,1.97,RB
1136,00-0034208,2024_15_DAL_CAR,15,M.Boone,CAR,1.4,0.99,RB
1137,00-0034208,2024_16_ARI_CAR,16,M.Boone,CAR,0.1,1.02,RB
1138,00-0034208,2024_17_CAR_TB,17,M.Boone,CAR,1.1,2.73,RB
1139,00-0034208,2024_18_CAR_ATL,18,M.Boone,CAR,2.1,2.84,RB
1140,00-0034270,2024_01_NYJ_SF,1,T.Conklin,NYJ,1.1,1.85,TE
1141,00-0034270,2024_02_NYJ_TEN,2,T.Conklin,NYJ,1.5,1.85,TE
1142,00-0034270,2024_03_NE_NYJ,3,T.Conklin,NYJ,11.8,11.17,TE
1143,00-0034270,2024_04_DEN_NYJ,4,T.Conklin,NYJ,3.7,8.61,TE
1144,00-0034270,2024_05_NYJ_MIN,5,T.Conklin,NYJ,8.5,9.81,TE
1145,00-0034270,2024_06_BUF_NYJ,6,T.Conklin,NYJ,2.0,3.25,TE
1146,00-0034270,2024_07_NYJ_PIT,7,T.Conklin,NYJ,8.7,5.73,TE
1147,00-0034270,2024_08_NYJ_NE,8,T.Conklin,NYJ,11.7,7.25,TE
1148,00-0034270,2024_09_HOU_NYJ,9,T.Conklin,NYJ,0.2,1.88,TE
1149,00-0034270,2024_10_NYJ_ARI,10,T.Conklin,NYJ,1.3,1.96,TE
1150,00-0034270,2024_11_IND_NYJ,11,T.Conklin,NYJ,1.2,2.46,TE
1151,00-0034270,2024_13_SEA_NYJ,13,T.Conklin,NYJ,5.2,4.75,TE
1152,00-0034270,2024_14_NYJ_MIA,14,T.Conklin,NYJ,4.8,5.95,TE
1153,00-0034270,2024_16_LA_NYJ,16,T.Conklin,NYJ,8.4,7.82,TE
1154,00-0034270,2024_17_NYJ_BUF,17,T.Conklin,NYJ,17.7,9.3,TE
1155,00-0034270,2024_18_MIA_NYJ,18,T.Conklin,NYJ,8.6,5.05,TE
1156,00-0034272,2024_01_ARI_BUF,1,M.Valdes-Scantling,BUF,2.4,3.93,WR
1157,00-0034272,2024_02_BUF_MIA,2,M.Valdes-Scantling,BUF,0.0,1.96,WR
1158,00-0034272,2024_03_JAX_BUF,3,M.Valdes-Scantling,BUF,1.2,1.96,WR
1159,00-0034272,2024_04_BUF_BAL,4,M.Valdes-Scantling,BUF,0.0,1.96,WR
1160,00-0034272,2024_05_BUF_HOU,5,M.Valdes-Scantling,BUF,0.0,3.9,WR
1161,00-0034272,2024_09_NO_CAR,9,M.Valdes-Scantling,NO,1.0,0.98,WR
1162,00-0034272,2024_10_ATL_NO,10,M.Valdes-Scantling,NO,24.4,5.92,WR
1163,00-0034272,2024_11_CLE_NO,11,M.Valdes-Scantling,NO,15.7,4.91,WR
1164,00-0034272,2024_13_LA_NO,13,M.Valdes-Scantling,NO,10.6,4.77,WR
1165,00-0034272,2024_14_NO_NYG,14,M.Valdes-Scantling,NO,7.1,9.27,WR
1166,00-0034272,2024_15_WAS_NO,15,M.Valdes-Scantling,NO,7.8,9.17,WR
1167,00-0034272,2024_17_LV_NO,17,M.Valdes-Scantling,NO,0.0,2.46,WR
1168,00-0034272,2024_18_NO_TB,18,M.Valdes-Scantling,NO,4.8,11.63,WR
1169,00-0034348,2024_01_DEN_SEA,1,C.Sutton,DEN,5.8,16.35,WR
1170,00-0034348,2024_02_PIT_DEN,2,C.Sutton,DEN,3.1,6.76,WR
1171,00-0034348,2024_03_DEN_TB,3,C.Sutton,DEN,10.3,13.45,WR
1172,00-0034348,2024_04_DEN_NYJ,4,C.Sutton,DEN,13.5,13.25,WR
1173,00-0034348,2024_05_LV_DEN,5,C.Sutton,DEN,4.2,6.37,WR
1174,00-0034348,2024_06_LAC_DEN,6,C.Sutton,DEN,13.3,8.52,WR
1175,00-0034348,2024_08_CAR_DEN,8,C.Sutton,DEN,15.12,14.72,WR
1176,00-0034348,2024_09_DEN_BAL,9,C.Sutton,DEN,19.78,15.52,WR
1177,00-0034348,2024_10_DEN_KC,10,C.Sutton,DEN,16.0,11.02,WR
1178,00-0034348,2024_11_ATL_DEN,11,C.Sutton,DEN,11.3,10.33,WR
1179,00-0034348,2024_12_DEN_LV,12,C.Sutton,DEN,25.7,14.93,WR
1180,00-0034348,2024_13_CLE_DEN,13,C.Sutton,DEN,13.2,11.98,WR
1181,00-0034348,2024_15_IND_DEN,15,C.Sutton,DEN,10.7,12.77,WR
1182,00-0034348,2024_16_DEN_LAC,16,C.Sutton,DEN,7.5,6.34,WR
1183,00-0034348,2024_17_DEN_CIN,17,C.Sutton,DEN,14.0,13.81,WR
1184,00-0034348,2024_18_KC_DEN,18,C.Sutton,DEN,18.3,11.49,WR
1185,00-0034348,2024_19_DEN_BUF,19,C.Sutton,DEN,10.0,12.33,WR
1186,00-0034351,2024_01_GB_PHI,1,D.Goedert,PHI,5.1,4.57,TE
1187,00-0034351,2024_02_ATL_PHI,2,D.Goedert,PHI,5.3,6.2,TE
1188,00-0034351,2024_03_PHI_NO,3,D.Goedert,PHI,22.0,12.0,TE
1189,00-0034351,2024_04_PHI_TB,4,D.Goedert,PHI,9.7,9.38,TE
1190,00-0034351,2024_06_CLE_PHI,6,D.Goedert,PHI,0.0,1.14,TE
1191,00-0034351,2024_10_PHI_DAL,10,D.Goedert,PHI,9.5,6.09,TE
1192,00-0034351,2024_11_WAS_PHI,11,D.Goedert,PHI,8.6,5.3,TE
1193,00-0034351,2024_12_PHI_LA,12,D.Goedert,PHI,3.9,7.1,TE
1194,00-0034351,2024_13_PHI_BAL,13,D.Goedert,PHI,11.0,5.71,TE
1195,00-0034351,2024_18_NYG_PHI,18,D.Goedert,PHI,7.5,6.77,TE
1196,00-0034351,2024_19_GB_PHI,19,D.Goedert,PHI,12.7,5.67,TE
1197,00-0034353,2024_17_BAL_HOU,17,A.Miller,BAL,2.1,1.96,WR
1198,00-0034353,2024_19_PIT_BAL,19,A.Miller,BAL,2.7,2.94,WR
1199,00-0034364,2024_01_DAL_CLE,1,J.Akins,CLE,4.2,4.37,TE
1200,00-0034364,2024_02_CLE_JAX,2,J.Akins,CLE,1.5,0.87,TE
1201,00-0034364,2024_03_NYG_CLE,3,J.Akins,CLE,4.9,6.91,TE
1202,00-0034364,2024_04_CLE_LV,4,J.Akins,CLE,1.5,1.85,TE
1203,00-0034364,2024_05_CLE_WAS,5,J.Akins,CLE,9.7,3.42,TE
1204,00-0034364,2024_07_CIN_CLE,7,J.Akins,CLE,6.2,4.3,TE
1205,00-0034364,2024_08_BAL_CLE,8,J.Akins,CLE,0.0,1.05,TE
1206,00-0034364,2024_09_LAC_CLE,9,J.Akins,CLE,4.7,4.41,TE
1207,00-0034364,2024_11_CLE_NO,11,J.Akins,CLE,2.4,5.59,TE
1208,00-0034364,2024_12_PIT_CLE,12,J.Akins,CLE,5.3,4.41,TE
1209,00-0034364,2024_13_CLE_DEN,13,J.Akins,CLE,0.0,0.87,TE
1210,00-0034364,2024_14_CLE_PIT,14,J.Akins,CLE,1.9,1.47,TE
1211,00-0034364,2024_15_KC_CLE,15,J.Akins,CLE,4.5,3.7,TE
1212,00-0034364,2024_16_CLE_CIN,16,J.Akins,CLE,1.3,2.34,TE
1213,00-0034364,2024_17_MIA_CLE,17,J.Akins,CLE,7.9,8.82,TE
1214,00-0034364,2024_18_CLE_BAL,18,J.Akins,CLE,15.0,10.13,TE
1215,00-0034365,2024_06_ATL_CAR,6,I.Thomas,CAR,0.0,3.44,TE
1216,00-0034365,2024_07_CAR_WAS,7,I.Thomas,CAR,1.4,1.85,TE
1217,00-0034365,2024_10_NYG_CAR,10,I.Thomas,CAR,0.8,0.98,TE
1218,00-0034383,2024_01_HOU_IND,1,D.Schultz,HOU,3.1,2.94,TE
1219,00-0034383,2024_02_CHI_HOU,2,D.Schultz,HOU,3.1,3.7,TE
1220,00-0034383,2024_03_HOU_MIN,3,D.Schultz,HOU,2.1,5.47,TE
1221,00-0034383,2024_04_JAX_HOU,4,D.Schultz,HOU,4.9,6.4,TE
1222,00-0034383,2024_05_BUF_HOU,5,D.Schultz,HOU,5.4,7.3,TE
1223,00-0034383,2024_06_HOU_NE,6,D.Schultz,HOU,4.7,10.17,TE
1224,00-0034383,2024_07_HOU_GB,7,D.Schultz,HOU,3.3,2.48,TE
1225,00-0034383,2024_08_IND_HOU,8,D.Schultz,HOU,7.2,7.04,TE
1226,00-0034383,2024_09_HOU_NYJ,9,D.Schultz,HOU,3.6,6.77,TE
1227,00-0034383,2024_10_DET_HOU,10,D.Schultz,HOU,8.1,4.91,TE
1228,00-0034383,2024_11_HOU_DAL,11,D.Schultz,HOU,5.8,6.9,TE
1229,00-0034383,2024_12_TEN_HOU,12,D.Schultz,HOU,3.0,2.46,TE
1230,00-0034383,2024_13_HOU_JAX,13,D.Schultz,HOU,14.6,6.78,TE
1231,00-0034383,2024_15_MIA_HOU,15,D.Schultz,HOU,2.3,4.42,TE
1232,00-0034383,2024_16_HOU_KC,16,D.Schultz,HOU,13.0,10.58,TE
1233,00-0034383,2024_17_BAL_HOU,17,D.Schultz,HOU,3.1,6.82,TE
1234,00-0034383,2024_18_HOU_TEN,18,D.Schultz,HOU,4.4,3.39,TE
1235,00-0034383,2024_19_LAC_HOU,19,D.Schultz,HOU,3.3,5.09,TE
1236,00-0034386,2024_01_BAL_KC,1,Ju.Watson,KC,3.0,1.96,WR
1237,00-0034386,2024_02_CIN_KC,2,Ju.Watson,KC,3.2,2.49,WR
1238,00-0034386,2024_03_KC_ATL,3,Ju.Watson,KC,1.8,2.9,WR
1239,00-0034386,2024_04_KC_LAC,4,Ju.Watson,KC,3.7,3.44,WR
1240,00-0034386,2024_07_KC_SF,7,Ju.Watson,KC,1.3,0.98,WR
1241,00-0034386,2024_08_KC_LV,8,Ju.Watson,KC,4.8,3.39,WR
1242,00-0034386,2024_09_TB_KC,9,Ju.Watson,KC,5.8,6.12,WR
1243,00-0034386,2024_10_DEN_KC,10,Ju.Watson,KC,1.6,1.85,WR
1244,00-0034386,2024_11_KC_BUF,11,Ju.Watson,KC,3.6,2.68,WR
1245,00-0034386,2024_12_KC_CAR,12,Ju.Watson,KC,2.0,2.72,WR
1246,00-0034386,2024_13_LV_KC,13,Ju.Watson,KC,7.1,6.34,WR
1247,00-0034386,2024_15_KC_CLE,15,Ju.Watson,KC,0.0,1.66,WR
1248,00-0034386,2024_16_HOU_KC,16,Ju.Watson,KC,0.0,2.53,WR
1249,00-0034386,2024_17_KC_PIT,17,Ju.Watson,KC,13.0,4.66,WR
1250,00-0034386,2024_18_KC_DEN,18,Ju.Watson,KC,1.0,3.67,WR
1251,00-0034401,2024_18_BUF_NE,18,M.White,BUF,1.12,3.89,QB
1252,00-0034407,2024_01_PIT_ATL,1,R.McCloud,ATL,7.2,8.29,WR
1253,00-0034407,2024_02_ATL_PHI,2,R.McCloud,ATL,6.0,7.92,WR
1254,00-0034407,2024_03_KC_ATL,3,R.McCloud,ATL,4.7,3.4,WR
1255,00-0034407,2024_04_NO_ATL,4,R.McCloud,ATL,8.2,7.18,WR
1256,00-0034407,2024_05_TB_ATL,5,R.McCloud,ATL,9.6,11.65,WR
1257,00-0034407,2024_06_ATL_CAR,6,R.McCloud,ATL,4.8,4.53,WR
1258,00-0034407,2024_07_SEA_ATL,7,R.McCloud,ATL,1.9,5.21,WR
1259,00-0034407,2024_08_ATL_TB,8,R.McCloud,ATL,4.1,3.1,WR
1260,00-0034407,2024_09_DAL_ATL,9,R.McCloud,ATL,11.0,5.06,WR
1261,00-0034407,2024_10_ATL_NO,10,R.McCloud,ATL,5.1,5.94,WR
1262,00-0034407,2024_11_ATL_DEN,11,R.McCloud,ATL,7.6,6.28,WR
1263,00-0034407,2024_13_LAC_ATL,13,R.McCloud,ATL,11.3,6.96,WR
1264,00-0034407,2024_14_ATL_MIN,14,R.McCloud,ATL,14.1,11.38,WR
1265,00-0034407,2024_15_ATL_LV,15,R.McCloud,ATL,1.9,3.44,WR
1266,00-0034407,2024_16_NYG_ATL,16,R.McCloud,ATL,4.2,4.71,WR
1267,00-0034407,2024_17_ATL_WAS,17,R.McCloud,ATL,3.2,1.47,WR
1268,00-0034407,2024_18_CAR_ATL,18,R.McCloud,ATL,8.6,8.56,WR
1269,00-0034418,2024_03_PHI_NO,3,C.Wilson,NO,0.8,0.87,WR
1270,00-0034418,2024_06_TB_NO,6,C.Wilson,NO,3.8,3.59,WR
1271,00-0034418,2024_07_DEN_NO,7,C.Wilson,NO,14.7,7.01,WR
1272,00-0034418,2024_09_NO_CAR,9,C.Wilson,NO,4.4,3.93,WR
1273,00-0034418,2024_13_LA_NO,13,C.Wilson,NO,2.4,1.47,WR
1274,00-0034418,2024_14_NO_NYG,14,C.Wilson,NO,2.3,1.47,WR
1275,00-0034418,2024_15_WAS_NO,15,C.Wilson,NO,4.84,1.76,WR
1276,00-0034418,2024_16_NO_GB,16,C.Wilson,NO,1.8,0.98,WR
1277,00-0034418,2024_17_LV_NO,17,C.Wilson,NO,3.2,3.96,WR
1278,00-0034418,2024_18_NO_TB,18,C.Wilson,NO,3.7,5.0,WR
1279,00-0034419,2024_01_JAX_MIA,1,B.Berrios,MIA,0.0,1.96,WR
1280,00-0034419,2024_02_BUF_MIA,2,B.Berrios,MIA,0.0,2.21,WR
1281,00-0034419,2024_03_MIA_SEA,3,B.Berrios,MIA,0.0,0.98,WR
1282,00-0034487,2024_02_SF_MIN,2,T.Sherfield,MIN,2.2,2.03,WR
1283,00-0034487,2024_03_HOU_MIN,3,T.Sherfield,MIN,1.3,0.98,WR
1284,00-0034487,2024_04_MIN_GB,4,T.Sherfield,MIN,1.3,0.98,WR
1285,00-0034487,2024_08_MIN_LA,8,T.Sherfield,MIN,7.5,1.57,WR
1286,00-0034487,2024_09_IND_MIN,9,T.Sherfield,MIN,1.2,0.98,WR
1287,00-0034487,2024_10_MIN_JAX,10,T.Sherfield,MIN,1.6,0.98,WR
1288,00-0034487,2024_11_MIN_TEN,11,T.Sherfield,MIN,2.1,0.98,WR
1289,00-0034487,2024_15_CHI_MIN,15,T.Sherfield,MIN,1.1,0.98,WR
1291,00-0034521,2024_01_NYJ_SF,1,A.Lazard,NYJ,23.9,12.67,WR
1292,00-0034521,2024_02_NYJ_TEN,2,A.Lazard,NYJ,2.1,4.32,WR
1293,00-0034521,2024_03_NE_NYJ,3,A.Lazard,NYJ,12.3,3.42,WR
1294,00-0034521,2024_04_DEN_NYJ,4,A.Lazard,NYJ,8.3,8.28,WR
1295,00-0034521,2024_05_NYJ_MIN,5,A.Lazard,NYJ,11.4,13.9,WR
1296,00-0034521,2024_06_BUF_NYJ,6,A.Lazard,NYJ,20.4,10.7,WR
1297,00-0034521,2024_07_NYJ_PIT,7,A.Lazard,NYJ,7.8,4.91,WR
1298,00-0034521,2024_14_NYJ_MIA,14,A.Lazard,NYJ,2.3,1.48,WR
1299,00-0034521,2024_15_NYJ_JAX,15,A.Lazard,NYJ,0.0,5.42,WR
1300,00-0034521,2024_16_LA_NYJ,16,A.Lazard,NYJ,3.0,4.98,WR
1301,00-0034521,2024_17_NYJ_BUF,17,A.Lazard,NYJ,1.4,3.94,WR
1302,00-0034521,2024_18_MIA_NYJ,18,A.Lazard,NYJ,14.6,4.96,WR
1304,00-0034577,2024_05_DAL_PIT,5,K.Allen,PIT,0.76,0.37,QB
1305,00-0034613,2024_01_NE_CIN,1,T.Hudson,CIN,2.8,2.94,TE
1306,00-0034613,2024_07_CIN_CLE,7,T.Hudson,CIN,0.0,1.92,TE
1307,00-0034613,2024_09_LV_CIN,9,T.Hudson,CIN,2.4,3.47,TE
1308,00-0034613,2024_10_CIN_BAL,10,T.Hudson,CIN,13.3,11.03,TE
1309,00-0034613,2024_11_CIN_LAC,11,T.Hudson,CIN,2.3,1.96,TE
1310,00-0034613,2024_13_PIT_CIN,13,T.Hudson,CIN,4.8,3.81,TE
1311,00-0034613,2024_14_CIN_DAL,14,T.Hudson,CIN,2.4,0.98,TE
1312,00-0034613,2024_15_CIN_TEN,15,T.Hudson,CIN,1.4,0.98,TE
1313,00-0034613,2024_18_CIN_PIT,18,T.Hudson,CIN,1.6,0.98,TE
1314,00-0034646,2024_02_SF_MIN,2,B.Powell,MIN,2.6,1.96,WR
1315,00-0034646,2024_03_HOU_MIN,3,B.Powell,MIN,1.8,2.43,WR
1316,00-0034646,2024_04_MIN_GB,4,B.Powell,MIN,0.0,2.84,WR
1317,00-0034646,2024_09_IND_MIN,9,B.Powell,MIN,1.4,0.98,WR
1318,00-0034646,2024_11_MIN_TEN,11,B.Powell,MIN,1.8,1.43,WR
1319,00-0034646,2024_13_ARI_MIN,13,B.Powell,MIN,1.3,0.98,WR
1320,00-0034646,2024_15_CHI_MIN,15,B.Powell,MIN,1.7,1.09,WR
1321,00-0034753,2024_01_BAL_KC,1,M.Andrews,BAL,2.4,1.96,TE
1322,00-0034753,2024_02_LV_BAL,2,M.Andrews,BAL,7.1,5.88,TE
1323,00-0034753,2024_03_BAL_DAL,3,M.Andrews,BAL,0.0,1.09,TE
1324,00-0034753,2024_04_BUF_BAL,4,M.Andrews,BAL,0.0,0.98,TE
1325,00-0034753,2024_05_BAL_CIN,5,M.Andrews,BAL,7.5,6.89,TE
1326,00-0034753,2024_06_WAS_BAL,6,M.Andrews,BAL,14.1,6.89,TE
1327,00-0034753,2024_07_BAL_TB,7,M.Andrews,BAL,18.1,7.54,TE
1328,00-0034753,2024_08_BAL_CLE,8,M.Andrews,BAL,12.1,7.28,TE
1329,00-0034753,2024_09_DEN_BAL,9,M.Andrews,BAL,3.6,2.84,TE
1330,00-0034753,2024_10_CIN_BAL,10,M.Andrews,BAL,15.8,9.81,TE
1331,00-0034753,2024_11_BAL_PIT,11,M.Andrews,BAL,3.2,4.8,TE
1332,00-0034753,2024_12_BAL_LAC,12,M.Andrews,BAL,13.1,8.04,TE
1333,00-0034753,2024_13_PHI_BAL,13,M.Andrews,BAL,15.9,11.81,TE
1334,00-0034753,2024_15_BAL_NYG,15,M.Andrews,BAL,9.4,3.88,TE
1335,00-0034753,2024_16_PIT_BAL,16,M.Andrews,BAL,11.8,10.86,TE
1336,00-0034753,2024_17_BAL_HOU,17,M.Andrews,BAL,13.8,5.32,TE
1337,00-0034753,2024_18_CLE_BAL,18,M.Andrews,BAL,13.4,14.47,TE
1338,00-0034753,2024_19_PIT_BAL,19,M.Andrews,BAL,4.2,4.97,TE
1339,00-0034771,2024_04_TEN_MIA,4,M.Rudolph,TEN,3.4,6.22,QB
1340,00-0034771,2024_07_TEN_BUF,7,M.Rudolph,TEN,12.9,17.1,QB
1341,00-0034771,2024_08_TEN_DET,8,M.Rudolph,TEN,22.54,23.41,QB
1342,00-0034771,2024_09_NE_TEN,9,M.Rudolph,TEN,19.5,19.55,QB
1343,00-0034771,2024_15_CIN_TEN,15,M.Rudolph,TEN,17.76,9.35,QB
1344,00-0034771,2024_16_TEN_IND,16,M.Rudolph,TEN,20.48,14.79,QB
1345,00-0034771,2024_17_TEN_JAX,17,M.Rudolph,TEN,14.02,17.74,QB
1346,00-0034771,2024_18_HOU_TEN,18,M.Rudolph,TEN,3.3,3.68,QB
1347,00-0034775,2024_01_JAX_MIA,1,C.Kirk,JAX,3.5,5.09,WR
1348,00-0034775,2024_02_CLE_JAX,2,C.Kirk,JAX,0.4,4.01,WR
1349,00-0034775,2024_03_JAX_BUF,3,C.Kirk,JAX,11.9,11.74,WR
1350,00-0034775,2024_04_JAX_HOU,4,C.Kirk,JAX,15.6,14.89,WR
1351,00-0034775,2024_05_IND_JAX,5,C.Kirk,JAX,10.8,4.43,WR
1352,00-0034775,2024_06_JAX_CHI,6,C.Kirk,JAX,5.4,8.12,WR
1353,00-0034775,2024_07_NE_JAX,7,C.Kirk,JAX,2.9,5.45,WR
1354,00-0034775,2024_08_GB_JAX,8,C.Kirk,JAX,6.9,6.89,WR
1355,00-0034777,2024_14_LAC_KC,14,D.Chark,LAC,1.4,0.98,WR
1356,00-0034777,2024_15_TB_LAC,15,D.Chark,LAC,2.6,2.12,WR
1357,00-0034777,2024_17_LAC_NE,17,D.Chark,LAC,0.0,5.19,WR
1358,00-0034777,2024_18_LAC_LV,18,D.Chark,LAC,7.1,7.0,WR
1359,00-0034777,2024_19_LAC_HOU,19,D.Chark,LAC,1.5,4.96,WR
1360,00-0034791,2024_07_CIN_CLE,7,N.Chubb,CLE,9.7,15.07,RB
1361,00-0034791,2024_08_BAL_CLE,8,N.Chubb,CLE,5.2,9.94,RB
1362,00-0034791,2024_09_LAC_CLE,9,N.Chubb,CLE,4.0,9.37,RB
1363,00-0034791,2024_11_CLE_NO,11,N.Chubb,CLE,5.0,5.42,RB
1364,00-0034791,2024_12_PIT_CLE,12,N.Chubb,CLE,18.5,17.71,RB
1365,00-0034791,2024_13_CLE_DEN,13,N.Chubb,CLE,11.5,6.93,RB
1366,00-0034791,2024_14_CLE_PIT,14,N.Chubb,CLE,4.8,6.29,RB
1367,00-0034791,2024_15_KC_CLE,15,N.Chubb,CLE,3.1,5.42,RB
1368,00-0034796,2024_01_BAL_KC,1,L.Jackson,BAL,27.12,29.92,QB
1369,00-0034796,2024_02_LV_BAL,2,L.Jackson,BAL,18.38,16.34,QB
1370,00-0034796,2024_03_BAL_DAL,3,L.Jackson,BAL,26.18,12.05,QB
1371,00-0034796,2024_04_BUF_BAL,4,L.Jackson,BAL,24.64,12.1,QB
1372,00-0034796,2024_05_BAL_CIN,5,L.Jackson,BAL,34.52,30.75,QB
1373,00-0034796,2024_06_WAS_BAL,6,L.Jackson,BAL,21.12,19.94,QB
1374,00-0034796,2024_07_BAL_TB,7,L.Jackson,BAL,35.44,18.84,QB
1375,00-0034796,2024_08_BAL_CLE,8,L.Jackson,BAL,24.16,24.94,QB
1376,00-0034796,2024_09_DEN_BAL,9,L.Jackson,BAL,23.6,12.37,QB
1377,00-0034796,2024_10_CIN_BAL,10,L.Jackson,BAL,33.0,23.45,QB
1378,00-0034796,2024_11_BAL_PIT,11,L.Jackson,BAL,15.98,18.32,QB
1379,00-0034796,2024_12_BAL_LAC,12,L.Jackson,BAL,22.78,18.28,QB
1380,00-0034796,2024_13_PHI_BAL,13,L.Jackson,BAL,25.38,22.76,QB
1381,00-0034796,2024_15_BAL_NYG,15,L.Jackson,BAL,37.1,17.3,QB
1382,00-0034796,2024_16_PIT_BAL,16,L.Jackson,BAL,22.78,17.24,QB
1383,00-0034796,2024_17_BAL_HOU,17,L.Jackson,BAL,29.42,13.18,QB
1384,00-0034796,2024_18_CLE_BAL,18,L.Jackson,BAL,22.98,20.99,QB
1385,00-0034796,2024_19_PIT_BAL,19,L.Jackson,BAL,23.2,16.66,QB
1386,00-0034798,2024_01_JAX_MIA,1,D.Smythe,MIA,0.0,3.19,TE
1387,00-0034798,2024_02_BUF_MIA,2,D.Smythe,MIA,1.3,0.98,TE
1388,00-0034798,2024_03_MIA_SEA,3,D.Smythe,MIA,0.8,3.72,TE
1389,00-0034798,2024_05_MIA_NE,5,D.Smythe,MIA,0.0,1.47,TE
1390,00-0034798,2024_09_MIA_BUF,9,D.Smythe,MIA,0.9,0.98,TE
1391,00-0034798,2024_10_MIA_LA,10,D.Smythe,MIA,1.1,0.98,TE
1392,00-0034798,2024_11_LV_MIA,11,D.Smythe,MIA,0.8,0.87,TE
1393,00-0034798,2024_12_NE_MIA,12,D.Smythe,MIA,1.3,0.98,TE
1394,00-0034798,2024_13_MIA_GB,13,D.Smythe,MIA,1.3,0.98,TE
1395,00-0034798,2024_14_NYJ_MIA,14,D.Smythe,MIA,0.0,0.98,TE
1396,00-0034798,2024_15_MIA_HOU,15,D.Smythe,MIA,1.3,0.98,TE
1397,00-0034798,2024_16_SF_MIA,16,D.Smythe,MIA,1.0,1.96,TE
1398,00-0034798,2024_18_MIA_NYJ,18,D.Smythe,MIA,0.0,2.97,TE
1399,00-0034827,2024_01_TEN_CHI,1,D.Moore,CHI,7.5,8.68,WR
1400,00-0034827,2024_02_CHI_HOU,2,D.Moore,CHI,8.3,11.11,WR
1401,00-0034827,2024_03_CHI_IND,3,D.Moore,CHI,11.2,11.11,WR
1402,00-0034827,2024_04_LA_CHI,4,D.Moore,CHI,9.7,10.62,WR
1403,00-0034827,2024_05_CAR_CHI,5,D.Moore,CHI,25.0,9.95,WR
1404,00-0034827,2024_06_JAX_CHI,6,D.Moore,CHI,4.0,6.39,WR
1405,00-0034827,2024_08_CHI_WAS,8,D.Moore,CHI,4.4,7.25,WR
1406,00-0034827,2024_09_CHI_ARI,9,D.Moore,CHI,5.3,10.32,WR
1407,00-0034827,2024_10_NE_CHI,10,D.Moore,CHI,4.2,6.32,WR
1408,00-0034827,2024_11_GB_CHI,11,D.Moore,CHI,10.2,7.03,WR
1409,00-0034827,2024_12_MIN_CHI,12,D.Moore,CHI,23.4,10.94,WR
1410,00-0034827,2024_13_CHI_DET,13,D.Moore,CHI,19.7,19.57,WR
1411,00-0034827,2024_14_CHI_SF,14,D.Moore,CHI,7.9,8.0,WR
1412,00-0034827,2024_15_CHI_MIN,15,D.Moore,CHI,11.0,10.17,WR
1413,00-0034827,2024_16_DET_CHI,16,D.Moore,CHI,10.5,13.71,WR
1414,00-0034827,2024_17_SEA_CHI,17,D.Moore,CHI,9.2,9.48,WR
1415,00-0034827,2024_18_CHI_GB,18,D.Moore,CHI,19.6,9.79,WR
1416,00-0034829,2024_01_NE_CIN,1,M.Gesicki,CIN,3.3,5.07,TE
1417,00-0034829,2024_02_CIN_KC,2,M.Gesicki,CIN,12.6,10.19,TE
1418,00-0034829,2024_03_WAS_CIN,3,M.Gesicki,CIN,6.7,6.34,TE
1419,00-0034829,2024_04_CIN_CAR,4,M.Gesicki,CIN,-0.4,0.98,TE
1420,00-0034829,2024_05_BAL_CIN,5,M.Gesicki,CIN,4.1,3.06,TE
1421,00-0034829,2024_07_CIN_CLE,7,M.Gesicki,CIN,0.7,0.98,TE
1422,00-0034829,2024_08_PHI_CIN,8,M.Gesicki,CIN,10.8,8.28,TE
1423,00-0034829,2024_09_LV_CIN,9,M.Gesicki,CIN,24.5,10.38,TE
1424,00-0034829,2024_10_CIN_BAL,10,M.Gesicki,CIN,5.0,13.49,TE
1425,00-0034829,2024_11_CIN_LAC,11,M.Gesicki,CIN,0.0,2.88,TE
1426,00-0034829,2024_13_PIT_CIN,13,M.Gesicki,CIN,7.8,5.68,TE
1427,00-0034829,2024_14_CIN_DAL,14,M.Gesicki,CIN,3.9,2.83,TE
1428,00-0034829,2024_15_CIN_TEN,15,M.Gesicki,CIN,5.2,4.73,TE
1429,00-0034829,2024_16_CLE_CIN,16,M.Gesicki,CIN,2.4,1.96,TE
1430,00-0034829,2024_17_DEN_CIN,17,M.Gesicki,CIN,13.6,12.59,TE
1431,00-0034829,2024_18_CIN_PIT,18,M.Gesicki,CIN,10.8,12.49,TE
1432,00-0034830,2024_01_LV_LAC,1,H.Hurst,LAC,4.3,4.66,TE
1433,00-0034830,2024_02_LAC_CAR,2,H.Hurst,LAC,1.0,1.96,TE
1434,00-0034830,2024_03_LAC_PIT,3,H.Hurst,LAC,2.5,1.96,TE
1435,00-0034830,2024_04_KC_LAC,4,H.Hurst,LAC,1.1,4.42,TE
1436,00-0034830,2024_09_LAC_CLE,9,H.Hurst,LAC,1.1,0.98,TE
1437,00-0034830,2024_10_TEN_LAC,10,H.Hurst,LAC,0.0,1.51,TE
1438,00-0034830,2024_16_DEN_LAC,16,H.Hurst,LAC,1.3,0.98,TE
1440,00-0034837,2024_01_TEN_CHI,1,C.Ridley,TEN,6.5,9.82,WR
1441,00-0034837,2024_02_NYJ_TEN,2,C.Ridley,TEN,22.7,8.89,WR
1442,00-0034837,2024_03_GB_TEN,3,C.Ridley,TEN,1.4,3.44,WR
1443,00-0034837,2024_04_TEN_MIA,4,C.Ridley,TEN,2.0,3.21,WR
1444,00-0034837,2024_06_IND_TEN,6,C.Ridley,TEN,0.9,11.35,WR
1445,00-0034837,2024_07_TEN_BUF,7,C.Ridley,TEN,5.7,11.17,WR
1446,00-0034837,2024_08_TEN_DET,8,C.Ridley,TEN,18.6,20.16,WR
1447,00-0034837,2024_09_NE_TEN,9,C.Ridley,TEN,9.8,10.81,WR
1448,00-0034837,2024_10_TEN_LAC,10,C.Ridley,TEN,22.9,11.74,WR
1449,00-0034837,2024_11_MIN_TEN,11,C.Ridley,TEN,7.8,8.35,WR
1450,00-0034837,2024_12_TEN_HOU,12,C.Ridley,TEN,11.8,6.83,WR
1451,00-0034837,2024_13_TEN_WAS,13,C.Ridley,TEN,5.5,9.61,WR
1452,00-0034837,2024_14_JAX_TEN,14,C.Ridley,TEN,9.4,16.04,WR
1453,00-0034837,2024_15_CIN_TEN,15,C.Ridley,TEN,7.5,6.88,WR
1454,00-0034837,2024_16_TEN_IND,16,C.Ridley,TEN,15.3,6.86,WR
1455,00-0034837,2024_17_TEN_JAX,17,C.Ridley,TEN,11.6,8.51,WR
1456,00-0034837,2024_18_HOU_TEN,18,C.Ridley,TEN,8.8,7.26,WR
1457,00-0034844,2024_01_GB_PHI,1,S.Barkley,PHI,32.2,20.32,RB
1458,00-0034844,2024_02_ATL_PHI,2,S.Barkley,PHI,15.6,19.83,RB
1459,00-0034844,2024_03_PHI_NO,3,S.Barkley,PHI,31.6,15.76,RB
1460,00-0034844,2024_04_PHI_TB,4,S.Barkley,PHI,12.6,15.18,RB
1461,00-0034844,2024_06_CLE_PHI,6,S.Barkley,PHI,6.4,10.61,RB
1462,00-0034844,2024_07_PHI_NYG,7,S.Barkley,PHI,25.7,17.07,RB
1463,00-0034844,2024_08_PHI_CIN,8,S.Barkley,PHI,11.6,15.64,RB
1464,00-0034844,2024_09_JAX_PHI,9,S.Barkley,PHI,38.4,18.99,RB
1465,00-0034844,2024_10_PHI_DAL,10,S.Barkley,PHI,8.3,7.8,RB
1466,00-0034844,2024_11_WAS_PHI,11,S.Barkley,PHI,32.8,19.41,RB
1467,00-0034844,2024_12_PHI_LA,12,S.Barkley,PHI,44.2,19.05,RB
1468,00-0034844,2024_13_PHI_BAL,13,S.Barkley,PHI,18.7,15.45,RB
1469,00-0034844,2024_14_CAR_PHI,14,S.Barkley,PHI,14.4,19.59,RB
1470,00-0034844,2024_15_PIT_PHI,15,S.Barkley,PHI,8.4,12.14,RB
1471,00-0034844,2024_16_PHI_WAS,16,S.Barkley,PHI,27.0,21.61,RB
1472,00-0034844,2024_17_DAL_PHI,17,S.Barkley,PHI,17.9,17.84,RB
1473,00-0034844,2024_19_GB_PHI,19,S.Barkley,PHI,13.3,14.38,RB
1474,00-0034854,2024_05_TB_ATL,5,K.Hodge,ATL,13.7,2.72,WR
1475,00-0034854,2024_09_DAL_ATL,9,K.Hodge,ATL,1.4,1.74,WR
1476,00-0034854,2024_11_ATL_DEN,11,K.Hodge,ATL,3.2,1.85,WR
1477,00-0034854,2024_17_ATL_WAS,17,K.Hodge,ATL,1.4,6.45,WR
1478,00-0034854,2024_18_CAR_ATL,18,K.Hodge,ATL,2.9,2.5,WR
1479,00-0034855,2024_01_WAS_TB,1,B.Mayfield,TB,29.66,18.02,QB
1480,00-0034855,2024_02_TB_DET,2,B.Mayfield,TB,20.9,14.64,QB
1481,00-0034855,2024_03_DEN_TB,3,B.Mayfield,TB,9.52,13.64,QB
1482,00-0034855,2024_04_PHI_TB,4,B.Mayfield,TB,28.98,31.04,QB
1483,00-0034855,2024_05_TB_ATL,5,B.Mayfield,TB,23.5,17.46,QB
1484,00-0034855,2024_06_TB_NO,6,B.Mayfield,TB,31.9,18.53,QB
1485,00-0034855,2024_07_BAL_TB,7,B.Mayfield,TB,31.1,31.2,QB
1486,00-0034855,2024_08_ATL_TB,8,B.Mayfield,TB,26.4,23.89,QB
1487,00-0034855,2024_09_TB_KC,9,B.Mayfield,TB,18.0,17.39,QB
1488,00-0034855,2024_10_SF_TB,10,B.Mayfield,TB,8.94,14.73,QB
1489,00-0034855,2024_12_TB_NYG,12,B.Mayfield,TB,19.66,16.45,QB
1490,00-0034855,2024_13_TB_CAR,13,B.Mayfield,TB,14.4,19.24,QB
1491,00-0034855,2024_14_LV_TB,14,B.Mayfield,TB,25.0,16.27,QB
1492,00-0034855,2024_15_TB_LAC,15,B.Mayfield,TB,30.02,16.26,QB
1493,00-0034855,2024_16_TB_DAL,16,B.Mayfield,TB,23.32,23.98,QB
1494,00-0034855,2024_17_CAR_TB,17,B.Mayfield,TB,34.56,23.67,QB
1495,00-0034855,2024_18_NO_TB,18,B.Mayfield,TB,23.74,21.59,QB
1496,00-0034855,2024_19_WAS_TB,19,B.Mayfield,TB,16.7,14.77,QB
1497,00-0034857,2024_01_ARI_BUF,1,J.Allen,BUF,33.28,19.52,QB
1498,00-0034857,2024_02_BUF_MIA,2,J.Allen,BUF,9.86,9.14,QB
1499,00-0034857,2024_03_JAX_BUF,3,J.Allen,BUF,30.92,19.07,QB
1500,00-0034857,2024_04_BUF_BAL,4,J.Allen,BUF,9.3,16.76,QB
1501,00-0034857,2024_05_BUF_HOU,5,J.Allen,BUF,14.64,19.03,QB
1502,00-0034857,2024_06_BUF_NYJ,6,J.Allen,BUF,24.7,22.34,QB
1503,00-0034857,2024_07_TEN_BUF,7,J.Allen,BUF,21.02,22.65,QB
1504,00-0034857,2024_08_BUF_SEA,8,J.Allen,BUF,21.82,25.13,QB
1505,00-0034857,2024_09_MIA_BUF,9,J.Allen,BUF,24.1,21.58,QB
1506,00-0034857,2024_10_BUF_IND,10,J.Allen,BUF,22.2,22.42,QB
1507,00-0034857,2024_11_KC_BUF,11,J.Allen,BUF,26.18,23.13,QB
1508,00-0034857,2024_13_SF_BUF,13,J.Allen,BUF,21.72,12.47,QB
1509,00-0034857,2024_14_BUF_LA,14,J.Allen,BUF,51.88,39.74,QB
1510,00-0034857,2024_15_BUF_DET,15,J.Allen,BUF,41.38,31.33,QB
1511,00-0034857,2024_16_NE_BUF,16,J.Allen,BUF,13.16,20.17,QB
1512,00-0034857,2024_17_NYJ_BUF,17,J.Allen,BUF,22.98,19.78,QB
1513,00-0034857,2024_19_DEN_BUF,19,J.Allen,BUF,25.48,22.76,QB
1514,00-0034860,2024_10_ATL_NO,10,D.Pettis,NO,1.3,0.87,WR
1515,00-0034860,2024_11_CLE_NO,11,D.Pettis,NO,1.4,0.98,WR
1516,00-0034860,2024_13_LA_NO,13,D.Pettis,NO,3.0,3.36,WR
1517,00-0034860,2024_14_NO_NYG,14,D.Pettis,NO,0.0,2.45,WR
1518,00-0034860,2024_15_WAS_NO,15,D.Pettis,NO,3.4,7.86,WR
1519,00-0034860,2024_16_NO_GB,16,D.Pettis,NO,4.1,8.23,WR
1520,00-0034860,2024_17_LV_NO,17,D.Pettis,NO,4.2,5.45,WR
1521,00-0034860,2024_18_NO_TB,18,D.Pettis,NO,8.6,8.82,WR
1522,00-0034869,2024_01_MIN_NYG,1,S.Darnold,MIN,15.72,14.38,QB
1523,00-0034869,2024_02_SF_MIN,2,S.Darnold,MIN,21.12,14.26,QB
1524,00-0034869,2024_03_HOU_MIN,3,S.Darnold,MIN,23.24,17.26,QB
1525,00-0034869,2024_04_MIN_GB,4,S.Darnold,MIN,24.8,18.85,QB
1526,00-0034869,2024_05_NYJ_MIN,5,S.Darnold,MIN,7.46,16.19,QB
1527,00-0034869,2024_07_DET_MIN,7,S.Darnold,MIN,18.26,15.78,QB
1528,00-0034869,2024_08_MIN_LA,8,S.Darnold,MIN,18.3,15.16,QB
1529,00-0034869,2024_09_IND_MIN,9,S.Darnold,MIN,25.1,21.77,QB
1530,00-0034869,2024_10_MIN_JAX,10,S.Darnold,MIN,12.54,22.05,QB
1531,00-0034869,2024_11_MIN_TEN,11,S.Darnold,MIN,24.74,23.92,QB
1532,00-0034869,2024_12_MIN_CHI,12,S.Darnold,MIN,21.1,17.6,QB
1533,00-0034869,2024_13_ARI_MIN,13,S.Darnold,MIN,18.7,20.36,QB
1534,00-0034869,2024_14_ATL_MIN,14,S.Darnold,MIN,34.68,20.71,QB
1535,00-0034869,2024_15_CHI_MIN,15,S.Darnold,MIN,13.24,17.55,QB
1536,00-0034869,2024_16_MIN_SEA,16,S.Darnold,MIN,23.24,17.73,QB
1537,00-0034869,2024_17_GB_MIN,17,S.Darnold,MIN,27.08,20.09,QB
1538,00-0034869,2024_18_MIN_DET,18,S.Darnold,MIN,7.74,29.33,QB
1539,00-0034928,2024_04_JAX_HOU,4,S.Sims,HOU,0.0,0.49,WR
1540,00-0034928,2024_19_PIT_BAL,19,S.Sims,BAL,1.5,0.49,WR
1541,00-0034959,2024_06_ARI_GB,6,A.Beck,GB,0.0,0.87,RB
1542,00-0034959,2024_16_HOU_KC,16,A.Beck,HOU,0.0,1.47,RB
1543,00-0034960,2024_01_LV_LAC,1,J.Meyers,LV,7.9,4.41,WR
1544,00-0034960,2024_02_LV_BAL,2,J.Meyers,LV,4.9,6.36,WR
1545,00-0034960,2024_03_CAR_LV,3,J.Meyers,LV,17.7,12.13,WR
1546,00-0034960,2024_04_CLE_LV,4,J.Meyers,LV,7.4,12.51,WR
1547,00-0034960,2024_05_LV_DEN,5,J.Meyers,LV,10.2,10.14,WR
1548,00-0034960,2024_08_KC_LV,8,J.Meyers,LV,14.2,7.96,WR
1549,00-0034960,2024_09_LV_CIN,9,J.Meyers,LV,14.5,13.57,WR
1550,00-0034960,2024_11_LV_MIA,11,J.Meyers,LV,6.8,6.27,WR
1551,00-0034960,2024_12_DEN_LV,12,J.Meyers,LV,17.1,18.9,WR
1552,00-0034960,2024_13_LV_KC,13,J.Meyers,LV,12.7,13.03,WR
1553,00-0034960,2024_14_LV_TB,14,J.Meyers,LV,10.2,10.69,WR
1554,00-0034960,2024_15_ATL_LV,15,J.Meyers,LV,8.4,10.57,WR
1555,00-0034960,2024_16_JAX_LV,16,J.Meyers,LV,5.1,9.54,WR
1556,00-0034960,2024_17_LV_NO,17,J.Meyers,LV,14.6,13.58,WR
1557,00-0034960,2024_18_LAC_LV,18,J.Meyers,LV,22.8,13.6,WR
1558,00-0034972,2024_01_LV_LAC,1,A.Mattison,LV,14.2,7.8,RB
1559,00-0034972,2024_02_LV_BAL,2,A.Mattison,LV,6.1,4.98,RB
1560,00-0034972,2024_03_CAR_LV,3,A.Mattison,LV,11.9,6.26,RB
1561,00-0034972,2024_04_CLE_LV,4,A.Mattison,LV,6.0,3.34,RB
1562,00-0034972,2024_05_LV_DEN,5,A.Mattison,LV,9.1,12.88,RB
1563,00-0034972,2024_06_PIT_LV,6,A.Mattison,LV,15.0,15.66,RB
1564,00-0034972,2024_07_LV_LA,7,A.Mattison,LV,13.8,14.06,RB
1565,00-0034972,2024_08_KC_LV,8,A.Mattison,LV,6.9,20.84,RB
1566,00-0034972,2024_09_LV_CIN,9,A.Mattison,LV,3.6,5.56,RB
1567,00-0034972,2024_11_LV_MIA,11,A.Mattison,LV,8.4,7.41,RB
1568,00-0034972,2024_15_ATL_LV,15,A.Mattison,LV,2.4,7.15,RB
1569,00-0034972,2024_16_JAX_LV,16,A.Mattison,LV,13.6,15.58,RB
1570,00-0034972,2024_17_LV_NO,17,A.Mattison,LV,4.3,10.31,RB
1571,00-0034972,2024_18_LAC_LV,18,A.Mattison,LV,5.1,7.75,RB
1573,00-0034975,2024_01_BAL_KC,1,J.Hill,BAL,8.5,9.49,RB
1574,00-0034975,2024_02_LV_BAL,2,J.Hill,BAL,3.7,3.71,RB
1575,00-0034975,2024_03_BAL_DAL,3,J.Hill,BAL,6.4,4.32,RB
1576,00-0034975,2024_04_BUF_BAL,4,J.Hill,BAL,18.6,9.11,RB
1577,00-0034975,2024_05_BAL_CIN,5,J.Hill,BAL,3.0,4.32,RB
1578,00-0034975,2024_06_WAS_BAL,6,J.Hill,BAL,0.9,1.37,RB
1579,00-0034975,2024_07_BAL_TB,7,J.Hill,BAL,12.3,5.07,RB
1580,00-0034975,2024_08_BAL_CLE,8,J.Hill,BAL,2.4,1.97,RB
1581,00-0034975,2024_09_DEN_BAL,9,J.Hill,BAL,7.3,8.39,RB
1582,00-0034975,2024_10_CIN_BAL,10,J.Hill,BAL,0.8,2.87,RB
1583,00-0034975,2024_11_BAL_PIT,11,J.Hill,BAL,6.1,8.27,RB
1584,00-0034975,2024_12_BAL_LAC,12,J.Hill,BAL,13.2,3.82,RB
1585,00-0034975,2024_13_PHI_BAL,13,J.Hill,BAL,4.1,6.92,RB
1586,00-0034975,2024_15_BAL_NYG,15,J.Hill,BAL,15.3,5.56,RB
1587,00-0034975,2024_16_PIT_BAL,16,J.Hill,BAL,3.0,1.97,RB
1588,00-0034975,2024_19_PIT_BAL,19,J.Hill,BAL,10.5,7.51,RB
1589,00-0034981,2024_01_CAR_NO,1,F.Moreau,NO,12.3,8.26,TE
1590,00-0034981,2024_03_PHI_NO,3,F.Moreau,NO,0.7,1.74,TE
1591,00-0034981,2024_05_NO_KC,5,F.Moreau,NO,8.3,3.72,TE
1592,00-0034981,2024_06_TB_NO,6,F.Moreau,NO,6.4,2.45,TE
1593,00-0034981,2024_07_DEN_NO,7,F.Moreau,NO,4.8,2.45,TE
1594,00-0034981,2024_08_NO_LAC,8,F.Moreau,NO,0.0,2.1,TE
1595,00-0034981,2024_09_NO_CAR,9,F.Moreau,NO,8.2,4.89,TE
1596,00-0034981,2024_10_ATL_NO,10,F.Moreau,NO,0.0,2.53,TE
1597,00-0034981,2024_11_CLE_NO,11,F.Moreau,NO,6.5,5.39,TE
1598,00-0034981,2024_13_LA_NO,13,F.Moreau,NO,1.6,4.42,TE
1599,00-0034981,2024_14_NO_NYG,14,F.Moreau,NO,5.0,2.45,TE
1600,00-0034981,2024_15_WAS_NO,15,F.Moreau,NO,11.9,6.29,TE
1601,00-0034981,2024_16_NO_GB,16,F.Moreau,NO,4.3,3.81,TE
1602,00-0034981,2024_17_LV_NO,17,F.Moreau,NO,12.2,6.16,TE
1603,00-0034981,2024_18_NO_TB,18,F.Moreau,NO,5.1,3.81,TE
1604,00-0035021,2024_01_HOU_IND,1,A.Dulin,IND,11.9,1.47,WR
1605,00-0035021,2024_02_IND_GB,2,A.Dulin,IND,1.8,2.46,WR
1606,00-0035021,2024_03_CHI_IND,3,A.Dulin,IND,0.0,2.59,WR
1607,00-0035021,2024_05_IND_JAX,5,A.Dulin,IND,0.9,0.49,WR
1608,00-0035021,2024_06_IND_TEN,6,A.Dulin,IND,0.0,1.48,WR
1609,00-0035021,2024_07_MIA_IND,7,A.Dulin,IND,1.2,0.49,WR
1610,00-0035021,2024_09_IND_MIN,9,A.Dulin,IND,1.7,3.44,WR
1611,00-0035021,2024_10_BUF_IND,10,A.Dulin,IND,0.7,0.49,WR
1612,00-0035021,2024_12_DET_IND,12,A.Dulin,IND,0.0,1.48,WR
1613,00-0035125,2024_01_JAX_MIA,1,A.Ingold,MIA,0.8,1.86,RB
1614,00-0035125,2024_02_BUF_MIA,2,A.Ingold,MIA,0.2,0.99,RB
1615,00-0035125,2024_03_MIA_SEA,3,A.Ingold,MIA,2.9,3.8,RB
1616,00-0035125,2024_05_MIA_NE,5,A.Ingold,MIA,6.3,2.26,RB
1617,00-0035125,2024_07_MIA_IND,7,A.Ingold,MIA,1.9,2.58,RB
1618,00-0035125,2024_08_ARI_MIA,8,A.Ingold,MIA,3.7,3.33,RB
1619,00-0035125,2024_13_MIA_GB,13,A.Ingold,MIA,2.5,1.85,RB
1620,00-0035125,2024_16_SF_MIA,16,A.Ingold,MIA,0.4,0.49,RB
1621,00-0035125,2024_18_MIA_NYJ,18,A.Ingold,MIA,3.1,1.74,RB
1622,00-0035140,2024_05_NO_KC,5,M.Hardman,KC,5.3,3.53,WR
1623,00-0035140,2024_07_KC_SF,7,M.Hardman,KC,12.0,3.48,WR
1624,00-0035140,2024_08_KC_LV,8,M.Hardman,KC,1.3,0.98,WR
1625,00-0035140,2024_09_TB_KC,9,M.Hardman,KC,3.2,3.34,WR
1626,00-0035140,2024_10_DEN_KC,10,M.Hardman,KC,0.8,0.87,WR
1627,00-0035140,2024_11_KC_BUF,11,M.Hardman,KC,3.1,3.21,WR
1628,00-0035140,2024_12_KC_CAR,12,M.Hardman,KC,1.5,1.15,WR
1631,00-0035208,2024_01_WAS_TB,1,O.Zaccheaus,WAS,2.0,3.39,WR
1632,00-0035208,2024_02_NYG_WAS,2,O.Zaccheaus,WAS,2.9,2.61,WR
1633,00-0035208,2024_04_WAS_ARI,4,O.Zaccheaus,WAS,11.5,6.65,WR
1634,00-0035208,2024_05_CLE_WAS,5,O.Zaccheaus,WAS,1.5,2.94,WR
1635,00-0035208,2024_06_WAS_BAL,6,O.Zaccheaus,WAS,4.7,6.75,WR
1636,00-0035208,2024_07_CAR_WAS,7,O.Zaccheaus,WAS,4.5,6.21,WR
1637,00-0035208,2024_09_WAS_NYG,9,O.Zaccheaus,WAS,5.8,2.93,WR
1638,00-0035208,2024_10_PIT_WAS,10,O.Zaccheaus,WAS,1.3,2.96,WR
1639,00-0035208,2024_11_WAS_PHI,11,O.Zaccheaus,WAS,1.5,1.96,WR
1640,00-0035208,2024_12_DAL_WAS,12,O.Zaccheaus,WAS,1.3,0.98,WR
1641,00-0035208,2024_13_TEN_WAS,13,O.Zaccheaus,WAS,2.9,2.72,WR
1642,00-0035208,2024_15_WAS_NO,15,O.Zaccheaus,WAS,5.1,4.53,WR
1643,00-0035208,2024_16_PHI_WAS,16,O.Zaccheaus,WAS,21.5,11.18,WR
1644,00-0035208,2024_17_ATL_WAS,17,O.Zaccheaus,WAS,19.3,12.83,WR
1645,00-0035208,2024_18_WAS_DAL,18,O.Zaccheaus,WAS,6.1,8.91,WR
1646,00-0035208,2024_19_WAS_TB,19,O.Zaccheaus,WAS,3.4,2.72,WR
1647,00-0035216,2024_01_CAR_NO,1,Dio.Johnson,CAR,2.9,9.91,WR
1648,00-0035216,2024_02_LAC_CAR,2,Dio.Johnson,CAR,3.0,6.09,WR
1649,00-0035216,2024_03_CAR_LV,3,Di.Johnson,CAR,22.2,21.32,WR
1650,00-0035216,2024_04_CIN_CAR,4,Di.Johnson,CAR,17.8,18.73,WR
1651,00-0035216,2024_05_CAR_CHI,5,Di.Johnson,CAR,4.4,8.82,WR
1652,00-0035216,2024_06_ATL_CAR,6,Di.Johnson,CAR,16.8,12.23,WR
1653,00-0035216,2024_07_CAR_WAS,7,Di.Johnson,CAR,2.2,3.93,WR
1654,00-0035216,2024_10_CIN_BAL,10,D.Johnson,BAL,1.1,2.94,WR
1655,00-0035216,2024_11_BAL_PIT,11,D.Johnson,BAL,0.0,3.92,WR
1656,00-0035216,2024_12_BAL_LAC,12,D.Johnson,BAL,0.0,1.96,WR
1657,00-0035216,2024_18_HOU_TEN,18,D.Johnson,HOU,2.2,5.61,WR
1658,00-0035216,2024_19_LAC_HOU,19,D.Johnson,HOU,1.7,0.98,WR
1659,00-0035228,2024_01_ARI_BUF,1,K.Murray,ARI,16.28,16.69,QB
1660,00-0035228,2024_02_LA_ARI,2,K.Murray,ARI,28.54,17.77,QB
1661,00-0035228,2024_03_DET_ARI,3,K.Murray,ARI,16.78,18.53,QB
1662,00-0035228,2024_04_WAS_ARI,4,K.Murray,ARI,8.98,10.73,QB
1663,00-0035228,2024_05_ARI_SF,5,K.Murray,ARI,26.4,16.78,QB
1664,00-0035228,2024_06_ARI_GB,6,K.Murray,ARI,10.96,17.17,QB
1665,00-0035228,2024_07_LAC_ARI,7,K.Murray,ARI,22.5,11.12,QB
1666,00-0035228,2024_08_ARI_MIA,8,K.Murray,ARI,22.28,18.79,QB
1667,00-0035228,2024_09_CHI_ARI,9,K.Murray,ARI,4.76,13.06,QB
1668,00-0035228,2024_10_NYJ_ARI,10,K.Murray,ARI,28.74,15.57,QB
1669,00-0035228,2024_12_ARI_SEA,12,K.Murray,ARI,12.3,19.67,QB
1670,00-0035228,2024_13_ARI_MIN,13,K.Murray,ARI,19.2,22.67,QB
1671,00-0035228,2024_14_SEA_ARI,14,K.Murray,ARI,22.06,23.51,QB
1672,00-0035228,2024_15_NE_ARI,15,K.Murray,ARI,10.06,16.14,QB
1673,00-0035228,2024_16_ARI_CAR,16,K.Murray,ARI,23.38,20.71,QB
1674,00-0035228,2024_17_ARI_LA,17,K.Murray,ARI,20.04,25.04,QB
1675,00-0035228,2024_18_SF_ARI,18,K.Murray,ARI,27.88,22.23,QB
1676,00-0035229,2024_09_IND_MIN,9,T.Hockenson,MIN,4.2,6.11,TE
1677,00-0035229,2024_10_MIN_JAX,10,T.Hockenson,MIN,11.2,9.33,TE
1678,00-0035229,2024_11_MIN_TEN,11,T.Hockenson,MIN,2.3,2.94,TE
1679,00-0035229,2024_12_MIN_CHI,12,T.Hockenson,MIN,14.9,10.79,TE
1680,00-0035229,2024_13_ARI_MIN,13,T.Hockenson,MIN,4.3,5.69,TE
1681,00-0035229,2024_14_ATL_MIN,14,T.Hockenson,MIN,6.5,7.4,TE
1682,00-0035229,2024_15_CHI_MIN,15,T.Hockenson,MIN,7.7,7.74,TE
1683,00-0035229,2024_16_MIN_SEA,16,T.Hockenson,MIN,3.7,6.37,TE
1684,00-0035229,2024_17_GB_MIN,17,T.Hockenson,MIN,9.3,7.41,TE
1685,00-0035229,2024_18_MIN_DET,18,T.Hockenson,MIN,1.9,11.19,TE
1686,00-0035243,2024_01_CAR_NO,1,M.Sanders,CAR,2.2,4.99,RB
1687,00-0035243,2024_02_LAC_CAR,2,M.Sanders,CAR,4.0,6.17,RB
1688,00-0035243,2024_03_CAR_LV,3,M.Sanders,CAR,10.0,8.35,RB
1689,00-0035243,2024_04_CIN_CAR,4,M.Sanders,CAR,6.1,6.44,RB
1690,00-0035243,2024_05_CAR_CHI,5,M.Sanders,CAR,4.3,4.31,RB
1691,00-0035243,2024_06_ATL_CAR,6,M.Sanders,CAR,1.8,2.63,RB
1692,00-0035243,2024_07_CAR_WAS,7,M.Sanders,CAR,3.3,3.62,RB
1693,00-0035243,2024_08_CAR_DEN,8,M.Sanders,CAR,8.0,6.69,RB
1694,00-0035243,2024_09_NO_CAR,9,M.Sanders,CAR,0.0,2.73,RB
1695,00-0035243,2024_10_NYG_CAR,10,M.Sanders,CAR,0.5,0.99,RB
1696,00-0035243,2024_18_CAR_ATL,18,M.Sanders,CAR,25.1,16.78,RB
1697,00-0035249,2024_01_MIN_NYG,1,J.Oliver,MIN,3.7,2.93,TE
1698,00-0035249,2024_03_HOU_MIN,3,J.Oliver,MIN,0.0,1.5,TE
1699,00-0035249,2024_04_MIN_GB,4,J.Oliver,MIN,8.0,2.49,TE
1700,00-0035249,2024_07_DET_MIN,7,J.Oliver,MIN,1.0,0.98,TE
1701,00-0035249,2024_08_MIN_LA,8,J.Oliver,MIN,10.0,3.83,TE
1702,00-0035249,2024_09_IND_MIN,9,J.Oliver,MIN,14.3,6.43,TE
1703,00-0035249,2024_10_MIN_JAX,10,J.Oliver,MIN,7.2,8.07,TE
1704,00-0035249,2024_11_MIN_TEN,11,J.Oliver,MIN,4.9,2.83,TE
1705,00-0035249,2024_14_ATL_MIN,14,J.Oliver,MIN,3.1,1.96,TE
1706,00-0035249,2024_16_MIN_SEA,16,J.Oliver,MIN,0.0,0.98,TE
1707,00-0035249,2024_18_MIN_DET,18,J.Oliver,MIN,2.6,2.94,TE
1708,00-0035250,2024_01_MIN_NYG,1,D.Singletary,NYG,7.2,10.53,RB
1709,00-0035250,2024_02_NYG_WAS,2,D.Singletary,NYG,15.0,9.69,RB
1710,00-0035250,2024_03_NYG_CLE,3,D.Singletary,NYG,17.8,15.65,RB
1711,00-0035250,2024_04_DAL_NYG,4,D.Singletary,NYG,4.3,8.23,RB
1712,00-0035250,2024_07_PHI_NYG,7,D.Singletary,NYG,2.6,3.34,RB
1713,00-0035250,2024_08_NYG_PIT,8,D.Singletary,NYG,3.3,3.82,RB
1714,00-0035250,2024_09_WAS_NYG,9,D.Singletary,NYG,3.3,3.45,RB
1715,00-0035250,2024_10_NYG_CAR,10,D.Singletary,NYG,5.0,4.93,RB
1716,00-0035250,2024_12_TB_NYG,12,D.Singletary,NYG,8.0,5.84,RB
1717,00-0035250,2024_13_NYG_DAL,13,D.Singletary,NYG,2.3,4.32,RB
1718,00-0035250,2024_14_NO_NYG,14,D.Singletary,NYG,0.8,0.99,RB
1719,00-0035250,2024_15_BAL_NYG,15,D.Singletary,NYG,11.6,9.4,RB
1720,00-0035250,2024_16_NYG_ATL,16,D.Singletary,NYG,1.2,1.97,RB
1721,00-0035250,2024_17_IND_NYG,17,D.Singletary,NYG,3.5,3.45,RB
1722,00-0035250,2024_18_NYG_PHI,18,D.Singletary,NYG,2.2,4.32,RB
1723,00-0035261,2024_01_TEN_CHI,1,T.Pollard,TEN,16.9,11.6,RB
1724,00-0035261,2024_02_NYJ_TEN,2,T.Pollard,TEN,12.7,15.61,RB
1725,00-0035261,2024_03_GB_TEN,3,T.Pollard,TEN,4.4,6.55,RB
1726,00-0035261,2024_04_TEN_MIA,4,T.Pollard,TEN,17.8,18.71,RB
1727,00-0035261,2024_06_IND_TEN,6,T.Pollard,TEN,16.3,11.11,RB
1728,00-0035261,2024_07_TEN_BUF,7,T.Pollard,TEN,7.5,13.33,RB
1729,00-0035261,2024_08_TEN_DET,8,T.Pollard,TEN,13.2,14.21,RB
1730,00-0035261,2024_09_NE_TEN,9,T.Pollard,TEN,16.9,18.43,RB
1731,00-0035261,2024_10_TEN_LAC,10,T.Pollard,TEN,8.3,7.92,RB
1732,00-0035261,2024_11_MIN_TEN,11,T.Pollard,TEN,3.9,8.4,RB
1733,00-0035261,2024_12_TEN_HOU,12,T.Pollard,TEN,20.4,16.75,RB
1734,00-0035261,2024_13_TEN_WAS,13,T.Pollard,TEN,7.8,9.99,RB
1735,00-0035261,2024_14_JAX_TEN,14,T.Pollard,TEN,13.4,13.98,RB
1736,00-0035261,2024_15_CIN_TEN,15,T.Pollard,TEN,9.5,10.99,RB
1737,00-0035261,2024_16_TEN_IND,16,T.Pollard,TEN,7.0,10.29,RB
1738,00-0035261,2024_18_HOU_TEN,18,T.Pollard,TEN,6.2,11.01,RB
1739,00-0035264,2024_18_KC_DEN,18,J.Stidham,DEN,0.8,0.8,QB
1741,00-0035289,2024_01_LV_LAC,1,G.Minshew,LV,14.78,13.89,QB
1742,00-0035289,2024_02_LV_BAL,2,G.Minshew,LV,15.04,19.88,QB
1743,00-0035289,2024_03_CAR_LV,3,G.Minshew,LV,15.96,14.18,QB
1744,00-0035289,2024_04_CLE_LV,4,G.Minshew,LV,5.2,9.5,QB
1745,00-0035289,2024_05_LV_DEN,5,G.Minshew,LV,11.68,9.34,QB
1746,00-0035289,2024_07_LV_LA,7,G.Minshew,LV,6.36,15.25,QB
1747,00-0035289,2024_08_KC_LV,8,G.Minshew,LV,17.06,14.56,QB
1748,00-0035289,2024_09_LV_CIN,9,G.Minshew,LV,3.96,7.8,QB
1749,00-0035289,2024_11_LV_MIA,11,G.Minshew,LV,19.98,19.38,QB
1750,00-0035289,2024_12_DEN_LV,12,G.Minshew,LV,13.7,18.99,QB
1751,00-0035298,2024_03_LAC_PIT,3,S.Miller,PIT,4.1,1.96,WR
1752,00-0035298,2024_08_NYG_PIT,8,S.Miller,PIT,0.0,2.53,WR
1753,00-0035298,2024_14_CLE_PIT,14,S.Miller,PIT,5.3,5.19,WR
1754,00-0035298,2024_15_PIT_PHI,15,S.Miller,PIT,0.0,0.98,WR
1755,00-0035311,2024_01_MIN_NYG,1,M.Gaskin,MIN,-0.3,0.49,RB
1756,00-0035311,2024_05_NYJ_MIN,5,M.Gaskin,MIN,1.8,2.02,RB
1757,00-0035341,2024_01_NE_CIN,1,T.Irwin,CIN,1.1,3.12,WR
1758,00-0035341,2024_02_CIN_KC,2,T.Irwin,CIN,1.0,12.29,WR
1759,00-0035341,2024_08_PHI_CIN,8,T.Irwin,CIN,0.9,1.6,WR
1760,00-0035341,2024_09_LV_CIN,9,T.Irwin,CIN,0.0,1.27,WR
1761,00-0035406,2024_01_DEN_SEA,1,L.Humphrey,DEN,0.0,0.98,WR
1762,00-0035406,2024_02_PIT_DEN,2,L.Humphrey,DEN,7.0,4.87,WR
1763,00-0035406,2024_03_DEN_TB,3,L.Humphrey,DEN,6.7,8.12,WR
1764,00-0035406,2024_04_DEN_NYJ,4,L.Humphrey,DEN,0.0,1.47,WR
1765,00-0035406,2024_05_LV_DEN,5,L.Humphrey,DEN,5.8,2.34,WR
1766,00-0035406,2024_06_LAC_DEN,6,L.Humphrey,DEN,1.3,0.98,WR
1767,00-0035406,2024_07_DEN_NO,7,L.Humphrey,DEN,2.2,3.43,WR
1768,00-0035406,2024_08_CAR_DEN,8,L.Humphrey,DEN,4.2,8.36,WR
1769,00-0035406,2024_09_DEN_BAL,9,L.Humphrey,DEN,2.1,9.04,WR
1770,00-0035406,2024_10_DEN_KC,10,L.Humphrey,DEN,3.3,3.21,WR
1771,00-0035406,2024_11_ATL_DEN,11,L.Humphrey,DEN,13.2,3.77,WR
1772,00-0035406,2024_12_DEN_LV,12,L.Humphrey,DEN,1.4,3.21,WR
1773,00-0035406,2024_15_IND_DEN,15,L.Humphrey,DEN,0.0,1.14,WR
1774,00-0035406,2024_18_KC_DEN,18,L.Humphrey,DEN,3.6,2.46,WR
1775,00-0035500,2024_01_ARI_BUF,1,G.Dortch,ARI,8.1,9.21,WR
1776,00-0035500,2024_02_LA_ARI,2,G.Dortch,ARI,2.1,1.85,WR
1777,00-0035500,2024_03_DET_ARI,3,G.Dortch,ARI,5.0,7.3,WR
1778,00-0035500,2024_04_WAS_ARI,4,G.Dortch,ARI,5.8,3.96,WR
1779,00-0035500,2024_05_ARI_SF,5,G.Dortch,ARI,1.2,1.74,WR
1780,00-0035500,2024_06_ARI_GB,6,G.Dortch,ARI,5.1,5.18,WR
1781,00-0035500,2024_07_LAC_ARI,7,G.Dortch,ARI,7.0,3.53,WR
1782,00-0035500,2024_08_ARI_MIA,8,G.Dortch,ARI,1.4,2.68,WR
1783,00-0035500,2024_09_CHI_ARI,9,G.Dortch,ARI,0.0,0.98,WR
1784,00-0035500,2024_10_NYJ_ARI,10,G.Dortch,ARI,0.4,0.87,WR
1785,00-0035500,2024_12_ARI_SEA,12,G.Dortch,ARI,1.0,2.78,WR
1786,00-0035500,2024_13_ARI_MIN,13,G.Dortch,ARI,1.7,3.1,WR
1787,00-0035500,2024_14_SEA_ARI,14,G.Dortch,ARI,1.0,0.87,WR
1788,00-0035500,2024_15_NE_ARI,15,G.Dortch,ARI,14.1,3.76,WR
1789,00-0035500,2024_16_ARI_CAR,16,G.Dortch,ARI,3.2,1.36,WR
1790,00-0035500,2024_17_ARI_LA,17,G.Dortch,ARI,3.3,2.83,WR
1791,00-0035500,2024_18_SF_ARI,18,G.Dortch,ARI,19.4,4.84,WR
1792,00-0035535,2024_01_MIN_NYG,1,D.Slayton,NYG,4.1,5.15,WR
1793,00-0035535,2024_02_NYG_WAS,2,D.Slayton,NYG,4.8,6.49,WR
1794,00-0035535,2024_03_NYG_CLE,3,D.Slayton,NYG,1.2,1.96,WR
1795,00-0035535,2024_04_DAL_NYG,4,D.Slayton,NYG,7.1,7.04,WR
1796,00-0035535,2024_05_NYG_SEA,5,D.Slayton,NYG,22.2,13.12,WR
1797,00-0035535,2024_06_CIN_NYG,6,D.Slayton,NYG,8.7,12.23,WR
1798,00-0035535,2024_07_PHI_NYG,7,D.Slayton,NYG,1.6,3.99,WR
1799,00-0035535,2024_08_NYG_PIT,8,D.Slayton,NYG,12.8,9.31,WR
1800,00-0035535,2024_09_WAS_NYG,9,D.Slayton,NYG,7.5,4.58,WR
1801,00-0035535,2024_12_TB_NYG,12,D.Slayton,NYG,0.0,4.29,WR
1802,00-0035535,2024_13_NYG_DAL,13,D.Slayton,NYG,1.8,7.25,WR
1803,00-0035535,2024_14_NO_NYG,14,D.Slayton,NYG,3.7,8.23,WR
1804,00-0035535,2024_15_BAL_NYG,15,D.Slayton,NYG,2.1,0.98,WR
1805,00-0035535,2024_16_NYG_ATL,16,D.Slayton,NYG,3.2,4.15,WR
1806,00-0035535,2024_17_IND_NYG,17,D.Slayton,NYG,9.7,3.95,WR
1807,00-0035535,2024_18_NYG_PHI,18,D.Slayton,NYG,0.0,0.98,WR
1808,00-0035537,2024_01_ARI_BUF,1,Ty.Johnson,BUF,0.7,2.16,RB
1809,00-0035537,2024_02_BUF_MIA,2,Ty.Johnson,BUF,3.7,3.44,RB
1810,00-0035537,2024_03_JAX_BUF,3,Ty.Johnson,BUF,12.1,8.4,RB
1811,00-0035537,2024_04_BUF_BAL,4,Ty.Johnson,BUF,6.3,2.32,RB
1812,00-0035537,2024_05_BUF_HOU,5,Ty.Johnson,BUF,1.5,1.48,RB
1813,00-0035537,2024_06_BUF_NYJ,6,Ty.Johnson,BUF,3.4,1.97,RB
1814,00-0035537,2024_07_TEN_BUF,7,Ty.Johnson,BUF,6.9,3.04,RB
1815,00-0035537,2024_08_BUF_SEA,8,Ty.Johnson,BUF,0.0,2.53,RB
1816,00-0035537,2024_09_MIA_BUF,9,Ty.Johnson,BUF,2.3,1.48,RB
1817,00-0035537,2024_10_BUF_IND,10,Ty.Johnson,BUF,4.7,2.83,RB
1818,00-0035537,2024_11_KC_BUF,11,Ty.Johnson,BUF,1.8,3.45,RB
1819,00-0035537,2024_13_SF_BUF,13,Ty.Johnson,BUF,4.2,3.34,RB
1820,00-0035537,2024_14_BUF_LA,14,Ty.Johnson,BUF,12.5,2.72,RB
1821,00-0035537,2024_15_BUF_DET,15,Ty.Johnson,BUF,14.8,10.23,RB
1822,00-0035537,2024_16_NE_BUF,16,Ty.Johnson,BUF,3.0,4.91,RB
1823,00-0035537,2024_17_NYJ_BUF,17,Ty.Johnson,BUF,3.0,2.96,RB
1824,00-0035537,2024_18_BUF_NE,18,Ty.Johnson,BUF,1.8,3.81,RB
1825,00-0035537,2024_19_DEN_BUF,19,Ty.Johnson,BUF,14.0,8.36,RB
1826,00-0035544,2024_02_TB_DET,2,T.Kennedy,DET,0.0,1.05,WR
1827,00-0035547,2024_05_NO_KC,5,J.Fortson,KC,1.0,0.98,TE
1828,00-0035547,2024_07_KC_SF,7,J.Fortson,KC,0.0,0.87,TE
1829,00-0035547,2024_08_KC_LV,8,J.Fortson,KC,0.0,2.6,TE
1830,00-0035567,2024_06_DET_DAL,6,C.Reynolds,DET,2.1,2.96,RB
1831,00-0035567,2024_08_TEN_DET,8,C.Reynolds,DET,0.3,1.48,RB
1832,00-0035567,2024_11_JAX_DET,11,C.Reynolds,DET,2.1,0.99,RB
1833,00-0035567,2024_12_DET_IND,12,C.Reynolds,DET,0.6,0.49,RB
1834,00-0035567,2024_16_DET_CHI,16,C.Reynolds,DET,2.8,2.84,RB
1835,00-0035567,2024_17_DET_SF,17,C.Reynolds,DET,7.6,5.3,RB
1836,00-0035567,2024_18_MIN_DET,18,C.Reynolds,DET,3.9,5.8,RB
1837,00-0035594,2024_01_TEN_CHI,1,T.Homer,CHI,1.0,0.99,RB
1838,00-0035594,2024_02_CHI_HOU,2,T.Homer,CHI,0.6,0.49,RB
1839,00-0035594,2024_14_CHI_SF,14,T.Homer,CHI,2.6,2.83,RB
1840,00-0035594,2024_15_CHI_MIN,15,T.Homer,CHI,0.7,1.48,RB
1841,00-0035602,2024_06_PIT_LV,6,A.Bachman,LV,4.6,4.53,WR
1842,00-0035628,2024_02_CLE_JAX,2,D.Johnson,JAX,2.6,2.94,RB
1843,00-0035628,2024_03_JAX_BUF,3,D.Johnson,JAX,1.2,1.86,RB
1844,00-0035628,2024_04_JAX_HOU,4,D.Johnson,JAX,0.0,0.99,RB
1845,00-0035628,2024_05_IND_JAX,5,D.Johnson,JAX,2.0,3.21,RB
1846,00-0035628,2024_06_JAX_CHI,6,D.Johnson,JAX,5.4,4.89,RB
1847,00-0035628,2024_07_NE_JAX,7,D.Johnson,JAX,8.5,9.32,RB
1848,00-0035628,2024_08_GB_JAX,8,D.Johnson,JAX,2.8,2.46,RB
1849,00-0035628,2024_09_JAX_PHI,9,D.Johnson,JAX,0.6,6.24,RB
1850,00-0035628,2024_11_JAX_DET,11,D.Johnson,JAX,0.3,0.99,RB
1851,00-0035628,2024_16_JAX_LV,16,D.Johnson,JAX,1.3,1.96,RB
1852,00-0035628,2024_17_TEN_JAX,17,D.Johnson,JAX,2.1,1.74,RB
1853,00-0035628,2024_18_JAX_IND,18,D.Johnson,JAX,3.1,2.95,RB
1854,00-0035631,2024_02_CIN_KC,2,D.Sample,CIN,4.3,2.83,TE
1855,00-0035631,2024_04_CIN_CAR,4,D.Sample,CIN,0.5,0.87,TE
1856,00-0035631,2024_07_CIN_CLE,7,D.Sample,CIN,0.0,0.98,TE
1857,00-0035631,2024_09_LV_CIN,9,D.Sample,CIN,9.4,6.24,TE
1858,00-0035631,2024_11_CIN_LAC,11,D.Sample,CIN,1.0,3.29,TE
1859,00-0035631,2024_13_PIT_CIN,13,D.Sample,CIN,1.8,1.85,TE
1860,00-0035631,2024_14_CIN_DAL,14,D.Sample,CIN,2.3,1.85,TE
1861,00-0035631,2024_15_CIN_TEN,15,D.Sample,CIN,1.3,0.87,TE
1862,00-0035631,2024_16_CLE_CIN,16,D.Sample,CIN,1.7,0.98,TE
1863,00-0035631,2024_17_DEN_CIN,17,D.Sample,CIN,0.8,0.98,TE
1864,00-0035631,2024_18_CIN_PIT,18,D.Sample,CIN,3.4,3.61,TE
1865,00-0035639,2024_03_PHI_NO,3,P.Campbell,PHI,2.3,1.96,WR
1866,00-0035639,2024_04_PHI_TB,4,P.Campbell,PHI,9.7,5.73,WR
1867,00-0035639,2024_07_PHI_NYG,7,P.Campbell,PHI,0.0,0.98,WR
1868,00-0035639,2024_13_PHI_BAL,13,P.Campbell,PHI,0.0,0.98,WR
1869,00-0035640,2024_01_DEN_SEA,1,D.Metcalf,SEA,4.4,6.0,WR
1870,00-0035640,2024_02_SEA_NE,2,D.Metcalf,SEA,23.9,15.9,WR
1871,00-0035640,2024_03_MIA_SEA,3,D.Metcalf,SEA,18.4,7.77,WR
1872,00-0035640,2024_04_SEA_DET,4,D.Metcalf,SEA,13.9,16.71,WR
1873,00-0035640,2024_05_NYG_SEA,5,D.Metcalf,SEA,7.5,7.8,WR
1874,00-0035640,2024_06_SF_SEA,6,D.Metcalf,SEA,6.3,16.5,WR
1875,00-0035640,2024_07_SEA_ATL,7,D.Metcalf,SEA,17.9,11.72,WR
1876,00-0035640,2024_11_SEA_SF,11,D.Metcalf,SEA,10.5,10.34,WR
1877,00-0035640,2024_12_ARI_SEA,12,D.Metcalf,SEA,7.9,6.41,WR
1878,00-0035640,2024_13_SEA_NYJ,13,D.Metcalf,SEA,8.6,14.45,WR
1879,00-0035640,2024_14_SEA_ARI,14,D.Metcalf,SEA,6.9,7.04,WR
1880,00-0035640,2024_15_GB_SEA,15,D.Metcalf,SEA,4.3,3.43,WR
1881,00-0035640,2024_16_MIN_SEA,16,D.Metcalf,SEA,13.2,10.15,WR
1882,00-0035640,2024_17_SEA_CHI,17,D.Metcalf,SEA,5.7,3.81,WR
1883,00-0035640,2024_18_SEA_LA,18,D.Metcalf,SEA,12.8,7.81,WR
1884,00-0035644,2024_01_DEN_SEA,1,N.Fant,SEA,2.1,4.99,TE
1885,00-0035644,2024_02_SEA_NE,2,N.Fant,SEA,1.9,2.94,TE
1886,00-0035644,2024_03_MIA_SEA,3,N.Fant,SEA,9.0,5.89,TE
1887,00-0035644,2024_04_SEA_DET,4,N.Fant,SEA,3.6,2.12,TE
1888,00-0035644,2024_05_NYG_SEA,5,N.Fant,SEA,3.9,2.94,TE
1889,00-0035644,2024_06_SF_SEA,6,N.Fant,SEA,9.3,5.89,TE
1890,00-0035644,2024_07_SEA_ATL,7,N.Fant,SEA,8.5,4.42,TE
1891,00-0035644,2024_08_BUF_SEA,8,N.Fant,SEA,3.7,3.7,TE
1892,00-0035644,2024_13_SEA_NYJ,13,N.Fant,SEA,4.1,5.94,TE
1893,00-0035644,2024_14_SEA_ARI,14,N.Fant,SEA,3.3,4.42,TE
1894,00-0035644,2024_15_GB_SEA,15,N.Fant,SEA,3.0,8.66,TE
1895,00-0035644,2024_16_MIN_SEA,16,N.Fant,SEA,6.5,6.22,TE
1896,00-0035644,2024_17_SEA_CHI,17,N.Fant,SEA,6.3,4.46,TE
1897,00-0035644,2024_18_SEA_LA,18,N.Fant,SEA,14.8,6.34,TE
1898,00-0035659,2024_01_WAS_TB,1,T.McLaurin,WAS,2.7,4.8,WR
1899,00-0035659,2024_02_NYG_WAS,2,T.McLaurin,WAS,5.2,8.2,WR
1900,00-0035659,2024_03_WAS_CIN,3,T.McLaurin,WAS,18.0,12.36,WR
1901,00-0035659,2024_04_WAS_ARI,4,T.McLaurin,WAS,14.7,14.47,WR
1902,00-0035659,2024_05_CLE_WAS,5,T.McLaurin,WAS,12.4,14.46,WR
1903,00-0035659,2024_06_WAS_BAL,6,T.McLaurin,WAS,20.3,13.92,WR
1904,00-0035659,2024_07_CAR_WAS,7,T.McLaurin,WAS,12.8,11.25,WR
1905,00-0035659,2024_08_CHI_WAS,8,T.McLaurin,WAS,15.0,15.2,WR
1906,00-0035659,2024_09_WAS_NYG,9,T.McLaurin,WAS,14.9,7.72,WR
1907,00-0035659,2024_10_PIT_WAS,10,T.McLaurin,WAS,13.8,6.98,WR
1908,00-0035659,2024_11_WAS_PHI,11,T.McLaurin,WAS,1.5,1.96,WR
1909,00-0035659,2024_12_DAL_WAS,12,T.McLaurin,WAS,18.7,7.62,WR
1910,00-0035659,2024_13_TEN_WAS,13,T.McLaurin,WAS,23.3,12.98,WR
1911,00-0035659,2024_15_WAS_NO,15,T.McLaurin,WAS,22.8,17.28,WR
1912,00-0035659,2024_16_PHI_WAS,16,T.McLaurin,WAS,14.5,7.43,WR
1913,00-0035659,2024_17_ATL_WAS,17,T.McLaurin,WAS,1.0,11.08,WR
1914,00-0035659,2024_18_WAS_DAL,18,T.McLaurin,WAS,16.2,17.91,WR
1915,00-0035659,2024_19_WAS_TB,19,T.McLaurin,WAS,18.4,16.48,WR
1916,00-0035662,2024_16_HOU_KC,16,M.Brown,KC,7.0,9.32,WR
1917,00-0035662,2024_17_KC_PIT,17,M.Brown,KC,6.6,8.35,WR
1918,00-0035676,2024_01_GB_PHI,1,A.Brown,PHI,20.4,14.75,WR
1919,00-0035676,2024_06_CLE_PHI,6,A.Brown,PHI,20.6,11.94,WR
1920,00-0035676,2024_07_PHI_NYG,7,A.Brown,PHI,17.4,5.96,WR
1921,00-0035676,2024_08_PHI_CIN,8,A.Brown,PHI,10.9,9.21,WR
1922,00-0035676,2024_09_JAX_PHI,9,A.Brown,PHI,4.6,6.62,WR
1923,00-0035676,2024_10_PHI_DAL,10,A.Brown,PHI,13.4,10.12,WR
1924,00-0035676,2024_11_WAS_PHI,11,A.Brown,PHI,9.0,9.94,WR
1925,00-0035676,2024_12_PHI_LA,12,A.Brown,PHI,19.9,9.36,WR
1926,00-0035676,2024_13_PHI_BAL,13,A.Brown,PHI,9.1,7.39,WR
1927,00-0035676,2024_14_CAR_PHI,14,A.Brown,PHI,6.3,4.59,WR
1928,00-0035676,2024_15_PIT_PHI,15,A.Brown,PHI,21.0,14.72,WR
1929,00-0035676,2024_16_PHI_WAS,16,A.Brown,PHI,19.7,22.17,WR
1930,00-0035676,2024_17_DAL_PHI,17,A.Brown,PHI,11.1,8.53,WR
1931,00-0035676,2024_19_GB_PHI,19,A.Brown,PHI,1.5,3.7,WR
1932,00-0035685,2024_01_LA_DET,1,D.Montgomery,DET,15.8,13.82,RB
1933,00-0035685,2024_02_TB_DET,2,D.Montgomery,DET,15.0,12.91,RB
1934,00-0035685,2024_03_DET_ARI,3,D.Montgomery,DET,19.7,17.23,RB
1935,00-0035685,2024_04_SEA_DET,4,D.Montgomery,DET,14.5,14.34,RB
1936,00-0035685,2024_06_DET_DAL,6,D.Montgomery,DET,20.5,12.2,RB
1937,00-0035685,2024_07_DET_MIN,7,D.Montgomery,DET,13.5,8.78,RB
1938,00-0035685,2024_08_TEN_DET,8,D.Montgomery,DET,14.42,13.16,RB
1939,00-0035685,2024_09_DET_GB,9,D.Montgomery,DET,11.1,13.91,RB
1940,00-0035685,2024_10_DET_HOU,10,D.Montgomery,DET,12.1,11.57,RB
1941,00-0035685,2024_11_JAX_DET,11,D.Montgomery,DET,23.0,13.33,RB
1942,00-0035685,2024_12_DET_IND,12,D.Montgomery,DET,14.8,7.49,RB
1943,00-0035685,2024_13_CHI_DET,13,D.Montgomery,DET,13.9,16.21,RB
1944,00-0035685,2024_14_GB_DET,14,D.Montgomery,DET,16.9,20.59,RB
1945,00-0035685,2024_15_BUF_DET,15,D.Montgomery,DET,5.5,5.94,RB
1946,00-0035689,2024_01_ARI_BUF,1,D.Knox,BUF,2.8,2.84,TE
1947,00-0035689,2024_03_JAX_BUF,3,D.Knox,BUF,1.2,1.85,TE
1948,00-0035689,2024_04_BUF_BAL,4,D.Knox,BUF,0.5,0.87,TE
1949,00-0035689,2024_06_BUF_NYJ,6,D.Knox,BUF,7.7,2.4,TE
1950,00-0035689,2024_07_TEN_BUF,7,D.Knox,BUF,1.0,5.61,TE
1951,00-0035689,2024_08_BUF_SEA,8,D.Knox,BUF,6.0,3.9,TE
1952,00-0035689,2024_09_MIA_BUF,9,D.Knox,BUF,1.0,1.85,TE
1953,00-0035689,2024_10_BUF_IND,10,D.Knox,BUF,5.0,3.79,TE
1954,00-0035689,2024_11_KC_BUF,11,D.Knox,BUF,6.0,7.7,TE
1955,00-0035689,2024_13_SF_BUF,13,D.Knox,BUF,6.6,3.88,TE
1956,00-0035689,2024_14_BUF_LA,14,D.Knox,BUF,1.0,0.87,TE
1957,00-0035689,2024_15_BUF_DET,15,D.Knox,BUF,5.2,5.26,TE
1958,00-0035689,2024_16_NE_BUF,16,D.Knox,BUF,3.2,2.09,TE
1959,00-0035689,2024_17_NYJ_BUF,17,D.Knox,BUF,0.9,3.82,TE
1960,00-0035689,2024_19_DEN_BUF,19,D.Knox,BUF,4.8,5.61,TE
1961,00-0035700,2024_01_GB_PHI,1,J.Jacobs,GB,11.4,17.25,RB
1962,00-0035700,2024_02_IND_GB,2,J.Jacobs,GB,14.1,17.44,RB
1963,00-0035700,2024_03_GB_TEN,3,J.Jacobs,GB,5.3,12.09,RB
1964,00-0035700,2024_04_MIN_GB,4,J.Jacobs,GB,9.8,12.11,RB
1965,00-0035700,2024_05_GB_LA,5,J.Jacobs,GB,15.9,12.76,RB
1966,00-0035700,2024_06_ARI_GB,6,J.Jacobs,GB,10.5,12.24,RB
1967,00-0035700,2024_07_HOU_GB,7,J.Jacobs,GB,17.7,11.64,RB
1968,00-0035700,2024_08_GB_JAX,8,J.Jacobs,GB,25.0,17.79,RB
1969,00-0035700,2024_09_DET_GB,9,J.Jacobs,GB,11.8,9.55,RB
1970,00-0035700,2024_11_GB_CHI,11,J.Jacobs,GB,21.4,17.24,RB
1971,00-0035700,2024_12_SF_GB,12,J.Jacobs,GB,28.6,27.57,RB
1972,00-0035700,2024_13_MIA_GB,13,J.Jacobs,GB,19.7,20.19,RB
1973,00-0035700,2024_14_GB_DET,14,J.Jacobs,GB,24.6,15.33,RB
1974,00-0035700,2024_15_GB_SEA,15,J.Jacobs,GB,20.6,20.86,RB
1975,00-0035700,2024_16_NO_GB,16,J.Jacobs,GB,18.7,15.4,RB
1976,00-0035700,2024_17_GB_MIN,17,J.Jacobs,GB,11.9,12.47,RB
1977,00-0035700,2024_18_CHI_GB,18,J.Jacobs,GB,11.1,4.47,RB
1978,00-0035700,2024_19_GB_PHI,19,J.Jacobs,GB,19.6,15.46,RB
1979,00-0035704,2024_07_PHI_NYG,7,D.Lock,NYG,1.54,4.2,QB
1980,00-0035704,2024_12_TB_NYG,12,D.Lock,NYG,0.12,0.26,QB
1981,00-0035704,2024_13_NYG_DAL,13,D.Lock,NYG,18.82,15.36,QB
1982,00-0035704,2024_14_NO_NYG,14,D.Lock,NYG,16.98,24.31,QB
1983,00-0035704,2024_16_NYG_ATL,16,D.Lock,NYG,12.5,18.18,QB
1984,00-0035704,2024_17_IND_NYG,17,D.Lock,NYG,34.86,12.17,QB
1985,00-0035704,2024_18_NYG_PHI,18,D.Lock,NYG,9.82,10.72,QB
1986,00-0035710,2024_01_MIN_NYG,1,D.Jones,NYG,8.94,23.63,QB
1987,00-0035710,2024_02_NYG_WAS,2,D.Jones,NYG,18.32,19.03,QB
1988,00-0035710,2024_03_NYG_CLE,3,D.Jones,NYG,19.84,18.49,QB
1989,00-0035710,2024_04_DAL_NYG,4,D.Jones,NYG,11.64,17.04,QB
1990,00-0035710,2024_05_NYG_SEA,5,D.Jones,NYG,22.28,22.95,QB
1991,00-0035710,2024_06_CIN_NYG,6,D.Jones,NYG,13.9,18.39,QB
1992,00-0035710,2024_07_PHI_NYG,7,D.Jones,NYG,5.96,10.92,QB
1993,00-0035710,2024_08_NYG_PIT,8,D.Jones,NYG,10.66,18.92,QB
1994,00-0035710,2024_09_WAS_NYG,9,D.Jones,NYG,26.36,18.63,QB
1995,00-0035710,2024_10_NYG_CAR,10,D.Jones,NYG,16.3,18.23,QB
1996,00-0035719,2024_01_NYJ_SF,1,D.Samuel,SF,16.2,16.86,WR
1997,00-0035719,2024_02_SF_MIN,2,D.Samuel,SF,14.0,14.96,WR
1998,00-0035719,2024_04_NE_SF,4,D.Samuel,SF,8.7,9.5,WR
1999,00-0035719,2024_05_ARI_SF,5,D.Samuel,SF,2.5,5.23,WR
2000,00-0035719,2024_06_SF_SEA,6,D.Samuel,SF,19.2,9.48,WR
2001,00-0035719,2024_08_DAL_SF,8,D.Samuel,SF,10.6,11.13,WR
2002,00-0035719,2024_10_SF_TB,10,D.Samuel,SF,10.1,7.26,WR
2003,00-0035719,2024_11_SEA_SF,11,D.Samuel,SF,4.1,8.12,WR
2004,00-0035719,2024_12_SF_GB,12,D.Samuel,SF,2.6,4.91,WR
2005,00-0035719,2024_13_SF_BUF,13,D.Samuel,SF,4.0,4.68,WR
2006,00-0035719,2024_14_CHI_SF,14,D.Samuel,SF,4.5,6.42,WR
2007,00-0035719,2024_15_LA_SF,15,D.Samuel,SF,3.4,9.09,WR
2008,00-0035719,2024_16_SF_MIA,16,D.Samuel,SF,21.6,12.24,WR
2009,00-0035719,2024_17_DET_SF,17,D.Samuel,SF,8.6,2.99,WR
2011,00-0035806,2024_02_SEA_NE,2,J.Hasty,NE,0.2,0.49,RB
2012,00-0035806,2024_03_NE_NYJ,3,J.Hasty,NE,0.5,0.49,RB
2013,00-0035806,2024_04_NE_SF,4,J.Hasty,NE,1.5,2.46,RB
2014,00-0035806,2024_06_HOU_NE,6,J.Hasty,NE,2.6,3.33,RB
2015,00-0035806,2024_07_NE_JAX,7,J.Hasty,NE,13.2,5.56,RB
2016,00-0035806,2024_09_NE_TEN,9,J.Hasty,NE,0.2,1.36,RB
2017,00-0035806,2024_10_NE_CHI,10,J.Hasty,NE,2.9,3.83,RB
2018,00-0035806,2024_11_LA_NE,11,J.Hasty,NE,0.2,0.99,RB
2019,00-0035806,2024_12_NE_MIA,12,J.Hasty,NE,2.5,2.23,RB
2020,00-0035860,2024_18_SF_ARI,18,T.Jones,ARI,11.5,1.97,RB
2021,00-0035891,2024_09_LA_SEA,9,C.White,SEA,5.4,3.44,WR
2022,00-0035924,2024_05_DAL_PIT,5,J.Ward,PIT,0.9,0.99,RB
2023,00-0035924,2024_06_PIT_LV,6,J.Ward,PIT,1.3,1.48,RB
2024,00-0035973,2024_06_SF_SEA,6,P.Taylor,SF,3.3,7.64,RB
2025,00-0035973,2024_08_DAL_SF,8,P.Taylor,SF,0.9,0.99,RB
2026,00-0035973,2024_14_CHI_SF,14,P.Taylor,SF,8.5,6.76,RB
2027,00-0035973,2024_16_SF_MIA,16,P.Taylor,SF,3.0,10.45,RB
2028,00-0035973,2024_18_SF_ARI,18,P.Taylor,SF,12.6,14.96,RB
2029,00-0035976,2024_13_TB_CAR,13,D.Chisena,CAR,1.1,0.98,WR
2030,00-0035976,2024_16_ARI_CAR,16,D.Chisena,CAR,2.8,2.46,WR
2031,00-0035976,2024_17_CAR_TB,17,D.Chisena,CAR,1.3,0.98,WR
2032,00-0035993,2024_04_TEN_MIA,4,T.Huntley,MIA,12.84,16.53,QB
2033,00-0035993,2024_05_MIA_NE,5,T.Huntley,MIA,8.46,17.41,QB
2034,00-0035993,2024_07_MIA_IND,7,T.Huntley,MIA,9.48,10.21,QB
2035,00-0035993,2024_17_MIA_CLE,17,T.Huntley,MIA,24.3,14.71,QB
2036,00-0035993,2024_18_MIA_NYJ,18,T.Huntley,MIA,13.68,25.49,QB
2038,00-0036040,2024_01_CAR_NO,1,J.Johnson,NO,9.6,5.63,TE
2039,00-0036040,2024_04_NO_ATL,4,J.Johnson,NO,2.3,2.72,TE
2040,00-0036040,2024_05_NO_KC,5,J.Johnson,NO,5.6,4.91,TE
2041,00-0036040,2024_06_TB_NO,6,J.Johnson,NO,6.3,3.92,TE
2042,00-0036040,2024_07_DEN_NO,7,J.Johnson,NO,3.3,6.22,TE
2043,00-0036040,2024_08_NO_LAC,8,J.Johnson,NO,6.3,4.93,TE
2044,00-0036040,2024_09_NO_CAR,9,J.Johnson,NO,5.1,3.97,TE
2045,00-0036040,2024_10_ATL_NO,10,J.Johnson,NO,3.2,3.01,TE
2046,00-0036040,2024_11_CLE_NO,11,J.Johnson,NO,10.5,5.22,TE
2047,00-0036040,2024_13_LA_NO,13,J.Johnson,NO,6.1,7.79,TE
2048,00-0036040,2024_14_NO_NYG,14,J.Johnson,NO,13.0,6.32,TE
2049,00-0036040,2024_15_WAS_NO,15,J.Johnson,NO,2.2,4.95,TE
2050,00-0036040,2024_16_NO_GB,16,J.Johnson,NO,3.7,2.45,TE
2051,00-0036040,2024_17_LV_NO,17,J.Johnson,NO,9.6,11.63,TE
2052,00-0036040,2024_18_NO_TB,18,J.Johnson,NO,11.0,7.86,TE
2053,00-0036096,2024_03_HOU_MIN,3,J.Taylor,HOU,1.3,2.34,RB
2054,00-0036096,2024_04_JAX_HOU,4,J.Taylor,HOU,1.8,4.44,RB
2055,00-0036096,2024_09_HOU_NYJ,9,J.Taylor,HOU,2.3,1.48,RB
2056,00-0036133,2024_04_CLE_LV,4,J.Proche,CLE,0.8,0.87,WR
2057,00-0036133,2024_14_CLE_PIT,14,J.Proche,CLE,2.8,2.41,WR
2058,00-0036139,2024_01_DAL_CLE,1,R.Dowdle,DAL,3.7,4.93,RB
2059,00-0036139,2024_02_NO_DAL,2,R.Dowdle,DAL,7.9,8.85,RB
2060,00-0036139,2024_03_BAL_DAL,3,R.Dowdle,DAL,7.1,10.03,RB
2061,00-0036139,2024_04_DAL_NYG,4,R.Dowdle,DAL,12.6,6.77,RB
2062,00-0036139,2024_05_DAL_PIT,5,R.Dowdle,DAL,18.4,16.5,RB
2063,00-0036139,2024_06_DET_DAL,6,R.Dowdle,DAL,8.0,8.13,RB
2064,00-0036139,2024_09_DAL_ATL,9,R.Dowdle,DAL,19.2,13.72,RB
2065,00-0036139,2024_10_PHI_DAL,10,R.Dowdle,DAL,7.1,10.4,RB
2066,00-0036139,2024_11_HOU_DAL,11,R.Dowdle,DAL,4.4,9.5,RB
2067,00-0036139,2024_12_DAL_WAS,12,R.Dowdle,DAL,10.3,12.09,RB
2068,00-0036139,2024_13_NYG_DAL,13,R.Dowdle,DAL,19.8,15.66,RB
2069,00-0036139,2024_14_CIN_DAL,14,R.Dowdle,DAL,14.6,11.25,RB
2070,00-0036139,2024_15_DAL_CAR,15,R.Dowdle,DAL,14.9,12.33,RB
2071,00-0036139,2024_16_TB_DAL,16,R.Dowdle,DAL,6.6,9.64,RB
2072,00-0036139,2024_17_DAL_PHI,17,R.Dowdle,DAL,10.3,12.87,RB
2073,00-0036139,2024_18_WAS_DAL,18,R.Dowdle,DAL,15.4,21.44,RB
2074,00-0036158,2024_01_LV_LAC,1,J.Dobbins,LAC,21.4,8.5,RB
2075,00-0036158,2024_02_LAC_CAR,2,J.Dobbins,LAC,19.6,9.25,RB
2076,00-0036158,2024_03_LAC_PIT,3,J.Dobbins,LAC,6.9,11.06,RB
2077,00-0036158,2024_04_KC_LAC,4,J.Dobbins,LAC,7.7,11.5,RB
2078,00-0036158,2024_06_LAC_DEN,6,J.Dobbins,LAC,17.2,16.29,RB
2079,00-0036158,2024_07_LAC_ARI,7,J.Dobbins,LAC,8.1,9.74,RB
2080,00-0036158,2024_08_NO_LAC,8,J.Dobbins,LAC,14.8,17.62,RB
2081,00-0036158,2024_09_LAC_CLE,9,J.Dobbins,LAC,22.5,9.7,RB
2082,00-0036158,2024_10_TEN_LAC,10,J.Dobbins,LAC,7.0,12.79,RB
2083,00-0036158,2024_11_CIN_LAC,11,J.Dobbins,LAC,18.4,9.39,RB
2084,00-0036158,2024_12_BAL_LAC,12,J.Dobbins,LAC,7.4,8.12,RB
2085,00-0036158,2024_17_LAC_NE,17,J.Dobbins,LAC,14.8,13.08,RB
2086,00-0036158,2024_18_LAC_LV,18,J.Dobbins,LAC,9.0,19.57,RB
2087,00-0036158,2024_19_LAC_HOU,19,J.Dobbins,LAC,2.6,5.45,RB
2088,00-0036165,2024_06_CIN_NYG,6,I.Hodgins,NYG,1.0,0.98,WR
2089,00-0036165,2024_10_NYG_CAR,10,I.Hodgins,NYG,1.2,0.98,WR
2090,00-0036176,2024_15_CIN_TEN,15,M.Kinsey,TEN,1.6,1.05,WR
2091,00-0036176,2024_16_TEN_IND,16,M.Kinsey,TEN,1.1,0.98,WR
2092,00-0036182,2024_06_IND_TEN,6,N.Westbrook-Ikhine,TEN,7.4,3.36,WR
2093,00-0036182,2024_07_TEN_BUF,7,N.Westbrook-Ikhine,TEN,8.0,5.7,WR
2094,00-0036182,2024_08_TEN_DET,8,N.Westbrook-Ikhine,TEN,10.9,7.78,WR
2095,00-0036182,2024_09_NE_TEN,9,N.Westbrook-Ikhine,TEN,13.5,7.82,WR
2096,00-0036182,2024_10_TEN_LAC,10,N.Westbrook-Ikhine,TEN,4.6,3.39,WR
2097,00-0036182,2024_11_MIN_TEN,11,N.Westbrook-Ikhine,TEN,18.7,8.22,WR
2098,00-0036182,2024_12_TEN_HOU,12,N.Westbrook-Ikhine,TEN,11.8,6.38,WR
2099,00-0036182,2024_13_TEN_WAS,13,N.Westbrook-Ikhine,TEN,19.6,10.34,WR
2100,00-0036182,2024_14_JAX_TEN,14,N.Westbrook-Ikhine,TEN,2.4,3.9,WR
2101,00-0036182,2024_15_CIN_TEN,15,N.Westbrook-Ikhine,TEN,1.9,2.94,WR
2102,00-0036182,2024_16_TEN_IND,16,N.Westbrook-Ikhine,TEN,8.7,5.75,WR
2103,00-0036182,2024_17_TEN_JAX,17,N.Westbrook-Ikhine,TEN,5.2,7.64,WR
2104,00-0036182,2024_18_HOU_TEN,18,N.Westbrook-Ikhine,TEN,7.0,8.34,WR
2105,00-0036183,2024_06_PIT_LV,6,K.Wilkerson,LV,8.8,4.78,WR
2106,00-0036187,2024_17_NYJ_BUF,17,R.Gilliam,BUF,0.3,0.99,RB
2107,00-0036187,2024_18_BUF_NE,18,R.Gilliam,BUF,0.4,1.43,RB
2108,00-0036196,2024_01_JAX_MIA,1,G.Davis,JAX,7.7,4.19,WR
2109,00-0036196,2024_02_CLE_JAX,2,G.Davis,JAX,5.8,10.15,WR
2110,00-0036196,2024_03_JAX_BUF,3,G.Davis,JAX,2.8,8.03,WR
2111,00-0036196,2024_04_JAX_HOU,4,G.Davis,JAX,1.0,8.1,WR
2112,00-0036196,2024_05_IND_JAX,5,G.Davis,JAX,5.3,4.86,WR
2113,00-0036196,2024_06_JAX_CHI,6,G.Davis,JAX,19.0,13.28,WR
2114,00-0036196,2024_07_NE_JAX,7,G.Davis,JAX,1.8,3.52,WR
2115,00-0036196,2024_10_MIN_JAX,10,G.Davis,JAX,2.4,5.47,WR
2116,00-0036196,2024_11_JAX_DET,11,G.Davis,JAX,0.8,3.92,WR
2117,00-0036212,2024_01_JAX_MIA,1,T.Tagovailoa,MIA,18.62,14.53,QB
2118,00-0036212,2024_02_BUF_MIA,2,T.Tagovailoa,MIA,11.5,12.7,QB
2119,00-0036212,2024_08_ARI_MIA,8,T.Tagovailoa,MIA,14.66,15.97,QB
2120,00-0036212,2024_09_MIA_BUF,9,T.Tagovailoa,MIA,17.64,12.03,QB
2121,00-0036212,2024_10_MIA_LA,10,T.Tagovailoa,MIA,12.28,11.18,QB
2122,00-0036212,2024_11_LV_MIA,11,T.Tagovailoa,MIA,23.52,22.19,QB
2123,00-0036212,2024_12_NE_MIA,12,T.Tagovailoa,MIA,28.68,22.78,QB
2124,00-0036212,2024_13_MIA_GB,13,T.Tagovailoa,MIA,25.2,22.99,QB
2125,00-0036212,2024_14_NYJ_MIA,14,T.Tagovailoa,MIA,23.54,20.71,QB
2126,00-0036212,2024_15_MIA_HOU,15,T.Tagovailoa,MIA,11.84,14.93,QB
2127,00-0036212,2024_16_SF_MIA,16,T.Tagovailoa,MIA,12.6,16.35,QB
2128,00-0036223,2024_01_HOU_IND,1,J.Taylor,IND,10.8,14.75,RB
2129,00-0036223,2024_02_IND_GB,2,J.Taylor,IND,14.5,9.51,RB
2130,00-0036223,2024_03_CHI_IND,3,J.Taylor,IND,26.0,21.81,RB
2131,00-0036223,2024_04_PIT_IND,4,J.Taylor,IND,18.3,18.18,RB
2132,00-0036223,2024_08_IND_HOU,8,J.Taylor,IND,18.2,17.42,RB
2133,00-0036223,2024_09_IND_MIN,9,J.Taylor,IND,7.4,10.87,RB
2134,00-0036223,2024_10_BUF_IND,10,J.Taylor,IND,13.2,17.69,RB
2135,00-0036223,2024_11_IND_NYJ,11,J.Taylor,IND,6.5,19.11,RB
2136,00-0036223,2024_12_DET_IND,12,J.Taylor,IND,3.5,7.45,RB
2137,00-0036223,2024_13_IND_NE,13,J.Taylor,IND,16.8,18.07,RB
2138,00-0036223,2024_15_IND_DEN,15,J.Taylor,IND,10.6,12.7,RB
2139,00-0036223,2024_16_TEN_IND,16,J.Taylor,IND,39.8,18.44,RB
2140,00-0036223,2024_17_IND_NYG,17,J.Taylor,IND,26.6,25.21,RB
2141,00-0036223,2024_18_JAX_IND,18,J.Taylor,IND,24.5,19.69,RB
2142,00-0036232,2024_02_LV_BAL,2,H.Bryant,LV,0.0,1.47,TE
2143,00-0036232,2024_04_CLE_LV,4,H.Bryant,LV,3.1,1.96,TE
2144,00-0036232,2024_06_PIT_LV,6,H.Bryant,LV,3.9,4.8,TE
2145,00-0036232,2024_07_LV_LA,7,H.Bryant,LV,2.9,1.96,TE
2146,00-0036232,2024_09_LV_CIN,9,H.Bryant,LV,3.2,1.85,TE
2147,00-0036244,2024_01_LA_DET,1,C.Parkinson,LA,6.7,4.8,TE
2148,00-0036244,2024_02_LA_ARI,2,C.Parkinson,LA,1.7,1.96,TE
2149,00-0036244,2024_03_SF_LA,3,C.Parkinson,LA,3.6,5.46,TE
2150,00-0036244,2024_04_LA_CHI,4,C.Parkinson,LA,5.3,7.97,TE
2151,00-0036244,2024_05_GB_LA,5,C.Parkinson,LA,8.7,15.9,TE
2152,00-0036244,2024_07_LV_LA,7,C.Parkinson,LA,4.2,1.96,TE
2153,00-0036244,2024_08_MIN_LA,8,C.Parkinson,LA,2.7,1.96,TE
2154,00-0036244,2024_11_LA_NE,11,C.Parkinson,LA,8.4,2.66,TE
2155,00-0036244,2024_12_PHI_LA,12,C.Parkinson,LA,1.5,1.96,TE
2156,00-0036244,2024_13_LA_NO,13,C.Parkinson,LA,1.8,0.98,TE
2157,00-0036244,2024_14_BUF_LA,14,C.Parkinson,LA,1.6,0.98,TE
2158,00-0036244,2024_15_LA_SF,15,C.Parkinson,LA,3.1,7.17,TE
2159,00-0036244,2024_16_LA_NYJ,16,C.Parkinson,LA,0.0,0.87,TE
2160,00-0036244,2024_17_ARI_LA,17,C.Parkinson,LA,0.0,0.98,TE
2161,00-0036244,2024_18_SEA_LA,18,C.Parkinson,LA,1.1,0.87,TE
2162,00-0036251,2024_01_NE_CIN,1,Z.Moss,CIN,13.1,9.53,RB
2163,00-0036251,2024_02_CIN_KC,2,Z.Moss,CIN,5.2,13.26,RB
2164,00-0036251,2024_03_WAS_CIN,3,Z.Moss,CIN,18.2,15.51,RB
2165,00-0036251,2024_04_CIN_CAR,4,Z.Moss,CIN,15.8,13.65,RB
2166,00-0036251,2024_05_BAL_CIN,5,Z.Moss,CIN,6.7,10.7,RB
2167,00-0036251,2024_06_CIN_NYG,6,Z.Moss,CIN,1.0,3.83,RB
2168,00-0036251,2024_07_CIN_CLE,7,Z.Moss,CIN,5.5,5.57,RB
2169,00-0036251,2024_08_PHI_CIN,8,Z.Moss,CIN,5.9,8.15,RB
2170,00-0036252,2024_01_HOU_IND,1,M.Pittman,IND,5.1,9.6,WR
2171,00-0036252,2024_02_IND_GB,2,M.Pittman,IND,3.6,8.31,WR
2172,00-0036252,2024_03_CHI_IND,3,M.Pittman,IND,5.6,5.28,WR
2173,00-0036252,2024_04_PIT_IND,4,M.Pittman,IND,14.3,12.55,WR
2174,00-0036252,2024_05_IND_JAX,5,M.Pittman,IND,12.2,11.01,WR
2175,00-0036252,2024_06_IND_TEN,6,M.Pittman,IND,11.0,7.22,WR
2176,00-0036252,2024_07_MIA_IND,7,M.Pittman,IND,7.8,6.54,WR
2177,00-0036252,2024_08_IND_HOU,8,M.Pittman,IND,2.1,8.29,WR
2178,00-0036252,2024_09_IND_MIN,9,M.Pittman,IND,1.9,5.34,WR
2179,00-0036252,2024_11_IND_NYJ,11,M.Pittman,IND,7.1,10.44,WR
2180,00-0036252,2024_12_DET_IND,12,M.Pittman,IND,12.6,8.78,WR
2181,00-0036252,2024_13_IND_NE,13,M.Pittman,IND,6.7,7.63,WR
2182,00-0036252,2024_15_IND_DEN,15,M.Pittman,IND,8.8,9.92,WR
2183,00-0036252,2024_16_TEN_IND,16,M.Pittman,IND,2.9,3.39,WR
2184,00-0036252,2024_17_IND_NYG,17,M.Pittman,IND,21.4,13.67,WR
2185,00-0036252,2024_18_JAX_IND,18,M.Pittman,IND,10.2,13.06,WR
2186,00-0036254,2024_14_CHI_SF,14,C.Johnson,CHI,1.1,0.98,WR
2187,00-0036254,2024_16_DET_CHI,16,C.Johnson,CHI,0.0,1.42,WR
2188,00-0036259,2024_01_NYJ_SF,1,J.Jennings,SF,8.9,6.88,WR
2189,00-0036259,2024_02_SF_MIN,2,J.Jennings,SF,4.7,7.37,WR
2190,00-0036259,2024_03_SF_LA,3,J.Jennings,SF,41.0,20.46,WR
2191,00-0036259,2024_04_NE_SF,4,J.Jennings,SF,10.3,10.27,WR
2192,00-0036259,2024_05_ARI_SF,5,J.Jennings,SF,1.8,8.02,WR
2193,00-0036259,2024_06_SF_SEA,6,J.Jennings,SF,4.2,5.04,WR
2194,00-0036259,2024_10_SF_TB,10,J.Jennings,SF,12.8,13.62,WR
2195,00-0036259,2024_11_SEA_SF,11,J.Jennings,SF,20.1,12.64,WR
2196,00-0036259,2024_12_SF_GB,12,J.Jennings,SF,6.5,7.63,WR
2197,00-0036259,2024_13_SF_BUF,13,J.Jennings,SF,7.1,6.96,WR
2198,00-0036259,2024_14_CHI_SF,14,J.Jennings,SF,24.5,11.15,WR
2199,00-0036259,2024_15_LA_SF,15,J.Jennings,SF,4.1,12.68,WR
2200,00-0036259,2024_16_SF_MIA,16,J.Jennings,SF,7.1,8.94,WR
2201,00-0036259,2024_17_DET_SF,17,J.Jennings,SF,10.2,14.33,WR
2202,00-0036259,2024_18_SF_ARI,18,J.Jennings,SF,8.7,10.65,WR
2203,00-0036261,2024_01_NYJ_SF,1,B.Aiyuk,SF,3.8,9.55,WR
2204,00-0036261,2024_02_SF_MIN,2,B.Aiyuk,SF,6.3,7.55,WR
2205,00-0036261,2024_03_SF_LA,3,B.Aiyuk,SF,6.8,12.62,WR
2206,00-0036261,2024_04_NE_SF,4,B.Aiyuk,SF,5.8,10.41,WR
2207,00-0036261,2024_05_ARI_SF,5,B.Aiyuk,SF,18.7,18.05,WR
2208,00-0036261,2024_06_SF_SEA,6,B.Aiyuk,SF,4.7,7.06,WR
2209,00-0036261,2024_07_KC_SF,7,B.Aiyuk,SF,3.3,8.11,WR
2210,00-0036264,2024_01_GB_PHI,1,J.Love,GB,18.4,20.2,QB
2211,00-0036264,2024_04_MIN_GB,4,J.Love,GB,33.16,29.25,QB
2212,00-0036264,2024_05_GB_LA,5,J.Love,GB,18.16,10.87,QB
2213,00-0036264,2024_06_ARI_GB,6,J.Love,GB,27.82,17.55,QB
2214,00-0036264,2024_07_HOU_GB,7,J.Love,GB,20.8,15.4,QB
2215,00-0036264,2024_08_GB_JAX,8,J.Love,GB,7.84,12.01,QB
2216,00-0036264,2024_09_DET_GB,9,J.Love,GB,12.92,22.0,QB
2217,00-0036264,2024_11_GB_CHI,11,J.Love,GB,22.34,15.58,QB
2218,00-0036264,2024_12_SF_GB,12,J.Love,GB,14.72,12.5,QB
2219,00-0036264,2024_13_MIA_GB,13,J.Love,GB,18.96,12.48,QB
2220,00-0036264,2024_14_GB_DET,14,J.Love,GB,13.64,14.41,QB
2221,00-0036264,2024_15_GB_SEA,15,J.Love,GB,17.56,13.46,QB
2222,00-0036264,2024_16_NO_GB,16,J.Love,GB,11.48,13.22,QB
2223,00-0036264,2024_17_GB_MIN,17,J.Love,GB,14.0,16.47,QB
2224,00-0036264,2024_18_CHI_GB,18,J.Love,GB,2.76,4.19,QB
2225,00-0036264,2024_19_GB_PHI,19,J.Love,GB,9.58,15.89,QB
2226,00-0036268,2024_01_DEN_SEA,1,L.Shenault,SEA,0.6,1.36,WR
2227,00-0036268,2024_02_SEA_NE,2,L.Shenault,SEA,1.1,0.87,WR
2228,00-0036268,2024_03_MIA_SEA,3,L.Shenault,SEA,0.7,0.87,WR
2229,00-0036268,2024_04_SEA_DET,4,L.Shenault,SEA,2.3,0.87,WR
2230,00-0036268,2024_08_BUF_SEA,8,L.Shenault,SEA,1.5,0.98,WR
2231,00-0036275,2024_01_TEN_CHI,1,D.Swift,CHI,5.0,7.42,RB
2232,00-0036275,2024_02_CHI_HOU,2,D.Swift,CHI,6.2,11.48,RB
2233,00-0036275,2024_03_CHI_IND,3,D.Swift,CHI,5.2,12.85,RB
2234,00-0036275,2024_04_LA_CHI,4,D.Swift,CHI,26.0,14.31,RB
2235,00-0036275,2024_05_CAR_CHI,5,D.Swift,CHI,19.0,22.83,RB
2236,00-0036275,2024_06_JAX_CHI,6,D.Swift,CHI,19.9,15.44,RB
2237,00-0036275,2024_08_CHI_WAS,8,D.Swift,CHI,18.9,9.35,RB
2238,00-0036275,2024_09_CHI_ARI,9,D.Swift,CHI,11.2,13.55,RB
2239,00-0036275,2024_10_NE_CHI,10,D.Swift,CHI,7.0,9.02,RB
2240,00-0036275,2024_11_GB_CHI,11,D.Swift,CHI,15.4,9.66,RB
2241,00-0036275,2024_12_MIN_CHI,12,D.Swift,CHI,8.0,10.49,RB
2242,00-0036275,2024_13_CHI_DET,13,D.Swift,CHI,8.4,8.74,RB
2243,00-0036275,2024_14_CHI_SF,14,D.Swift,CHI,4.5,11.58,RB
2244,00-0036275,2024_15_CHI_MIN,15,D.Swift,CHI,9.4,10.73,RB
2245,00-0036275,2024_16_DET_CHI,16,D.Swift,CHI,6.8,8.03,RB
2246,00-0036275,2024_17_SEA_CHI,17,D.Swift,CHI,10.1,10.38,RB
2247,00-0036275,2024_18_CHI_GB,18,D.Swift,CHI,12.5,13.93,RB
2248,00-0036290,2024_01_TEN_CHI,1,C.Kmet,CHI,0.9,1.57,TE
2249,00-0036290,2024_02_CHI_HOU,2,C.Kmet,CHI,4.7,5.4,TE
2250,00-0036290,2024_03_CHI_IND,3,C.Kmet,CHI,20.7,13.63,TE
2251,00-0036290,2024_04_LA_CHI,4,C.Kmet,CHI,4.9,3.32,TE
2252,00-0036290,2024_05_CAR_CHI,5,C.Kmet,CHI,7.2,4.31,TE
2253,00-0036290,2024_06_JAX_CHI,6,C.Kmet,CHI,21.5,7.54,TE
2254,00-0036290,2024_08_CHI_WAS,8,C.Kmet,CHI,3.9,2.49,TE
2255,00-0036290,2024_10_NE_CHI,10,C.Kmet,CHI,2.3,3.93,TE
2256,00-0036290,2024_11_GB_CHI,11,C.Kmet,CHI,5.7,4.94,TE
2257,00-0036290,2024_12_MIN_CHI,12,C.Kmet,CHI,9.9,11.06,TE
2258,00-0036290,2024_13_CHI_DET,13,C.Kmet,CHI,4.1,4.9,TE
2259,00-0036290,2024_14_CHI_SF,14,C.Kmet,CHI,0.0,1.51,TE
2260,00-0036290,2024_15_CHI_MIN,15,C.Kmet,CHI,1.9,0.87,TE
2261,00-0036290,2024_16_DET_CHI,16,C.Kmet,CHI,7.9,3.76,TE
2262,00-0036290,2024_18_CHI_GB,18,C.Kmet,CHI,1.3,1.85,TE
2263,00-0036297,2024_14_CHI_SF,14,D.Evans,CHI,0.3,1.48,RB
2264,00-0036309,2024_01_PIT_ATL,1,D.Mooney,ATL,2.0,3.59,WR
2265,00-0036309,2024_02_ATL_PHI,2,D.Mooney,ATL,16.3,9.64,WR
2266,00-0036309,2024_03_KC_ATL,3,D.Mooney,ATL,10.6,7.86,WR
2267,00-0036309,2024_04_NO_ATL,4,D.Mooney,ATL,7.1,8.24,WR
2268,00-0036309,2024_05_TB_ATL,5,D.Mooney,ATL,27.0,23.4,WR
2269,00-0036309,2024_06_ATL_CAR,6,D.Mooney,ATL,5.3,8.11,WR
2270,00-0036309,2024_07_SEA_ATL,7,D.Mooney,ATL,7.1,9.24,WR
2271,00-0036309,2024_08_ATL_TB,8,D.Mooney,ATL,16.6,8.97,WR
2272,00-0036309,2024_09_DAL_ATL,9,D.Mooney,ATL,17.3,13.12,WR
2273,00-0036309,2024_10_ATL_NO,10,D.Mooney,ATL,12.1,13.27,WR
2274,00-0036309,2024_11_ATL_DEN,11,D.Mooney,ATL,3.7,5.39,WR
2275,00-0036309,2024_13_LAC_ATL,13,D.Mooney,ATL,3.5,6.92,WR
2276,00-0036309,2024_14_ATL_MIN,14,D.Mooney,ATL,17.2,8.59,WR
2277,00-0036309,2024_15_ATL_LV,15,D.Mooney,ATL,0.0,0.98,WR
2278,00-0036309,2024_16_NYG_ATL,16,D.Mooney,ATL,10.7,7.48,WR
2279,00-0036309,2024_17_ATL_WAS,17,D.Mooney,ATL,4.7,6.06,WR
2280,00-0036322,2024_01_MIN_NYG,1,J.Jefferson,MIN,13.9,10.2,WR
2281,00-0036322,2024_02_SF_MIN,2,J.Jefferson,MIN,21.3,8.24,WR
2282,00-0036322,2024_03_HOU_MIN,3,J.Jefferson,MIN,17.1,10.77,WR
2283,00-0036322,2024_04_MIN_GB,4,J.Jefferson,MIN,17.5,11.67,WR
2284,00-0036322,2024_05_NYJ_MIN,5,J.Jefferson,MIN,12.2,18.15,WR
2285,00-0036322,2024_07_DET_MIN,7,J.Jefferson,MIN,17.9,11.23,WR
2286,00-0036322,2024_08_MIN_LA,8,J.Jefferson,MIN,15.5,13.17,WR
2287,00-0036322,2024_09_IND_MIN,9,J.Jefferson,MIN,18.08,11.96,WR
2288,00-0036322,2024_10_MIN_JAX,10,J.Jefferson,MIN,7.3,14.46,WR
2289,00-0036322,2024_11_MIN_TEN,11,J.Jefferson,MIN,11.1,11.71,WR
2290,00-0036322,2024_12_MIN_CHI,12,J.Jefferson,MIN,3.7,6.75,WR
2291,00-0036322,2024_13_ARI_MIN,13,J.Jefferson,MIN,13.4,10.0,WR
2292,00-0036322,2024_14_ATL_MIN,14,J.Jefferson,MIN,28.7,11.56,WR
2293,00-0036322,2024_15_CHI_MIN,15,J.Jefferson,MIN,16.8,18.99,WR
2294,00-0036322,2024_16_MIN_SEA,16,J.Jefferson,MIN,31.4,18.3,WR
2295,00-0036322,2024_17_GB_MIN,17,J.Jefferson,MIN,13.2,13.62,WR
2296,00-0036322,2024_18_MIN_DET,18,J.Jefferson,MIN,6.9,16.46,WR
2297,00-0036328,2024_01_NE_CIN,1,A.Gibson,NE,1.8,3.45,RB
2298,00-0036328,2024_02_SEA_NE,2,A.Gibson,NE,10.8,6.41,RB
2299,00-0036328,2024_03_NE_NYJ,3,A.Gibson,NE,5.2,5.07,RB
2300,00-0036328,2024_04_NE_SF,4,A.Gibson,NE,9.4,6.88,RB
2301,00-0036328,2024_05_MIA_NE,5,A.Gibson,NE,6.1,3.83,RB
2302,00-0036328,2024_06_HOU_NE,6,A.Gibson,NE,5.8,10.36,RB
2303,00-0036328,2024_07_NE_JAX,7,A.Gibson,NE,1.8,2.35,RB
2304,00-0036328,2024_08_NYJ_NE,8,A.Gibson,NE,0.7,4.32,RB
2305,00-0036328,2024_09_NE_TEN,9,A.Gibson,NE,1.6,1.36,RB
2306,00-0036328,2024_10_NE_CHI,10,A.Gibson,NE,2.6,3.22,RB
2307,00-0036328,2024_11_LA_NE,11,A.Gibson,NE,2.5,2.84,RB
2308,00-0036328,2024_12_NE_MIA,12,A.Gibson,NE,5.0,4.7,RB
2309,00-0036328,2024_13_IND_NE,13,A.Gibson,NE,12.2,4.34,RB
2310,00-0036328,2024_15_NE_ARI,15,A.Gibson,NE,7.4,7.22,RB
2311,00-0036328,2024_16_NE_BUF,16,A.Gibson,NE,4.5,9.83,RB
2312,00-0036328,2024_17_LAC_NE,17,A.Gibson,NE,6.3,6.79,RB
2313,00-0036328,2024_18_BUF_NE,18,A.Gibson,NE,8.1,12.59,RB
2315,00-0036331,2024_01_JAX_MIA,1,D.Duvernay,JAX,0.3,0.49,WR
2316,00-0036331,2024_02_CLE_JAX,2,D.Duvernay,JAX,0.4,0.49,WR
2317,00-0036331,2024_03_JAX_BUF,3,D.Duvernay,JAX,0.4,0.87,WR
2318,00-0036331,2024_05_IND_JAX,5,D.Duvernay,JAX,0.3,0.68,WR
2319,00-0036331,2024_11_JAX_DET,11,D.Duvernay,JAX,0.0,2.94,WR
2320,00-0036331,2024_13_HOU_JAX,13,D.Duvernay,JAX,3.3,4.79,WR
2321,00-0036331,2024_14_JAX_TEN,14,D.Duvernay,JAX,1.6,3.33,WR
2322,00-0036331,2024_15_NYJ_JAX,15,D.Duvernay,JAX,5.7,4.34,WR
2323,00-0036331,2024_16_JAX_LV,16,D.Duvernay,JAX,0.8,0.98,WR
2324,00-0036331,2024_17_TEN_JAX,17,D.Duvernay,JAX,0.9,0.98,WR
2325,00-0036332,2024_03_JAX_BUF,3,J.Deguara,JAX,1.3,0.98,TE
2326,00-0036332,2024_05_IND_JAX,5,J.Deguara,JAX,0.7,1.48,TE
2327,00-0036332,2024_16_JAX_LV,16,J.Deguara,JAX,0.9,0.98,TE
2328,00-0036345,2024_01_NE_CIN,1,K.Osborn,NE,3.6,6.48,WR
2329,00-0036345,2024_02_SEA_NE,2,K.Osborn,NE,1.2,1.96,WR
2330,00-0036345,2024_04_NE_SF,4,K.Osborn,NE,0.8,4.8,WR
2331,00-0036345,2024_07_NE_JAX,7,K.Osborn,NE,9.6,4.3,WR
2332,00-0036345,2024_08_NYJ_NE,8,K.Osborn,NE,0.0,1.47,WR
2333,00-0036345,2024_10_NE_CHI,10,K.Osborn,NE,0.0,2.15,WR
2334,00-0036355,2024_01_LV_LAC,1,J.Herbert,LAC,10.56,12.71,QB
2335,00-0036355,2024_02_LAC_CAR,2,J.Herbert,LAC,15.4,12.62,QB
2336,00-0036355,2024_03_LAC_PIT,3,J.Herbert,LAC,9.0,8.52,QB
2337,00-0036355,2024_04_KC_LAC,4,J.Herbert,LAC,11.16,14.82,QB
2338,00-0036355,2024_06_LAC_DEN,6,J.Herbert,LAC,13.98,18.05,QB
2339,00-0036355,2024_07_LAC_ARI,7,J.Herbert,LAC,13.76,16.63,QB
2340,00-0036355,2024_08_NO_LAC,8,J.Herbert,LAC,24.16,17.92,QB
2341,00-0036355,2024_09_LAC_CLE,9,J.Herbert,LAC,19.68,13.36,QB
2342,00-0036355,2024_10_TEN_LAC,10,J.Herbert,LAC,19.96,16.67,QB
2343,00-0036355,2024_11_CIN_LAC,11,J.Herbert,LAC,25.38,22.73,QB
2344,00-0036355,2024_12_BAL_LAC,12,J.Herbert,LAC,17.62,20.01,QB
2345,00-0036355,2024_13_LAC_ATL,13,J.Herbert,LAC,8.28,12.31,QB
2346,00-0036355,2024_14_LAC_KC,14,J.Herbert,LAC,13.72,15.58,QB
2347,00-0036355,2024_15_TB_LAC,15,J.Herbert,LAC,15.8,13.71,QB
2348,00-0036355,2024_16_DEN_LAC,16,J.Herbert,LAC,25.86,18.79,QB
2349,00-0036355,2024_17_LAC_NE,17,J.Herbert,LAC,24.44,23.49,QB
2350,00-0036355,2024_18_LAC_LV,18,J.Herbert,LAC,28.14,20.3,QB
2351,00-0036355,2024_19_LAC_HOU,19,J.Herbert,LAC,13.68,13.6,QB
2352,00-0036358,2024_01_DAL_CLE,1,C.Lamb,DAL,11.1,12.54,WR
2353,00-0036358,2024_02_NO_DAL,2,C.Lamb,DAL,17.0,10.19,WR
2354,00-0036358,2024_03_BAL_DAL,3,C.Lamb,DAL,8.7,9.32,WR
2355,00-0036358,2024_04_DAL_NYG,4,C.Lamb,DAL,20.1,9.89,WR
2356,00-0036358,2024_05_DAL_PIT,5,C.Lamb,DAL,8.9,11.1,WR
2357,00-0036358,2024_06_DET_DAL,6,C.Lamb,DAL,12.6,17.69,WR
2358,00-0036358,2024_08_DAL_SF,8,C.Lamb,DAL,33.1,21.36,WR
2359,00-0036358,2024_09_DAL_ATL,9,C.Lamb,DAL,12.2,15.33,WR
2360,00-0036358,2024_10_PHI_DAL,10,C.Lamb,DAL,5.4,12.79,WR
2361,00-0036358,2024_11_HOU_DAL,11,C.Lamb,DAL,14.6,14.02,WR
2362,00-0036358,2024_12_DAL_WAS,12,C.Lamb,DAL,11.8,12.41,WR
2363,00-0036358,2024_13_NYG_DAL,13,C.Lamb,DAL,4.9,6.33,WR
2364,00-0036358,2024_14_CIN_DAL,14,C.Lamb,DAL,18.4,8.95,WR
2365,00-0036358,2024_15_DAL_CAR,15,C.Lamb,DAL,22.1,15.5,WR
2366,00-0036358,2024_16_TB_DAL,16,C.Lamb,DAL,14.0,10.44,WR
2367,00-0036360,2024_17_LV_NO,17,C.Edwards-Helaire,NO,4.0,6.06,RB
2368,00-0036360,2024_18_NO_TB,18,C.Edwards-Helaire,NO,4.5,4.81,RB
2369,00-0036370,2024_18_HOU_TEN,18,J.Kelley,TEN,0.2,0.49,RB
2370,00-0036387,2024_07_LAC_ARI,7,J.Reagor,LAC,4.5,1.97,WR
2371,00-0036387,2024_08_NO_LAC,8,J.Reagor,LAC,4.5,2.34,WR
2372,00-0036387,2024_09_LAC_CLE,9,J.Reagor,LAC,0.5,1.85,WR
2373,00-0036387,2024_10_TEN_LAC,10,J.Reagor,LAC,-0.2,2.37,WR
2374,00-0036387,2024_11_CIN_LAC,11,J.Reagor,LAC,0.0,1.57,WR
2375,00-0036387,2024_12_BAL_LAC,12,J.Reagor,LAC,3.0,4.01,WR
2376,00-0036387,2024_14_LAC_KC,14,J.Reagor,LAC,0.9,0.98,WR
2377,00-0036389,2024_01_GB_PHI,1,J.Hurts,PHI,21.42,24.8,QB
2378,00-0036389,2024_02_ATL_PHI,2,J.Hurts,PHI,25.92,27.8,QB
2379,00-0036389,2024_03_PHI_NO,3,J.Hurts,PHI,15.34,18.4,QB
2380,00-0036389,2024_04_PHI_TB,4,J.Hurts,PHI,18.42,23.92,QB
2381,00-0036389,2024_06_CLE_PHI,6,J.Hurts,PHI,22.26,15.68,QB
2382,00-0036389,2024_07_PHI_NYG,7,J.Hurts,PHI,22.86,22.26,QB
2383,00-0036389,2024_08_PHI_CIN,8,J.Hurts,PHI,35.14,24.69,QB
2384,00-0036389,2024_09_JAX_PHI,9,J.Hurts,PHI,30.1,27.11,QB
2385,00-0036389,2024_10_PHI_DAL,10,J.Hurts,PHI,33.78,21.57,QB
2386,00-0036389,2024_11_WAS_PHI,11,J.Hurts,PHI,18.84,21.59,QB
2387,00-0036389,2024_12_PHI_LA,12,J.Hurts,PHI,15.06,20.49,QB
2388,00-0036389,2024_13_PHI_BAL,13,J.Hurts,PHI,17.82,15.27,QB
2389,00-0036389,2024_14_CAR_PHI,14,J.Hurts,PHI,24.32,18.99,QB
2390,00-0036389,2024_15_PIT_PHI,15,J.Hurts,PHI,29.2,32.16,QB
2391,00-0036389,2024_16_PHI_WAS,16,J.Hurts,PHI,4.54,4.39,QB
2392,00-0036389,2024_19_GB_PHI,19,J.Hurts,PHI,16.94,11.85,QB
2393,00-0036407,2024_01_DAL_CLE,1,J.Jeudy,CLE,10.0,11.34,WR
2394,00-0036407,2024_02_CLE_JAX,2,J.Jeudy,CLE,9.8,6.87,WR
2395,00-0036407,2024_03_NYG_CLE,3,J.Jeudy,CLE,6.7,9.58,WR
2396,00-0036407,2024_04_CLE_LV,4,J.Jeudy,CLE,10.2,10.7,WR
2397,00-0036407,2024_05_CLE_WAS,5,J.Jeudy,CLE,2.1,5.08,WR
2398,00-0036407,2024_06_CLE_PHI,6,J.Jeudy,CLE,4.0,5.34,WR
2399,00-0036407,2024_07_CIN_CLE,7,J.Jeudy,CLE,2.3,8.95,WR
2400,00-0036407,2024_08_BAL_CLE,8,J.Jeudy,CLE,10.4,9.89,WR
2401,00-0036407,2024_09_LAC_CLE,9,J.Jeudy,CLE,10.8,14.58,WR
2402,00-0036407,2024_11_CLE_NO,11,J.Jeudy,CLE,23.2,12.72,WR
2403,00-0036407,2024_12_PIT_CLE,12,J.Jeudy,CLE,11.5,8.89,WR
2404,00-0036407,2024_13_CLE_DEN,13,J.Jeudy,CLE,36.0,18.22,WR
2405,00-0036407,2024_14_CLE_PIT,14,J.Jeudy,CLE,14.9,6.53,WR
2406,00-0036407,2024_15_KC_CLE,15,J.Jeudy,CLE,16.3,14.73,WR
2407,00-0036407,2024_16_CLE_CIN,16,J.Jeudy,CLE,3.0,3.44,WR
2408,00-0036407,2024_17_MIA_CLE,17,J.Jeudy,CLE,15.4,20.81,WR
2409,00-0036407,2024_18_CLE_BAL,18,J.Jeudy,CLE,9.3,16.33,WR
2410,00-0036410,2024_03_WAS_CIN,3,T.Higgins,CIN,5.4,13.79,WR
2411,00-0036410,2024_04_CIN_CAR,4,T.Higgins,CIN,9.0,11.47,WR
2412,00-0036410,2024_05_BAL_CIN,5,T.Higgins,CIN,24.8,19.38,WR
2413,00-0036410,2024_06_CIN_NYG,6,T.Higgins,CIN,11.2,8.32,WR
2414,00-0036410,2024_07_CIN_CLE,7,T.Higgins,CIN,16.2,11.08,WR
2415,00-0036410,2024_11_CIN_LAC,11,T.Higgins,CIN,25.3,17.43,WR
2416,00-0036410,2024_13_PIT_CIN,13,T.Higgins,CIN,15.4,16.19,WR
2417,00-0036410,2024_14_CIN_DAL,14,T.Higgins,CIN,3.3,6.95,WR
2418,00-0036410,2024_15_CIN_TEN,15,T.Higgins,CIN,17.3,12.02,WR
2419,00-0036410,2024_16_CLE_CIN,16,T.Higgins,CIN,15.8,16.89,WR
2420,00-0036410,2024_17_DEN_CIN,17,T.Higgins,CIN,36.6,24.04,WR
2421,00-0036410,2024_18_CIN_PIT,18,T.Higgins,CIN,7.3,7.2,WR
2422,00-0036414,2024_02_CHI_HOU,2,C.Akers,HOU,3.0,6.05,RB
2423,00-0036414,2024_03_HOU_MIN,3,C.Akers,HOU,9.4,7.78,RB
2424,00-0036414,2024_04_JAX_HOU,4,C.Akers,HOU,5.3,6.98,RB
2425,00-0036414,2024_05_BUF_HOU,5,C.Akers,HOU,11.7,7.27,RB
2426,00-0036414,2024_06_HOU_NE,6,C.Akers,HOU,-0.1,0.99,RB
2427,00-0036414,2024_09_IND_MIN,9,C.Akers,MIN,6.3,4.81,RB
2428,00-0036414,2024_10_MIN_JAX,10,C.Akers,MIN,5.2,7.7,RB
2429,00-0036414,2024_11_MIN_TEN,11,C.Akers,MIN,10.6,7.54,RB
2430,00-0036414,2024_12_MIN_CHI,12,C.Akers,MIN,3.0,2.35,RB
2431,00-0036414,2024_13_ARI_MIN,13,C.Akers,MIN,2.2,1.97,RB
2432,00-0036414,2024_14_ATL_MIN,14,C.Akers,MIN,3.7,2.47,RB
2433,00-0036414,2024_15_CHI_MIN,15,C.Akers,MIN,8.4,7.77,RB
2434,00-0036414,2024_16_MIN_SEA,16,C.Akers,MIN,0.3,0.49,RB
2435,00-0036414,2024_17_GB_MIN,17,C.Akers,MIN,10.3,6.87,RB
2436,00-0036414,2024_18_MIN_DET,18,C.Akers,MIN,7.9,6.43,RB
2437,00-0036415,2024_01_PIT_ATL,1,V.Jefferson,PIT,0.6,2.49,WR
2438,00-0036415,2024_02_PIT_DEN,2,V.Jefferson,PIT,2.4,3.44,WR
2439,00-0036415,2024_04_PIT_IND,4,V.Jefferson,PIT,3.1,3.46,WR
2440,00-0036415,2024_05_DAL_PIT,5,V.Jefferson,PIT,4.1,5.97,WR
2441,00-0036415,2024_07_NYJ_PIT,7,V.Jefferson,PIT,8.5,6.95,WR
2442,00-0036415,2024_08_NYG_PIT,8,V.Jefferson,PIT,8.2,7.13,WR
2443,00-0036415,2024_10_PIT_WAS,10,V.Jefferson,PIT,0.0,3.33,WR
2444,00-0036415,2024_11_BAL_PIT,11,V.Jefferson,PIT,0.0,1.59,WR
2445,00-0036415,2024_12_PIT_CLE,12,V.Jefferson,PIT,4.9,2.48,WR
2446,00-0036415,2024_13_PIT_CIN,13,V.Jefferson,PIT,4.8,3.55,WR
2447,00-0036415,2024_14_CLE_PIT,14,V.Jefferson,PIT,7.5,2.73,WR
2448,00-0036415,2024_15_PIT_PHI,15,V.Jefferson,PIT,0.5,2.98,WR
2449,00-0036415,2024_16_PIT_BAL,16,V.Jefferson,PIT,3.7,3.44,WR
2450,00-0036415,2024_17_KC_PIT,17,V.Jefferson,PIT,0.0,0.98,WR
2451,00-0036415,2024_18_CIN_PIT,18,V.Jefferson,PIT,3.3,3.93,WR
2452,00-0036415,2024_19_PIT_BAL,19,V.Jefferson,PIT,10.7,3.39,WR
2453,00-0036422,2024_01_DEN_SEA,1,A.Trautman,DEN,0.0,0.98,TE
2454,00-0036422,2024_03_DEN_TB,3,A.Trautman,DEN,1.8,0.98,TE
2455,00-0036422,2024_05_LV_DEN,5,A.Trautman,DEN,2.4,0.98,TE
2456,00-0036422,2024_07_DEN_NO,7,A.Trautman,DEN,0.0,3.45,TE
2457,00-0036422,2024_08_CAR_DEN,8,A.Trautman,DEN,16.5,6.37,TE
2458,00-0036422,2024_09_DEN_BAL,9,A.Trautman,DEN,0.9,0.98,TE
2459,00-0036422,2024_10_DEN_KC,10,A.Trautman,DEN,3.9,0.98,TE
2460,00-0036422,2024_11_ATL_DEN,11,A.Trautman,DEN,0.0,0.98,TE
2461,00-0036422,2024_12_DEN_LV,12,A.Trautman,DEN,0.8,1.96,TE
2462,00-0036422,2024_13_CLE_DEN,13,A.Trautman,DEN,0.0,0.98,TE
2463,00-0036422,2024_15_IND_DEN,15,A.Trautman,DEN,9.0,3.2,TE
2464,00-0036422,2024_16_DEN_LAC,16,A.Trautman,DEN,1.0,0.98,TE
2465,00-0036422,2024_17_DEN_CIN,17,A.Trautman,DEN,1.0,2.94,TE
2466,00-0036422,2024_19_DEN_BUF,19,A.Trautman,DEN,0.7,0.98,TE
2467,00-0036425,2024_09_CHI_ARI,9,D.Dallas,ARI,0.2,0.49,RB
2468,00-0036425,2024_10_NYJ_ARI,10,D.Dallas,ARI,1.0,1.48,RB
2469,00-0036425,2024_15_NE_ARI,15,D.Dallas,ARI,1.5,1.97,RB
2470,00-0036425,2024_16_ARI_CAR,16,D.Dallas,ARI,6.6,3.29,RB
2471,00-0036425,2024_17_ARI_LA,17,D.Dallas,ARI,1.0,0.87,RB
2472,00-0036425,2024_18_SF_ARI,18,D.Dallas,ARI,3.2,1.36,RB
2473,00-0036427,2024_01_LA_DET,1,T.Johnson,LA,10.4,8.39,WR
2474,00-0036427,2024_02_LA_ARI,2,T.Johnson,LA,3.0,4.2,WR
2475,00-0036427,2024_03_SF_LA,3,T.Johnson,LA,3.5,4.08,WR
2476,00-0036427,2024_04_LA_CHI,4,T.Johnson,LA,0.0,0.98,WR
2477,00-0036427,2024_07_LV_LA,7,T.Johnson,LA,7.7,8.09,WR
2478,00-0036427,2024_08_MIN_LA,8,T.Johnson,LA,1.1,0.98,WR
2479,00-0036427,2024_09_LA_SEA,9,T.Johnson,LA,5.3,5.4,WR
2480,00-0036427,2024_10_MIA_LA,10,T.Johnson,LA,4.0,4.51,WR
2481,00-0036427,2024_12_PHI_LA,12,T.Johnson,LA,1.6,0.98,WR
2482,00-0036427,2024_13_LA_NO,13,T.Johnson,LA,0.0,2.5,WR
2483,00-0036427,2024_18_SEA_LA,18,T.Johnson,LA,11.5,9.25,WR
2484,00-0036429,2024_01_PIT_ATL,1,C.Woerner,ATL,0.9,1.96,TE
2485,00-0036429,2024_08_ATL_TB,8,C.Woerner,ATL,1.8,0.98,TE
2486,00-0036429,2024_10_ATL_NO,10,C.Woerner,ATL,0.0,0.87,TE
2487,00-0036429,2024_13_LAC_ATL,13,C.Woerner,ATL,1.0,0.98,TE
2488,00-0036429,2024_14_ATL_MIN,14,C.Woerner,ATL,1.6,1.06,TE
2489,00-0036429,2024_15_ATL_LV,15,C.Woerner,ATL,1.7,2.72,TE
2490,00-0036429,2024_16_NYG_ATL,16,C.Woerner,ATL,0.0,1.96,TE
2491,00-0036429,2024_17_ATL_WAS,17,C.Woerner,ATL,1.1,0.98,TE
2492,00-0036438,2024_13_TB_CAR,13,S.Sullivan,CAR,0.0,1.47,TE
2493,00-0036442,2024_01_NE_CIN,1,J.Burrow,CIN,7.06,13.6,QB
2494,00-0036442,2024_02_CIN_KC,2,J.Burrow,CIN,19.22,28.49,QB
2495,00-0036442,2024_03_WAS_CIN,3,J.Burrow,CIN,25.36,23.94,QB
2496,00-0036442,2024_04_CIN_CAR,4,J.Burrow,CIN,18.28,16.22,QB
2497,00-0036442,2024_05_BAL_CIN,5,J.Burrow,CIN,35.78,20.85,QB
2498,00-0036442,2024_06_CIN_NYG,6,J.Burrow,CIN,20.02,13.5,QB
2499,00-0036442,2024_07_CIN_CLE,7,J.Burrow,CIN,15.24,11.25,QB
2500,00-0036442,2024_08_PHI_CIN,8,J.Burrow,CIN,13.96,18.08,QB
2501,00-0036442,2024_09_LV_CIN,9,J.Burrow,CIN,31.24,26.1,QB
2502,00-0036442,2024_10_CIN_BAL,10,J.Burrow,CIN,33.72,34.29,QB
2503,00-0036442,2024_11_CIN_LAC,11,J.Burrow,CIN,29.04,27.6,QB
2504,00-0036442,2024_13_PIT_CIN,13,J.Burrow,CIN,25.26,24.92,QB
2505,00-0036442,2024_14_CIN_DAL,14,J.Burrow,CIN,26.76,19.65,QB
2506,00-0036442,2024_15_CIN_TEN,15,J.Burrow,CIN,22.84,18.06,QB
2507,00-0036442,2024_16_CLE_CIN,16,J.Burrow,CIN,23.98,20.24,QB
2508,00-0036442,2024_17_DEN_CIN,17,J.Burrow,CIN,36.08,34.87,QB
2509,00-0036442,2024_18_CIN_PIT,18,J.Burrow,CIN,15.08,21.58,QB
2510,00-0036450,2024_14_CHI_SF,14,K.Vaughn,SF,0.4,0.99,RB
2511,00-0036463,2024_16_NYG_ATL,16,C.Blair,ATL,2.2,1.5,WR
2512,00-0036463,2024_17_ATL_WAS,17,C.Blair,ATL,0.0,1.48,WR
2513,00-0036497,2024_08_GB_JAX,8,T.Jones,JAX,2.5,1.96,WR
2514,00-0036497,2024_09_JAX_PHI,9,T.Jones,JAX,1.5,1.96,WR
2515,00-0036497,2024_17_TEN_JAX,17,T.Jones,JAX,1.6,1.05,WR
2516,00-0036510,2024_09_HOU_NYJ,9,K.Yeboah,NYJ,1.7,0.98,TE
2517,00-0036510,2024_10_NYJ_ARI,10,K.Yeboah,NYJ,0.9,0.87,TE
2518,00-0036510,2024_11_IND_NYJ,11,K.Yeboah,NYJ,7.6,1.53,TE
2519,00-0036510,2024_16_LA_NYJ,16,K.Yeboah,NYJ,0.0,0.98,TE
2520,00-0036510,2024_17_NYJ_BUF,17,K.Yeboah,NYJ,0.0,2.35,TE
2521,00-0036510,2024_18_MIA_NYJ,18,K.Yeboah,NYJ,3.0,2.12,TE
2522,00-0036527,2024_01_LV_LAC,1,D.Turner,LV,1.4,0.87,WR
2523,00-0036527,2024_02_LV_BAL,2,D.Turner,LV,0.2,0.49,WR
2524,00-0036527,2024_04_CLE_LV,4,D.Turner,LV,7.8,1.97,WR
2525,00-0036527,2024_05_LV_DEN,5,D.Turner,LV,2.2,5.4,WR
2526,00-0036527,2024_06_PIT_LV,6,D.Turner,LV,4.7,4.9,WR
2527,00-0036527,2024_07_LV_LA,7,D.Turner,LV,2.7,8.39,WR
2528,00-0036527,2024_08_KC_LV,8,D.Turner,LV,11.2,5.45,WR
2529,00-0036527,2024_11_LV_MIA,11,D.Turner,LV,4.4,2.94,WR
2530,00-0036527,2024_12_DEN_LV,12,D.Turner,LV,1.5,3.7,WR
2531,00-0036527,2024_13_LV_KC,13,D.Turner,LV,3.0,0.87,WR
2532,00-0036534,2024_11_JAX_DET,11,S.Zylstra,DET,2.7,0.98,TE
2533,00-0036550,2024_01_BAL_KC,1,R.Bateman,BAL,6.3,7.21,WR
2534,00-0036550,2024_02_LV_BAL,2,R.Bateman,BAL,5.5,4.86,WR
2535,00-0036550,2024_03_BAL_DAL,3,R.Bateman,BAL,10.3,5.46,WR
2536,00-0036550,2024_04_BUF_BAL,4,R.Bateman,BAL,2.8,1.9,WR
2537,00-0036550,2024_05_BAL_CIN,5,R.Bateman,BAL,13.8,9.99,WR
2538,00-0036550,2024_06_WAS_BAL,6,R.Bateman,BAL,9.1,6.75,WR
2539,00-0036550,2024_07_BAL_TB,7,R.Bateman,BAL,20.1,5.89,WR
2540,00-0036550,2024_08_BAL_CLE,8,R.Bateman,BAL,3.3,6.66,WR
2541,00-0036550,2024_09_DEN_BAL,9,R.Bateman,BAL,4.0,3.93,WR
2542,00-0036550,2024_10_CIN_BAL,10,R.Bateman,BAL,14.4,12.82,WR
2543,00-0036550,2024_11_BAL_PIT,11,R.Bateman,BAL,4.0,6.64,WR
2544,00-0036550,2024_12_BAL_LAC,12,R.Bateman,BAL,11.3,6.32,WR
2545,00-0036550,2024_15_BAL_NYG,15,R.Bateman,BAL,21.5,8.54,WR
2546,00-0036550,2024_16_PIT_BAL,16,R.Bateman,BAL,7.9,5.21,WR
2547,00-0036550,2024_17_BAL_HOU,17,R.Bateman,BAL,1.7,0.98,WR
2548,00-0036550,2024_18_CLE_BAL,18,R.Bateman,BAL,16.1,13.08,WR
2549,00-0036550,2024_19_PIT_BAL,19,R.Bateman,BAL,9.4,3.74,WR
2550,00-0036554,2024_01_HOU_IND,1,N.Collins,HOU,14.7,10.93,WR
2551,00-0036554,2024_02_CHI_HOU,2,N.Collins,HOU,23.5,14.2,WR
2552,00-0036554,2024_03_HOU_MIN,3,N.Collins,HOU,10.6,19.46,WR
2553,00-0036554,2024_04_JAX_HOU,4,N.Collins,HOU,27.1,24.48,WR
2554,00-0036554,2024_05_BUF_HOU,5,N.Collins,HOU,14.8,2.62,WR
2555,00-0036554,2024_11_HOU_DAL,11,N.Collins,HOU,7.4,8.14,WR
2556,00-0036554,2024_12_TEN_HOU,12,N.Collins,HOU,17.7,12.05,WR
2557,00-0036554,2024_13_HOU_JAX,13,N.Collins,HOU,15.9,11.97,WR
2558,00-0036554,2024_15_MIA_HOU,15,N.Collins,HOU,15.7,9.78,WR
2559,00-0036554,2024_16_HOU_KC,16,N.Collins,HOU,9.5,12.0,WR
2560,00-0036554,2024_17_BAL_HOU,17,N.Collins,HOU,7.4,8.34,WR
2561,00-0036554,2024_18_HOU_TEN,18,N.Collins,HOU,12.3,7.1,WR
2562,00-0036554,2024_19_LAC_HOU,19,N.Collins,HOU,21.7,9.24,WR
2563,00-0036555,2024_01_CAR_NO,1,C.Hubbard,CAR,1.4,2.96,RB
2564,00-0036555,2024_02_LAC_CAR,2,C.Hubbard,CAR,9.6,9.5,RB
2565,00-0036555,2024_03_CAR_LV,3,C.Hubbard,CAR,25.4,16.8,RB
2566,00-0036555,2024_04_CIN_CAR,4,C.Hubbard,CAR,20.1,23.24,RB
2567,00-0036555,2024_05_CAR_CHI,5,C.Hubbard,CAR,17.5,10.46,RB
2568,00-0036555,2024_06_ATL_CAR,6,C.Hubbard,CAR,12.8,15.69,RB
2569,00-0036555,2024_07_CAR_WAS,7,C.Hubbard,CAR,11.2,10.1,RB
2570,00-0036555,2024_08_CAR_DEN,8,C.Hubbard,CAR,8.1,9.25,RB
2571,00-0036555,2024_09_NO_CAR,9,C.Hubbard,CAR,20.2,18.51,RB
2572,00-0036555,2024_10_NYG_CAR,10,C.Hubbard,CAR,24.9,26.05,RB
2573,00-0036555,2024_12_KC_CAR,12,C.Hubbard,CAR,14.5,21.94,RB
2574,00-0036555,2024_13_TB_CAR,13,C.Hubbard,CAR,3.3,5.92,RB
2575,00-0036555,2024_14_CAR_PHI,14,C.Hubbard,CAR,18.7,27.22,RB
2576,00-0036555,2024_15_DAL_CAR,15,C.Hubbard,CAR,6.9,8.75,RB
2577,00-0036555,2024_16_ARI_CAR,16,C.Hubbard,CAR,30.5,22.71,RB
2578,00-0036556,2024_01_HOU_IND,1,B.Jordan,HOU,0.8,1.85,TE
2579,00-0036556,2024_02_CHI_HOU,2,B.Jordan,HOU,0.9,0.98,TE
2580,00-0036590,2024_09_MIA_BUF,9,Q.Morris,BUF,6.7,3.43,TE
2581,00-0036590,2024_11_KC_BUF,11,Q.Morris,BUF,0.0,1.94,TE
2582,00-0036590,2024_13_SF_BUF,13,Q.Morris,BUF,1.9,0.98,TE
2583,00-0036590,2024_17_NYJ_BUF,17,Q.Morris,BUF,0.0,2.73,TE
2584,00-0036590,2024_18_BUF_NE,18,Q.Morris,BUF,3.5,3.81,TE
2585,00-0036613,2024_01_JAX_MIA,1,J.Waddle,MIA,13.7,7.66,WR
2586,00-0036613,2024_02_BUF_MIA,2,J.Waddle,MIA,6.5,5.24,WR
2587,00-0036613,2024_03_MIA_SEA,3,J.Waddle,MIA,4.6,4.68,WR
2588,00-0036613,2024_04_TEN_MIA,4,J.Waddle,MIA,5.6,6.44,WR
2589,00-0036613,2024_05_MIA_NE,5,J.Waddle,MIA,6.6,9.07,WR
2590,00-0036613,2024_07_MIA_IND,7,J.Waddle,MIA,1.6,1.96,WR
2591,00-0036613,2024_08_ARI_MIA,8,J.Waddle,MIA,6.5,6.27,WR
2592,00-0036613,2024_09_MIA_BUF,9,J.Waddle,MIA,8.9,3.29,WR
2593,00-0036613,2024_10_MIA_LA,10,J.Waddle,MIA,7.1,7.96,WR
2594,00-0036613,2024_11_LV_MIA,11,J.Waddle,MIA,4.7,3.44,WR
2595,00-0036613,2024_12_NE_MIA,12,J.Waddle,MIA,24.4,13.26,WR
2596,00-0036613,2024_13_MIA_GB,13,J.Waddle,MIA,9.3,6.6,WR
2597,00-0036613,2024_14_NYJ_MIA,14,J.Waddle,MIA,16.4,15.93,WR
2598,00-0036613,2024_15_MIA_HOU,15,J.Waddle,MIA,0.0,3.29,WR
2599,00-0036613,2024_18_MIA_NYJ,18,J.Waddle,MIA,7.0,13.53,WR
2600,00-0036620,2024_03_MIA_SEA,3,D.Eskridge,MIA,3.5,1.42,WR
2601,00-0036620,2024_08_ARI_MIA,8,D.Eskridge,MIA,1.1,0.98,WR
2602,00-0036620,2024_17_MIA_CLE,17,D.Eskridge,MIA,1.3,0.87,WR
2603,00-0036626,2024_02_NYG_WAS,2,D.Brown,WAS,2.7,7.01,WR
2604,00-0036626,2024_03_WAS_CIN,3,D.Brown,WAS,2.6,1.74,WR
2605,00-0036626,2024_04_WAS_ARI,4,D.Brown,WAS,0.9,0.98,WR
2606,00-0036626,2024_05_CLE_WAS,5,D.Brown,WAS,12.7,3.54,WR
2607,00-0036626,2024_06_WAS_BAL,6,D.Brown,WAS,1.6,0.87,WR
2608,00-0036626,2024_07_CAR_WAS,7,D.Brown,WAS,2.8,5.86,WR
2609,00-0036626,2024_08_CHI_WAS,8,D.Brown,WAS,1.1,0.87,WR
2610,00-0036626,2024_09_WAS_NYG,9,D.Brown,WAS,2.9,0.87,WR
2611,00-0036626,2024_10_PIT_WAS,10,D.Brown,WAS,-0.3,4.95,WR
2612,00-0036626,2024_11_WAS_PHI,11,D.Brown,WAS,0.9,2.14,WR
2613,00-0036626,2024_12_DAL_WAS,12,D.Brown,WAS,4.6,3.26,WR
2614,00-0036626,2024_13_TEN_WAS,13,D.Brown,WAS,5.9,6.0,WR
2615,00-0036626,2024_15_WAS_NO,15,D.Brown,WAS,4.5,3.83,WR
2616,00-0036626,2024_16_PHI_WAS,16,D.Brown,WAS,7.6,6.47,WR
2617,00-0036626,2024_18_WAS_DAL,18,D.Brown,WAS,3.9,6.38,WR
2618,00-0036626,2024_19_WAS_TB,19,D.Brown,WAS,17.4,8.28,WR
2619,00-0036628,2024_01_WAS_TB,1,J.Bates,WAS,0.0,0.87,TE
2620,00-0036628,2024_02_NYG_WAS,2,J.Bates,WAS,1.0,0.98,TE
2621,00-0036628,2024_04_WAS_ARI,4,J.Bates,WAS,1.4,0.98,TE
2622,00-0036628,2024_08_CHI_WAS,8,J.Bates,WAS,2.5,1.96,TE
2623,00-0036628,2024_11_WAS_PHI,11,J.Bates,WAS,2.7,2.83,TE
2624,00-0036628,2024_12_DAL_WAS,12,J.Bates,WAS,1.8,0.98,TE
2625,00-0036628,2024_15_WAS_NO,15,J.Bates,WAS,1.1,0.98,TE
2626,00-0036628,2024_16_PHI_WAS,16,J.Bates,WAS,0.0,0.87,TE
2627,00-0036628,2024_17_ATL_WAS,17,J.Bates,WAS,1.9,0.98,TE
2628,00-0036628,2024_18_WAS_DAL,18,J.Bates,WAS,0.0,1.75,TE
2629,00-0036628,2024_19_WAS_TB,19,J.Bates,WAS,0.0,1.51,TE
2630,00-0036630,2024_05_BAL_CIN,5,T.Wallace,BAL,4.1,2.09,WR
2631,00-0036630,2024_10_CIN_BAL,10,T.Wallace,BAL,19.0,3.92,WR
2632,00-0036630,2024_11_BAL_PIT,11,T.Wallace,BAL,1.3,0.98,WR
2633,00-0036630,2024_12_BAL_LAC,12,T.Wallace,BAL,2.0,0.98,WR
2634,00-0036630,2024_13_PHI_BAL,13,T.Wallace,BAL,2.4,1.85,WR
2635,00-0036630,2024_15_BAL_NYG,15,T.Wallace,BAL,1.3,0.98,WR
2636,00-0036630,2024_17_BAL_HOU,17,T.Wallace,BAL,0.7,0.87,WR
2637,00-0036630,2024_18_CLE_BAL,18,T.Wallace,BAL,0.0,0.98,WR
2638,00-0036630,2024_19_PIT_BAL,19,T.Wallace,BAL,2.6,2.09,WR
2639,00-0036637,2024_01_BAL_KC,1,N.Gray,KC,5.2,3.71,TE
2640,00-0036637,2024_03_KC_ATL,3,N.Gray,KC,1.8,3.53,TE
2641,00-0036637,2024_04_KC_LAC,4,N.Gray,KC,6.0,4.31,TE
2642,00-0036637,2024_05_NO_KC,5,N.Gray,KC,3.9,1.96,TE
2643,00-0036637,2024_07_KC_SF,7,N.Gray,KC,8.6,4.8,TE
2644,00-0036637,2024_08_KC_LV,8,N.Gray,KC,3.8,2.94,TE
2645,00-0036637,2024_09_TB_KC,9,N.Gray,KC,0.0,0.98,TE
2646,00-0036637,2024_10_DEN_KC,10,N.Gray,KC,2.8,1.85,TE
2647,00-0036637,2024_11_KC_BUF,11,N.Gray,KC,16.3,10.1,TE
2648,00-0036637,2024_12_KC_CAR,12,N.Gray,KC,20.6,6.51,TE
2649,00-0036637,2024_13_LV_KC,13,N.Gray,KC,7.8,8.45,TE
2650,00-0036637,2024_14_LAC_KC,14,N.Gray,KC,4.6,4.68,TE
2651,00-0036637,2024_15_KC_CLE,15,N.Gray,KC,9.1,7.23,TE
2652,00-0036637,2024_16_HOU_KC,16,N.Gray,KC,1.5,0.98,TE
2653,00-0036637,2024_17_KC_PIT,17,N.Gray,KC,1.1,0.89,TE
2654,00-0036637,2024_18_KC_DEN,18,N.Gray,KC,0.2,1.36,TE
2655,00-0036640,2024_11_KC_BUF,11,Z.Davidson,BUF,1.0,0.98,TE
2656,00-0036640,2024_13_SF_BUF,13,Z.Davidson,BUF,0.0,2.61,TE
2657,00-0036646,2024_03_LAC_PIT,3,S.Fehoko,LAC,2.2,4.56,WR
2658,00-0036646,2024_06_LAC_DEN,6,S.Fehoko,LAC,5.4,5.85,WR
2659,00-0036646,2024_07_LAC_ARI,7,S.Fehoko,LAC,6.0,7.52,WR
2660,00-0036646,2024_08_NO_LAC,8,S.Fehoko,LAC,0.0,3.87,WR
2661,00-0036646,2024_09_LAC_CLE,9,S.Fehoko,LAC,0.0,0.98,WR
2662,00-0036670,2024_16_DET_CHI,16,J.Jefferson,DET,2.8,2.35,RB
2663,00-0036670,2024_17_DET_SF,17,J.Jefferson,DET,0.9,5.89,RB
2664,00-0036727,2024_02_NO_DAL,2,A.Prentice,NO,0.0,0.98,RB
2665,00-0036727,2024_08_NO_LAC,8,A.Prentice,NO,0.0,0.98,RB
2666,00-0036727,2024_09_NO_CAR,9,A.Prentice,NO,0.0,0.87,RB
2667,00-0036727,2024_17_LV_NO,17,A.Prentice,NO,0.0,0.87,RB
2668,00-0036741,2024_04_PHI_TB,4,J.Stoll,PHI,0.9,1.96,TE
2669,00-0036741,2024_08_PHI_CIN,8,J.Stoll,PHI,1.1,0.98,TE
2670,00-0036754,2024_01_LA_DET,1,B.Wright,DET,0.7,1.51,TE
2671,00-0036754,2024_03_DET_ARI,3,B.Wright,DET,5.4,4.91,TE
2672,00-0036754,2024_04_SEA_DET,4,B.Wright,DET,2.3,1.99,TE
2673,00-0036754,2024_06_DET_DAL,6,B.Wright,DET,0.0,1.92,TE
2674,00-0036754,2024_08_TEN_DET,8,B.Wright,DET,7.3,1.6,TE
2675,00-0036754,2024_09_DET_GB,9,B.Wright,DET,0.6,0.87,TE
2676,00-0036754,2024_11_JAX_DET,11,B.Wright,DET,7.0,3.03,TE
2677,00-0036754,2024_12_DET_IND,12,B.Wright,DET,3.4,1.74,TE
2678,00-0036754,2024_13_CHI_DET,13,B.Wright,DET,1.8,0.98,TE
2679,00-0036754,2024_14_GB_DET,14,B.Wright,DET,0.0,2.62,TE
2680,00-0036825,2024_04_CIN_CAR,4,F.Franks,CAR,0.0,1.47,TE
2681,00-0036825,2024_13_TB_CAR,13,F.Franks,CAR,0.0,1.47,TE
2682,00-0036825,2024_18_CAR_ATL,18,F.Franks,CAR,1.7,1.14,TE
2683,00-0036841,2024_09_JAX_PHI,9,A.Trammell,JAX,5.0,4.36,WR
2684,00-0036849,2024_02_LA_ARI,2,T.Atwell,LA,6.3,4.97,WR
2685,00-0036849,2024_03_SF_LA,3,T.Atwell,LA,11.3,6.1,WR
2686,00-0036849,2024_04_LA_CHI,4,T.Atwell,LA,10.2,8.48,WR
2687,00-0036849,2024_05_GB_LA,5,T.Atwell,LA,9.5,13.96,WR
2688,00-0036849,2024_07_LV_LA,7,T.Atwell,LA,8.1,8.61,WR
2689,00-0036849,2024_08_MIN_LA,8,T.Atwell,LA,2.3,2.95,WR
2690,00-0036849,2024_09_LA_SEA,9,T.Atwell,LA,2.1,4.43,WR
2691,00-0036849,2024_10_MIA_LA,10,T.Atwell,LA,1.1,0.98,WR
2692,00-0036849,2024_11_LA_NE,11,T.Atwell,LA,2.6,2.46,WR
2693,00-0036849,2024_12_PHI_LA,12,T.Atwell,LA,4.5,3.01,WR
2694,00-0036849,2024_13_LA_NO,13,T.Atwell,LA,4.9,3.44,WR
2695,00-0036849,2024_14_BUF_LA,14,T.Atwell,LA,6.0,3.77,WR
2696,00-0036849,2024_15_LA_SF,15,T.Atwell,LA,1.1,2.04,WR
2697,00-0036849,2024_16_LA_NYJ,16,T.Atwell,LA,1.7,2.14,WR
2698,00-0036849,2024_18_SEA_LA,18,T.Atwell,LA,6.2,9.45,WR
2699,00-0036862,2024_11_BAL_PIT,11,B.Skowronek,PIT,0.9,0.98,WR
2700,00-0036862,2024_13_PIT_CIN,13,B.Skowronek,PIT,2.8,1.7,WR
2701,00-0036862,2024_15_PIT_PHI,15,B.Skowronek,PIT,2.2,0.98,WR
2702,00-0036862,2024_16_PIT_BAL,16,B.Skowronek,PIT,3.5,2.03,WR
2703,00-0036875,2024_01_NE_CIN,1,R.Stevenson,NE,20.1,17.83,RB
2704,00-0036875,2024_02_SEA_NE,2,R.Stevenson,NE,16.0,24.15,RB
2705,00-0036875,2024_03_NE_NYJ,3,R.Stevenson,NE,1.3,2.96,RB
2706,00-0036875,2024_04_NE_SF,4,R.Stevenson,NE,6.8,11.45,RB
2707,00-0036875,2024_05_MIA_NE,5,R.Stevenson,NE,17.2,9.82,RB
2708,00-0036875,2024_07_NE_JAX,7,R.Stevenson,NE,3.5,6.17,RB
2709,00-0036875,2024_08_NYJ_NE,8,R.Stevenson,NE,22.0,20.25,RB
2710,00-0036875,2024_09_NE_TEN,9,R.Stevenson,NE,19.9,15.42,RB
2711,00-0036875,2024_10_NE_CHI,10,R.Stevenson,NE,8.2,14.36,RB
2712,00-0036875,2024_11_LA_NE,11,R.Stevenson,NE,10.9,16.62,RB
2713,00-0036875,2024_12_NE_MIA,12,R.Stevenson,NE,3.3,7.31,RB
2714,00-0036875,2024_13_IND_NE,13,R.Stevenson,NE,10.9,13.03,RB
2715,00-0036875,2024_15_NE_ARI,15,R.Stevenson,NE,9.0,9.19,RB
2716,00-0036875,2024_16_NE_BUF,16,R.Stevenson,NE,12.8,6.93,RB
2717,00-0036875,2024_17_LAC_NE,17,R.Stevenson,NE,0.1,1.86,RB
2718,00-0036876,2024_01_HOU_IND,1,K.Granson,IND,0.0,1.14,TE
2719,00-0036876,2024_02_IND_GB,2,K.Granson,IND,1.4,1.96,TE
2720,00-0036876,2024_03_CHI_IND,3,K.Granson,IND,4.5,1.47,TE
2721,00-0036876,2024_06_IND_TEN,6,K.Granson,IND,0.0,1.47,TE
2722,00-0036876,2024_07_MIA_IND,7,K.Granson,IND,0.0,2.46,TE
2723,00-0036876,2024_08_IND_HOU,8,K.Granson,IND,0.9,1.96,TE
2724,00-0036876,2024_09_IND_MIN,9,K.Granson,IND,2.7,1.47,TE
2725,00-0036876,2024_10_BUF_IND,10,K.Granson,IND,2.5,2.61,TE
2726,00-0036876,2024_11_IND_NYJ,11,K.Granson,IND,0.9,1.96,TE
2727,00-0036876,2024_12_DET_IND,12,K.Granson,IND,0.0,2.45,TE
2728,00-0036876,2024_13_IND_NE,13,K.Granson,IND,0.0,4.43,TE
2729,00-0036876,2024_15_IND_DEN,15,K.Granson,IND,6.2,4.3,TE
2730,00-0036876,2024_17_IND_NYG,17,K.Granson,IND,4.9,4.74,TE
2731,00-0036876,2024_18_JAX_IND,18,K.Granson,IND,1.2,4.91,TE
2732,00-0036877,2024_06_CLE_PHI,6,J.Darden,CLE,1.1,0.87,WR
2734,00-0036887,2024_02_CLE_JAX,2,L.Farrell,JAX,2.3,1.96,TE
2735,00-0036887,2024_03_JAX_BUF,3,L.Farrell,JAX,0.6,1.96,TE
2736,00-0036887,2024_04_JAX_HOU,4,L.Farrell,JAX,0.0,0.98,TE
2737,00-0036887,2024_05_IND_JAX,5,L.Farrell,JAX,2.7,2.55,TE
2738,00-0036887,2024_09_JAX_PHI,9,L.Farrell,JAX,1.0,0.87,TE
2739,00-0036887,2024_10_MIN_JAX,10,L.Farrell,JAX,2.6,1.96,TE
2740,00-0036887,2024_11_JAX_DET,11,L.Farrell,JAX,0.8,2.45,TE
2741,00-0036887,2024_13_HOU_JAX,13,L.Farrell,JAX,0.0,0.98,TE
2742,00-0036887,2024_16_JAX_LV,16,L.Farrell,JAX,1.8,2.94,TE
2743,00-0036887,2024_18_JAX_IND,18,L.Farrell,JAX,0.9,0.98,TE
2744,00-0036893,2024_01_PIT_ATL,1,N.Harris,PIT,8.4,13.07,RB
2745,00-0036893,2024_02_PIT_DEN,2,N.Harris,PIT,7.9,10.69,RB
2746,00-0036893,2024_03_LAC_PIT,3,N.Harris,PIT,11.1,14.12,RB
2747,00-0036893,2024_04_PIT_IND,4,N.Harris,PIT,8.8,13.64,RB
2748,00-0036893,2024_05_DAL_PIT,5,N.Harris,PIT,8.7,9.24,RB
2749,00-0036893,2024_06_PIT_LV,6,N.Harris,PIT,19.2,11.1,RB
2750,00-0036893,2024_07_NYJ_PIT,7,N.Harris,PIT,16.2,13.86,RB
2751,00-0036893,2024_08_NYG_PIT,8,N.Harris,PIT,14.6,14.92,RB
2752,00-0036893,2024_10_PIT_WAS,10,N.Harris,PIT,11.3,16.23,RB
2753,00-0036893,2024_11_BAL_PIT,11,N.Harris,PIT,11.3,14.91,RB
2754,00-0036893,2024_12_PIT_CLE,12,N.Harris,PIT,6.4,9.91,RB
2755,00-0036893,2024_13_PIT_CIN,13,N.Harris,PIT,21.9,15.51,RB
2756,00-0036893,2024_14_CLE_PIT,14,N.Harris,PIT,11.3,11.15,RB
2757,00-0036893,2024_15_PIT_PHI,15,N.Harris,PIT,2.6,4.85,RB
2758,00-0036893,2024_16_PIT_BAL,16,N.Harris,PIT,4.2,5.31,RB
2759,00-0036893,2024_17_KC_PIT,17,N.Harris,PIT,9.1,10.0,RB
2760,00-0036893,2024_18_CIN_PIT,18,N.Harris,PIT,13.6,14.43,RB
2761,00-0036893,2024_19_PIT_BAL,19,N.Harris,PIT,7.3,5.68,RB
2762,00-0036894,2024_01_PIT_ATL,1,P.Freiermuth,PIT,4.7,3.93,TE
2763,00-0036894,2024_02_PIT_DEN,2,P.Freiermuth,PIT,5.9,4.26,TE
2764,00-0036894,2024_03_LAC_PIT,3,P.Freiermuth,PIT,5.3,5.56,TE
2765,00-0036894,2024_04_PIT_IND,4,P.Freiermuth,PIT,14.2,7.78,TE
2766,00-0036894,2024_05_DAL_PIT,5,P.Freiermuth,PIT,9.9,3.81,TE
2767,00-0036894,2024_06_PIT_LV,6,P.Freiermuth,PIT,2.6,2.94,TE
2768,00-0036894,2024_07_NYJ_PIT,7,P.Freiermuth,PIT,6.1,3.37,TE
2769,00-0036894,2024_08_NYG_PIT,8,P.Freiermuth,PIT,2.9,1.96,TE
2770,00-0036894,2024_10_PIT_WAS,10,P.Freiermuth,PIT,9.2,4.02,TE
2771,00-0036894,2024_11_BAL_PIT,11,P.Freiermuth,PIT,2.4,1.96,TE
2772,00-0036894,2024_12_PIT_CLE,12,P.Freiermuth,PIT,7.9,4.4,TE
2773,00-0036894,2024_13_PIT_CIN,13,P.Freiermuth,PIT,15.8,8.19,TE
2774,00-0036894,2024_14_CLE_PIT,14,P.Freiermuth,PIT,12.3,4.35,TE
2775,00-0036894,2024_15_PIT_PHI,15,P.Freiermuth,PIT,9.7,8.89,TE
2776,00-0036894,2024_16_PIT_BAL,16,P.Freiermuth,PIT,3.1,2.94,TE
2777,00-0036894,2024_17_KC_PIT,17,P.Freiermuth,PIT,9.5,9.65,TE
2778,00-0036894,2024_18_CIN_PIT,18,P.Freiermuth,PIT,18.5,11.86,TE
2779,00-0036894,2024_19_PIT_BAL,19,P.Freiermuth,PIT,3.0,3.93,TE
2780,00-0036898,2024_03_HOU_MIN,3,D.Mills,HOU,3.16,11.02,QB
2781,00-0036898,2024_06_HOU_NE,6,D.Mills,HOU,0.0,0.26,QB
2782,00-0036898,2024_17_BAL_HOU,17,D.Mills,HOU,0.2,0.26,QB
2783,00-0036898,2024_18_HOU_TEN,18,D.Mills,HOU,5.32,13.81,QB
2784,00-0036900,2024_01_NE_CIN,1,J.Chase,CIN,9.2,6.27,WR
2785,00-0036900,2024_02_CIN_KC,2,J.Chase,CIN,5.5,6.25,WR
2786,00-0036900,2024_03_WAS_CIN,3,J.Chase,CIN,26.8,9.54,WR
2787,00-0036900,2024_04_CIN_CAR,4,J.Chase,CIN,16.0,9.92,WR
2788,00-0036900,2024_05_BAL_CIN,5,J.Chase,CIN,36.3,14.36,WR
2789,00-0036900,2024_06_CIN_NYG,6,J.Chase,CIN,9.7,7.02,WR
2790,00-0036900,2024_07_CIN_CLE,7,J.Chase,CIN,15.1,9.98,WR
2791,00-0036900,2024_08_PHI_CIN,8,J.Chase,CIN,15.9,15.48,WR
2792,00-0036900,2024_09_LV_CIN,9,J.Chase,CIN,7.8,14.76,WR
2793,00-0036900,2024_10_CIN_BAL,10,J.Chase,CIN,49.9,30.47,WR
2794,00-0036900,2024_11_CIN_LAC,11,J.Chase,CIN,23.0,20.79,WR
2795,00-0036900,2024_13_PIT_CIN,13,J.Chase,CIN,17.6,16.4,WR
2796,00-0036900,2024_14_CIN_DAL,14,J.Chase,CIN,38.1,25.98,WR
2797,00-0036900,2024_15_CIN_TEN,15,J.Chase,CIN,13.9,12.32,WR
2798,00-0036900,2024_16_CLE_CIN,16,J.Chase,CIN,19.4,11.81,WR
2799,00-0036900,2024_17_DEN_CIN,17,J.Chase,CIN,14.7,22.97,WR
2800,00-0036900,2024_18_CIN_PIT,18,J.Chase,CIN,20.6,18.7,WR
2801,00-0036906,2024_01_TEN_CHI,1,K.Herbert,CHI,0.4,0.99,RB
2802,00-0036906,2024_02_CHI_HOU,2,K.Herbert,CHI,7.7,4.83,RB
2803,00-0036906,2024_03_CHI_IND,3,K.Herbert,CHI,0.9,9.52,RB
2804,00-0036906,2024_13_PIT_CIN,13,K.Herbert,CIN,1.4,0.49,RB
2805,00-0036906,2024_14_CIN_DAL,14,K.Herbert,CIN,1.6,1.86,RB
2806,00-0036906,2024_15_CIN_TEN,15,K.Herbert,CIN,0.4,0.49,RB
2807,00-0036906,2024_17_DEN_CIN,17,K.Herbert,CIN,2.3,2.12,RB
2808,00-0036906,2024_18_CIN_PIT,18,K.Herbert,CIN,11.8,18.56,RB
2809,00-0036912,2024_01_GB_PHI,1,D.Smith,PHI,11.9,9.6,WR
2810,00-0036912,2024_02_ATL_PHI,2,D.Smith,PHI,17.1,17.4,WR
2811,00-0036912,2024_03_PHI_NO,3,D.Smith,PHI,11.4,13.62,WR
2812,00-0036912,2024_06_CLE_PHI,6,D.Smith,PHI,13.9,4.42,WR
2813,00-0036912,2024_07_PHI_NYG,7,D.Smith,PHI,0.3,1.85,WR
2814,00-0036912,2024_08_PHI_CIN,8,D.Smith,PHI,17.5,8.48,WR
2815,00-0036912,2024_09_JAX_PHI,9,D.Smith,PHI,16.7,10.5,WR
2816,00-0036912,2024_10_PHI_DAL,10,D.Smith,PHI,2.4,3.46,WR
2817,00-0036912,2024_11_WAS_PHI,11,D.Smith,PHI,4.9,7.73,WR
2818,00-0036912,2024_14_CAR_PHI,14,D.Smith,PHI,11.7,9.06,WR
2819,00-0036912,2024_15_PIT_PHI,15,D.Smith,PHI,22.5,15.55,WR
2820,00-0036912,2024_16_PHI_WAS,16,D.Smith,PHI,8.1,8.61,WR
2821,00-0036912,2024_17_DAL_PHI,17,D.Smith,PHI,27.0,9.24,WR
2822,00-0036912,2024_19_GB_PHI,19,D.Smith,PHI,7.5,4.69,WR
2823,00-0036913,2024_11_CLE_NO,11,K.Toney,CLE,-0.7,0.49,WR
2824,00-0036913,2024_13_CLE_DEN,13,K.Toney,CLE,0.3,1.36,WR
2825,00-0036919,2024_01_GB_PHI,1,K.Gainwell,PHI,1.7,1.36,RB
2826,00-0036919,2024_02_ATL_PHI,2,K.Gainwell,PHI,0.6,1.42,RB
2827,00-0036919,2024_03_PHI_NO,3,K.Gainwell,PHI,2.2,2.94,RB
2828,00-0036919,2024_04_PHI_TB,4,K.Gainwell,PHI,0.9,3.96,RB
2829,00-0036919,2024_06_CLE_PHI,6,K.Gainwell,PHI,2.3,2.35,RB
2830,00-0036919,2024_07_PHI_NYG,7,K.Gainwell,PHI,7.2,10.95,RB
2831,00-0036919,2024_08_PHI_CIN,8,K.Gainwell,PHI,1.9,3.34,RB
2832,00-0036919,2024_09_JAX_PHI,9,K.Gainwell,PHI,1.5,3.45,RB
2833,00-0036919,2024_10_PHI_DAL,10,K.Gainwell,PHI,4.4,5.5,RB
2834,00-0036919,2024_11_WAS_PHI,11,K.Gainwell,PHI,5.4,3.42,RB
2835,00-0036919,2024_12_PHI_LA,12,K.Gainwell,PHI,8.2,2.66,RB
2836,00-0036919,2024_14_CAR_PHI,14,K.Gainwell,PHI,4.3,3.44,RB
2837,00-0036919,2024_15_PIT_PHI,15,K.Gainwell,PHI,7.5,6.7,RB
2838,00-0036919,2024_16_PHI_WAS,16,K.Gainwell,PHI,1.8,3.42,RB
2839,00-0036919,2024_17_DAL_PHI,17,K.Gainwell,PHI,1.4,2.88,RB
2840,00-0036919,2024_18_NYG_PHI,18,K.Gainwell,PHI,3.3,10.17,RB
2841,00-0036919,2024_19_GB_PHI,19,K.Gainwell,PHI,1.4,1.48,RB
2842,00-0036924,2024_16_ARI_CAR,16,M.Carter,ARI,7.3,7.04,RB
2843,00-0036924,2024_17_ARI_LA,17,M.Carter,ARI,9.1,12.1,RB
2844,00-0036924,2024_18_SF_ARI,18,M.Carter,ARI,13.9,15.45,RB
2845,00-0036928,2024_13_TB_CAR,13,K.Trask,TB,0.2,0.26,QB
2846,00-0036945,2024_01_PIT_ATL,1,J.Fields,PIT,11.94,17.85,QB
2847,00-0036945,2024_02_PIT_DEN,2,J.Fields,PIT,11.38,14.4,QB
2848,00-0036945,2024_03_LAC_PIT,3,J.Fields,PIT,20.6,15.89,QB
2849,00-0036945,2024_04_PIT_IND,4,J.Fields,PIT,32.98,26.64,QB
2850,00-0036945,2024_05_DAL_PIT,5,J.Fields,PIT,14.94,14.49,QB
2851,00-0036945,2024_06_PIT_LV,6,J.Fields,PIT,23.9,23.1,QB
2852,00-0036945,2024_11_BAL_PIT,11,J.Fields,PIT,1.7,0.99,QB
2853,00-0036945,2024_12_PIT_CLE,12,J.Fields,PIT,2.6,2.1,QB
2854,00-0036945,2024_13_PIT_CIN,13,J.Fields,PIT,0.7,0.49,QB
2855,00-0036945,2024_15_PIT_PHI,15,J.Fields,PIT,0.8,0.49,QB
2856,00-0036945,2024_19_PIT_BAL,19,J.Fields,PIT,0.0,0.26,QB
2857,00-0036955,2024_13_LV_KC,13,T.Marshall,LV,0.0,0.98,WR
2858,00-0036955,2024_14_LV_TB,14,T.Marshall,LV,1.1,0.98,WR
2859,00-0036955,2024_15_ATL_LV,15,T.Marshall,LV,1.2,0.98,WR
2860,00-0036955,2024_16_JAX_LV,16,T.Marshall,LV,0.0,0.98,WR
2861,00-0036955,2024_17_LV_NO,17,T.Marshall,LV,3.3,2.52,WR
2862,00-0036963,2024_01_LA_DET,1,A.St. Brown,DET,2.8,6.36,WR
2863,00-0036963,2024_02_TB_DET,2,A.St. Brown,DET,17.4,20.67,WR
2864,00-0036963,2024_03_DET_ARI,3,A.St. Brown,DET,23.0,9.15,WR
2865,00-0036963,2024_04_SEA_DET,4,A.St. Brown,DET,17.78,9.68,WR
2866,00-0036963,2024_06_DET_DAL,6,A.St. Brown,DET,11.7,6.06,WR
2867,00-0036963,2024_07_DET_MIN,7,A.St. Brown,DET,21.2,11.58,WR
2868,00-0036963,2024_08_TEN_DET,8,A.St. Brown,DET,7.7,4.35,WR
2869,00-0036963,2024_09_DET_GB,9,A.St. Brown,DET,15.1,9.99,WR
2870,00-0036963,2024_10_DET_HOU,10,A.St. Brown,DET,15.0,9.04,WR
2871,00-0036963,2024_11_JAX_DET,11,A.St. Brown,DET,33.2,16.44,WR
2872,00-0036963,2024_12_DET_IND,12,A.St. Brown,DET,9.2,9.46,WR
2873,00-0036963,2024_13_CHI_DET,13,A.St. Brown,DET,9.8,12.38,WR
2874,00-0036963,2024_14_GB_DET,14,A.St. Brown,DET,7.8,8.23,WR
2875,00-0036963,2024_15_BUF_DET,15,A.St. Brown,DET,32.3,25.5,WR
2876,00-0036963,2024_16_DET_CHI,16,A.St. Brown,DET,16.0,11.31,WR
2877,00-0036963,2024_17_DET_SF,17,A.St. Brown,DET,22.0,15.29,WR
2878,00-0036963,2024_18_MIN_DET,18,A.St. Brown,DET,10.7,8.87,WR
2879,00-0036970,2024_01_PIT_ATL,1,K.Pitts,ATL,10.1,3.99,TE
2880,00-0036970,2024_02_ATL_PHI,2,K.Pitts,ATL,3.5,5.37,TE
2881,00-0036970,2024_03_KC_ATL,3,K.Pitts,ATL,6.9,7.68,TE
2882,00-0036970,2024_04_NO_ATL,4,K.Pitts,ATL,0.0,3.01,TE
2883,00-0036970,2024_05_TB_ATL,5,K.Pitts,ATL,12.3,8.5,TE
2884,00-0036970,2024_06_ATL_CAR,6,K.Pitts,ATL,8.5,7.31,TE
2885,00-0036970,2024_07_SEA_ATL,7,K.Pitts,ATL,10.0,9.53,TE
2886,00-0036970,2024_08_ATL_TB,8,K.Pitts,ATL,23.1,5.92,TE
2887,00-0036970,2024_09_DAL_ATL,9,K.Pitts,ATL,1.6,0.98,TE
2888,00-0036970,2024_10_ATL_NO,10,K.Pitts,ATL,7.5,7.96,TE
2889,00-0036970,2024_11_ATL_DEN,11,K.Pitts,ATL,1.4,3.68,TE
2890,00-0036970,2024_13_LAC_ATL,13,K.Pitts,ATL,0.0,3.61,TE
2891,00-0036970,2024_14_ATL_MIN,14,K.Pitts,ATL,1.9,8.64,TE
2892,00-0036970,2024_15_ATL_LV,15,K.Pitts,ATL,4.8,3.93,TE
2893,00-0036970,2024_16_NYG_ATL,16,K.Pitts,ATL,1.2,3.57,TE
2894,00-0036970,2024_17_ATL_WAS,17,K.Pitts,ATL,12.4,6.86,TE
2895,00-0036970,2024_18_CAR_ATL,18,K.Pitts,ATL,2.5,2.83,TE
2896,00-0036971,2024_01_JAX_MIA,1,T.Lawrence,JAX,11.28,10.88,QB
2897,00-0036971,2024_02_CLE_JAX,2,T.Lawrence,JAX,13.3,19.45,QB
2898,00-0036971,2024_03_JAX_BUF,3,T.Lawrence,JAX,11.42,18.65,QB
2899,00-0036971,2024_04_JAX_HOU,4,T.Lawrence,JAX,15.36,21.72,QB
2900,00-0036971,2024_05_IND_JAX,5,T.Lawrence,JAX,22.24,13.88,QB
2901,00-0036971,2024_06_JAX_CHI,6,T.Lawrence,JAX,18.16,24.6,QB
2902,00-0036971,2024_07_NE_JAX,7,T.Lawrence,JAX,15.02,13.1,QB
2903,00-0036971,2024_08_GB_JAX,8,T.Lawrence,JAX,27.32,17.79,QB
2904,00-0036971,2024_09_JAX_PHI,9,T.Lawrence,JAX,23.66,24.13,QB
2905,00-0036971,2024_13_HOU_JAX,13,T.Lawrence,JAX,2.24,5.19,QB
2906,00-0036972,2024_03_JAX_BUF,3,M.Jones,JAX,0.88,3.24,QB
2907,00-0036972,2024_06_JAX_CHI,6,M.Jones,JAX,0.24,0.51,QB
2908,00-0036972,2024_10_MIN_JAX,10,M.Jones,JAX,10.24,17.44,QB
2909,00-0036972,2024_11_JAX_DET,11,M.Jones,JAX,6.22,13.55,QB
2910,00-0036972,2024_13_HOU_JAX,13,M.Jones,JAX,20.0,19.62,QB
2911,00-0036972,2024_14_JAX_TEN,14,M.Jones,JAX,9.3,12.66,QB
2912,00-0036972,2024_15_NYJ_JAX,15,M.Jones,JAX,22.66,23.9,QB
2913,00-0036972,2024_16_JAX_LV,16,M.Jones,JAX,12.88,11.98,QB
2914,00-0036972,2024_17_TEN_JAX,17,M.Jones,JAX,17.26,14.27,QB
2915,00-0036972,2024_18_JAX_IND,18,M.Jones,JAX,14.9,16.06,QB
2916,00-0036973,2024_01_JAX_MIA,1,T.Etienne,JAX,11.9,12.32,RB
2917,00-0036973,2024_02_CLE_JAX,2,T.Etienne,JAX,13.3,15.55,RB
2918,00-0036973,2024_03_JAX_BUF,3,T.Etienne,JAX,10.5,12.89,RB
2919,00-0036973,2024_04_JAX_HOU,4,T.Etienne,JAX,6.5,7.87,RB
2920,00-0036973,2024_05_IND_JAX,5,T.Etienne,JAX,9.0,9.38,RB
2921,00-0036973,2024_06_JAX_CHI,6,T.Etienne,JAX,-0.1,2.46,RB
2922,00-0036973,2024_09_JAX_PHI,9,T.Etienne,JAX,4.0,4.2,RB
2923,00-0036973,2024_10_MIN_JAX,10,T.Etienne,JAX,4.8,9.29,RB
2924,00-0036973,2024_11_JAX_DET,11,T.Etienne,JAX,4.8,8.64,RB
2925,00-0036973,2024_13_HOU_JAX,13,T.Etienne,JAX,7.3,9.24,RB
2926,00-0036973,2024_14_JAX_TEN,14,T.Etienne,JAX,9.0,6.08,RB
2927,00-0036973,2024_15_NYJ_JAX,15,T.Etienne,JAX,10.5,11.97,RB
2928,00-0036973,2024_16_JAX_LV,16,T.Etienne,JAX,4.7,7.16,RB
2929,00-0036973,2024_17_TEN_JAX,17,T.Etienne,JAX,8.0,11.69,RB
2930,00-0036973,2024_18_JAX_IND,18,T.Etienne,JAX,7.5,11.84,RB
2931,00-0036980,2024_01_DAL_CLE,1,E.Moore,CLE,2.4,6.11,WR
2932,00-0036980,2024_02_CLE_JAX,2,E.Moore,CLE,7.4,7.7,WR
2933,00-0036980,2024_03_NYG_CLE,3,E.Moore,CLE,2.7,3.43,WR
2934,00-0036980,2024_04_CLE_LV,4,E.Moore,CLE,1.6,0.98,WR
2935,00-0036980,2024_05_CLE_WAS,5,E.Moore,CLE,2.6,3.84,WR
2936,00-0036980,2024_06_CLE_PHI,6,E.Moore,CLE,0.8,1.49,WR
2937,00-0036980,2024_07_CIN_CLE,7,E.Moore,CLE,7.1,5.78,WR
2938,00-0036980,2024_08_BAL_CLE,8,E.Moore,CLE,12.5,15.03,WR
2939,00-0036980,2024_09_LAC_CLE,9,E.Moore,CLE,4.3,10.38,WR
2940,00-0036980,2024_11_CLE_NO,11,E.Moore,CLE,15.6,10.07,WR
2941,00-0036980,2024_12_PIT_CLE,12,E.Moore,CLE,3.6,5.84,WR
2942,00-0036980,2024_13_CLE_DEN,13,E.Moore,CLE,15.2,17.56,WR
2943,00-0036980,2024_14_CLE_PIT,14,E.Moore,CLE,4.9,4.79,WR
2944,00-0036980,2024_15_KC_CLE,15,E.Moore,CLE,0.9,7.98,WR
2945,00-0036980,2024_16_CLE_CIN,16,E.Moore,CLE,3.1,5.47,WR
2946,00-0036980,2024_17_MIA_CLE,17,E.Moore,CLE,0.6,6.31,WR
2947,00-0036980,2024_18_CLE_BAL,18,E.Moore,CLE,5.1,5.55,WR
2948,00-0036984,2024_02_IND_GB,2,T.Sermon,IND,1.2,2.13,RB
2949,00-0036984,2024_03_CHI_IND,3,T.Sermon,IND,7.6,4.14,RB
2950,00-0036984,2024_04_PIT_IND,4,T.Sermon,IND,0.8,2.63,RB
2951,00-0036984,2024_05_IND_JAX,5,T.Sermon,IND,15.3,21.22,RB
2952,00-0036984,2024_06_IND_TEN,6,T.Sermon,IND,2.9,13.11,RB
2953,00-0036984,2024_07_MIA_IND,7,T.Sermon,IND,5.4,4.82,RB
2954,00-0036984,2024_08_IND_HOU,8,T.Sermon,IND,1.9,0.98,RB
2955,00-0036984,2024_09_IND_MIN,9,T.Sermon,IND,1.8,2.84,RB
2956,00-0036984,2024_10_BUF_IND,10,T.Sermon,IND,0.9,0.98,RB
2957,00-0036984,2024_11_IND_NYJ,11,T.Sermon,IND,0.8,0.98,RB
2958,00-0036984,2024_15_IND_DEN,15,T.Sermon,IND,2.2,2.34,RB
2959,00-0036984,2024_16_TEN_IND,16,T.Sermon,IND,2.5,3.94,RB
2960,00-0036984,2024_17_IND_NYG,17,T.Sermon,IND,1.5,0.98,RB
2961,00-0036984,2024_18_JAX_IND,18,T.Sermon,IND,1.0,2.94,RB
2962,00-0036988,2024_01_LV_LAC,1,J.Palmer,LAC,2.5,6.05,WR
2963,00-0036988,2024_02_LAC_CAR,2,J.Palmer,LAC,2.9,1.85,WR
2964,00-0036988,2024_04_KC_LAC,4,J.Palmer,LAC,5.1,5.06,WR
2965,00-0036988,2024_06_LAC_DEN,6,J.Palmer,LAC,4.8,5.21,WR
2966,00-0036988,2024_07_LAC_ARI,7,J.Palmer,LAC,8.3,5.97,WR
2967,00-0036988,2024_08_NO_LAC,8,J.Palmer,LAC,8.2,5.4,WR
2968,00-0036988,2024_09_LAC_CLE,9,J.Palmer,LAC,12.4,6.43,WR
2969,00-0036988,2024_10_TEN_LAC,10,J.Palmer,LAC,4.1,3.15,WR
2970,00-0036988,2024_11_CIN_LAC,11,J.Palmer,LAC,3.3,5.35,WR
2971,00-0036988,2024_12_BAL_LAC,12,J.Palmer,LAC,5.3,12.07,WR
2972,00-0036988,2024_13_LAC_ATL,13,J.Palmer,LAC,3.6,2.56,WR
2973,00-0036988,2024_14_LAC_KC,14,J.Palmer,LAC,10.8,10.43,WR
2974,00-0036988,2024_15_TB_LAC,15,J.Palmer,LAC,2.0,3.44,WR
2975,00-0036988,2024_16_DEN_LAC,16,J.Palmer,LAC,7.6,9.44,WR
2976,00-0036988,2024_17_LAC_NE,17,J.Palmer,LAC,6.1,9.32,WR
2978,00-0036997,2024_01_DEN_SEA,1,J.Williams,DEN,2.8,6.51,RB
2979,00-0036997,2024_02_PIT_DEN,2,J.Williams,DEN,9.0,10.57,RB
2980,00-0036997,2024_03_DEN_TB,3,J.Williams,DEN,5.1,11.09,RB
2981,00-0036997,2024_04_DEN_NYJ,4,J.Williams,DEN,9.0,10.72,RB
2982,00-0036997,2024_05_LV_DEN,5,J.Williams,DEN,13.6,14.54,RB
2983,00-0036997,2024_06_LAC_DEN,6,J.Williams,DEN,4.1,8.69,RB
2984,00-0036997,2024_07_DEN_NO,7,J.Williams,DEN,24.6,11.12,RB
2985,00-0036997,2024_08_CAR_DEN,8,J.Williams,DEN,7.2,18.83,RB
2986,00-0036997,2024_09_DEN_BAL,9,J.Williams,DEN,9.4,10.64,RB
2987,00-0036997,2024_10_DEN_KC,10,J.Williams,DEN,1.7,2.64,RB
2988,00-0036997,2024_11_ATL_DEN,11,J.Williams,DEN,16.7,9.68,RB
2989,00-0036997,2024_12_DEN_LV,12,J.Williams,DEN,1.4,7.94,RB
2990,00-0036997,2024_13_CLE_DEN,13,J.Williams,DEN,6.9,8.75,RB
2991,00-0036997,2024_15_IND_DEN,15,J.Williams,DEN,3.3,5.79,RB
2992,00-0036997,2024_16_DEN_LAC,16,J.Williams,DEN,8.8,12.52,RB
2993,00-0036997,2024_17_DEN_CIN,17,J.Williams,DEN,1.0,1.85,RB
2994,00-0036997,2024_18_KC_DEN,18,J.Williams,DEN,9.3,6.66,RB
2995,00-0036997,2024_19_DEN_BUF,19,J.Williams,DEN,5.3,5.3,RB
2996,00-0037004,2024_05_GB_LA,5,H.Long,LA,2.6,1.96,TE
2997,00-0037004,2024_07_LV_LA,7,H.Long,LA,1.0,0.98,TE
2998,00-0037004,2024_08_MIN_LA,8,H.Long,LA,2.3,0.98,TE
2999,00-0037004,2024_09_LA_SEA,9,H.Long,LA,0.9,0.98,TE
3000,00-0037004,2024_13_LA_NO,13,H.Long,LA,0.0,0.87,TE
3001,00-0037004,2024_14_BUF_LA,14,H.Long,LA,0.0,0.98,TE
3002,00-0037004,2024_15_LA_SF,15,H.Long,LA,2.7,1.96,TE
3003,00-0037005,2024_02_LAC_CAR,2,T.Tremble,CAR,3.8,3.81,TE
3004,00-0037005,2024_03_CAR_LV,3,T.Tremble,CAR,4.4,3.44,TE
3005,00-0037005,2024_05_CAR_CHI,5,T.Tremble,CAR,1.2,1.96,TE
3006,00-0037005,2024_08_CAR_DEN,8,T.Tremble,CAR,2.3,3.32,TE
3007,00-0037005,2024_12_KC_CAR,12,T.Tremble,CAR,1.0,3.09,TE
3008,00-0037005,2024_13_TB_CAR,13,T.Tremble,CAR,10.2,8.23,TE
3009,00-0037005,2024_14_CAR_PHI,14,T.Tremble,CAR,6.8,2.61,TE
3010,00-0037005,2024_15_DAL_CAR,15,T.Tremble,CAR,2.5,1.96,TE
3011,00-0037005,2024_16_ARI_CAR,16,T.Tremble,CAR,4.7,2.83,TE
3012,00-0037005,2024_18_CAR_ATL,18,T.Tremble,CAR,10.0,4.4,TE
3013,00-0037012,2024_10_PHI_DAL,10,T.Lance,DAL,1.54,3.9,QB
3014,00-0037012,2024_12_DAL_WAS,12,T.Lance,DAL,-0.3,2.35,QB
3015,00-0037012,2024_17_DAL_PHI,17,T.Lance,DAL,0.14,1.06,QB
3016,00-0037012,2024_18_WAS_DAL,18,T.Lance,DAL,12.36,21.63,QB
3017,00-0037077,2024_15_GB_SEA,15,S.Howell,SEA,1.16,6.11,QB
3018,00-0037085,2024_02_PIT_DEN,2,T.Badie,DEN,2.3,1.47,RB
3019,00-0037085,2024_03_DEN_TB,3,T.Badie,DEN,7.0,4.44,RB
3020,00-0037085,2024_04_DEN_NYJ,4,T.Badie,DEN,0.6,2.23,RB
3021,00-0037085,2024_19_DEN_BUF,19,T.Badie,DEN,0.8,0.99,RB
3022,00-0037086,2024_01_GB_PHI,1,G.Calcaterra,PHI,1.6,0.98,TE
3023,00-0037086,2024_02_ATL_PHI,2,G.Calcaterra,PHI,2.9,2.09,TE
3024,00-0037086,2024_04_PHI_TB,4,G.Calcaterra,PHI,3.1,2.94,TE
3025,00-0037086,2024_06_CLE_PHI,6,G.Calcaterra,PHI,8.7,4.42,TE
3026,00-0037086,2024_07_PHI_NYG,7,G.Calcaterra,PHI,1.0,0.98,TE
3027,00-0037086,2024_08_PHI_CIN,8,G.Calcaterra,PHI,7.3,3.58,TE
3028,00-0037086,2024_09_JAX_PHI,9,G.Calcaterra,PHI,5.5,4.8,TE
3029,00-0037086,2024_10_PHI_DAL,10,G.Calcaterra,PHI,0.0,0.98,TE
3030,00-0037086,2024_12_PHI_LA,12,G.Calcaterra,PHI,0.0,0.98,TE
3031,00-0037086,2024_14_CAR_PHI,14,G.Calcaterra,PHI,9.1,4.82,TE
3032,00-0037086,2024_15_PIT_PHI,15,G.Calcaterra,PHI,2.7,1.73,TE
3033,00-0037086,2024_17_DAL_PHI,17,G.Calcaterra,PHI,3.9,2.61,TE
3034,00-0037086,2024_18_NYG_PHI,18,G.Calcaterra,PHI,2.0,4.36,TE
3035,00-0037086,2024_19_GB_PHI,19,G.Calcaterra,PHI,0.9,0.98,TE
3036,00-0037091,2024_02_IND_GB,2,B.Melton,GB,0.8,0.99,WR
3037,00-0037091,2024_04_MIN_GB,4,B.Melton,GB,3.3,5.37,WR
3038,00-0037091,2024_05_GB_LA,5,B.Melton,GB,1.7,1.96,WR
3039,00-0037091,2024_06_ARI_GB,6,B.Melton,GB,3.8,2.95,WR
3040,00-0037091,2024_07_HOU_GB,7,B.Melton,GB,1.2,1.47,WR
3041,00-0037091,2024_08_GB_JAX,8,B.Melton,GB,0.0,1.74,WR
3042,00-0037091,2024_09_DET_GB,9,B.Melton,GB,2.4,4.43,WR
3043,00-0037091,2024_12_SF_GB,12,B.Melton,GB,0.5,2.25,WR
3044,00-0037091,2024_16_NO_GB,16,B.Melton,GB,1.4,1.47,WR
3045,00-0037091,2024_17_GB_MIN,17,B.Melton,GB,3.3,6.12,WR
3046,00-0037091,2024_18_CHI_GB,18,B.Melton,GB,0.1,0.49,WR
3047,00-0037091,2024_19_GB_PHI,19,B.Melton,GB,2.1,6.95,WR
3048,00-0037093,2024_01_DEN_SEA,1,D.Young,SEA,0.0,0.98,WR
3049,00-0037120,2024_02_IND_GB,2,T.Goodson,IND,0.7,0.98,RB
3050,00-0037120,2024_05_IND_JAX,5,T.Goodson,IND,7.2,5.62,RB
3051,00-0037120,2024_06_IND_TEN,6,T.Goodson,IND,8.5,10.06,RB
3052,00-0037120,2024_07_MIA_IND,7,T.Goodson,IND,11.1,8.31,RB
3053,00-0037120,2024_08_IND_HOU,8,T.Goodson,IND,0.0,2.18,RB
3054,00-0037120,2024_10_BUF_IND,10,T.Goodson,IND,7.9,4.72,RB
3055,00-0037120,2024_15_IND_DEN,15,T.Goodson,IND,0.3,0.49,RB
3056,00-0037120,2024_16_TEN_IND,16,T.Goodson,IND,2.2,1.97,RB
3057,00-0037120,2024_18_JAX_IND,18,T.Goodson,IND,1.0,1.85,RB
3058,00-0037132,2024_02_ATL_PHI,2,B.Covey,PHI,5.3,6.88,WR
3059,00-0037132,2024_03_PHI_NO,3,B.Covey,PHI,1.6,0.87,WR
3060,00-0037132,2024_13_PHI_BAL,13,B.Covey,PHI,0.0,0.98,WR
3061,00-0037156,2024_07_NYJ_PIT,7,I.Charles,NYJ,0.0,2.84,WR
3062,00-0037197,2024_01_BAL_KC,1,I.Pacheco,KC,14.8,13.17,RB
3063,00-0037197,2024_02_CIN_KC,2,I.Pacheco,KC,13.6,19.24,RB
3064,00-0037197,2024_13_LV_KC,13,I.Pacheco,KC,5.4,4.49,RB
3065,00-0037197,2024_14_LAC_KC,14,I.Pacheco,KC,7.1,10.61,RB
3066,00-0037197,2024_15_KC_CLE,15,I.Pacheco,KC,5.2,7.92,RB
3067,00-0037197,2024_16_HOU_KC,16,I.Pacheco,KC,3.0,6.18,RB
3068,00-0037197,2024_17_KC_PIT,17,I.Pacheco,KC,1.8,2.96,RB
3070,00-0037216,2024_10_DEN_KC,10,J.Ross,KC,0.0,2.54,WR
3071,00-0037228,2024_01_PIT_ATL,1,J.Warren,PIT,3.0,2.84,RB
3072,00-0037228,2024_02_PIT_DEN,2,J.Warren,PIT,7.1,6.31,RB
3073,00-0037228,2024_03_LAC_PIT,3,J.Warren,PIT,0.6,2.35,RB
3074,00-0037228,2024_06_PIT_LV,6,J.Warren,PIT,3.3,5.79,RB
3075,00-0037228,2024_07_NYJ_PIT,7,J.Warren,PIT,6.9,11.73,RB
3076,00-0037228,2024_08_NYG_PIT,8,J.Warren,PIT,6.9,9.68,RB
3077,00-0037228,2024_10_PIT_WAS,10,J.Warren,PIT,9.5,9.9,RB
3078,00-0037228,2024_11_BAL_PIT,11,J.Warren,PIT,8.8,8.14,RB
3079,00-0037228,2024_12_PIT_CLE,12,J.Warren,PIT,13.9,10.87,RB
3080,00-0037228,2024_13_PIT_CIN,13,J.Warren,PIT,8.4,7.05,RB
3081,00-0037228,2024_14_CLE_PIT,14,J.Warren,PIT,8.2,9.04,RB
3082,00-0037228,2024_15_PIT_PHI,15,J.Warren,PIT,2.0,3.71,RB
3083,00-0037228,2024_16_PIT_BAL,16,J.Warren,PIT,11.7,11.01,RB
3084,00-0037228,2024_17_KC_PIT,17,J.Warren,PIT,13.7,12.51,RB
3085,00-0037228,2024_18_CIN_PIT,18,J.Warren,PIT,2.1,3.83,RB
3086,00-0037228,2024_19_PIT_BAL,19,J.Warren,PIT,4.5,5.33,RB
3087,00-0037231,2024_10_ATL_NO,10,K.Austin,NO,4.6,2.53,WR
3088,00-0037231,2024_11_CLE_NO,11,K.Austin,NO,2.3,2.34,WR
3089,00-0037231,2024_13_LA_NO,13,K.Austin,NO,5.5,3.93,WR
3090,00-0037231,2024_14_NO_NYG,14,K.Austin,NO,1.0,5.95,WR
3091,00-0037231,2024_15_WAS_NO,15,K.Austin,NO,1.3,3.44,WR
3092,00-0037231,2024_16_NO_GB,16,K.Austin,NO,2.2,4.41,WR
3093,00-0037231,2024_17_LV_NO,17,K.Austin,NO,2.8,2.61,WR
3094,00-0037231,2024_18_NO_TB,18,K.Austin,NO,1.8,0.98,WR
3095,00-0037238,2024_01_PIT_ATL,1,D.London,ATL,2.5,3.1,WR
3096,00-0037238,2024_02_ATL_PHI,2,D.London,ATL,14.4,10.48,WR
3097,00-0037238,2024_03_KC_ATL,3,D.London,ATL,15.7,13.05,WR
3098,00-0037238,2024_04_NO_ATL,4,D.London,ATL,9.4,14.81,WR
3099,00-0037238,2024_05_TB_ATL,5,D.London,ATL,27.4,15.04,WR
3100,00-0037238,2024_06_ATL_CAR,6,D.London,ATL,16.4,17.89,WR
3101,00-0037238,2024_07_SEA_ATL,7,D.London,ATL,15.3,11.83,WR
3102,00-0037238,2024_08_ATL_TB,8,D.London,ATL,5.4,7.39,WR
3103,00-0037238,2024_09_DAL_ATL,9,D.London,ATL,9.7,4.58,WR
3104,00-0037238,2024_10_ATL_NO,10,D.London,ATL,13.7,18.05,WR
3105,00-0037238,2024_11_ATL_DEN,11,D.London,ATL,7.6,8.8,WR
3106,00-0037238,2024_13_LAC_ATL,13,D.London,ATL,12.8,21.52,WR
3107,00-0037238,2024_14_ATL_MIN,14,D.London,ATL,9.5,12.81,WR
3108,00-0037238,2024_15_ATL_LV,15,D.London,ATL,12.8,3.51,WR
3109,00-0037238,2024_16_NYG_ATL,16,D.London,ATL,8.4,10.73,WR
3110,00-0037238,2024_17_ATL_WAS,17,D.London,ATL,14.1,19.18,WR
3111,00-0037238,2024_18_CAR_ATL,18,D.London,ATL,35.7,25.9,WR
3112,00-0037239,2024_01_CAR_NO,1,C.Olave,NO,2.1,2.83,WR
3113,00-0037239,2024_02_NO_DAL,2,C.Olave,NO,10.8,10.19,WR
3114,00-0037239,2024_03_PHI_NO,3,C.Olave,NO,17.6,9.6,WR
3115,00-0037239,2024_04_NO_ATL,4,C.Olave,NO,12.7,12.57,WR
3116,00-0037239,2024_05_NO_KC,5,C.Olave,NO,2.0,5.69,WR
3117,00-0037239,2024_06_TB_NO,6,C.Olave,NO,7.0,0.98,WR
3118,00-0037239,2024_08_NO_LAC,8,C.Olave,NO,14.7,17.94,WR
3119,00-0037239,2024_09_NO_CAR,9,C.Olave,NO,1.8,0.98,WR
3120,00-0037240,2024_01_LA_DET,1,J.Williams,DET,21.9,11.82,WR
3121,00-0037240,2024_02_TB_DET,2,J.Williams,DET,11.9,15.4,WR
3122,00-0037240,2024_03_DET_ARI,3,J.Williams,DET,0.7,5.08,WR
3123,00-0037240,2024_04_SEA_DET,4,J.Williams,DET,15.0,2.67,WR
3124,00-0037240,2024_06_DET_DAL,6,J.Williams,DET,16.2,6.29,WR
3125,00-0037240,2024_07_DET_MIN,7,J.Williams,DET,0.1,0.87,WR
3126,00-0037240,2024_10_DET_HOU,10,J.Williams,DET,6.8,9.42,WR
3127,00-0037240,2024_11_JAX_DET,11,J.Williams,DET,19.7,9.29,WR
3128,00-0037240,2024_12_DET_IND,12,J.Williams,DET,9.3,9.62,WR
3129,00-0037240,2024_13_CHI_DET,13,J.Williams,DET,7.1,9.57,WR
3130,00-0037240,2024_14_GB_DET,14,Ja.Williams,DET,10.5,10.93,WR
3131,00-0037240,2024_15_BUF_DET,15,Ja.Williams,DET,11.2,11.07,WR
3132,00-0037240,2024_16_DET_CHI,16,Ja.Williams,DET,23.5,9.31,WR
3133,00-0037240,2024_17_DET_SF,17,Ja.Williams,DET,11.9,12.93,WR
3134,00-0037240,2024_18_MIN_DET,18,Ja.Williams,DET,6.4,9.08,WR
3136,00-0037247,2024_01_PIT_ATL,1,G.Pickens,PIT,10.5,8.88,WR
3137,00-0037247,2024_02_PIT_DEN,2,G.Pickens,PIT,3.9,4.91,WR
3138,00-0037247,2024_03_LAC_PIT,3,G.Pickens,PIT,8.2,9.99,WR
3139,00-0037247,2024_04_PIT_IND,4,G.Pickens,PIT,14.8,17.25,WR
3140,00-0037247,2024_05_DAL_PIT,5,G.Pickens,PIT,4.1,7.74,WR
3141,00-0037247,2024_06_PIT_LV,6,G.Pickens,PIT,6.8,11.77,WR
3142,00-0037247,2024_07_NYJ_PIT,7,G.Pickens,PIT,19.6,15.9,WR
3143,00-0037247,2024_08_NYG_PIT,8,G.Pickens,PIT,9.4,6.99,WR
3144,00-0037247,2024_10_PIT_WAS,10,G.Pickens,PIT,18.0,11.08,WR
3145,00-0037247,2024_11_BAL_PIT,11,G.Pickens,PIT,12.9,15.56,WR
3146,00-0037247,2024_12_PIT_CLE,12,G.Pickens,PIT,6.8,9.98,WR
3147,00-0037247,2024_13_PIT_CIN,13,G.Pickens,PIT,14.9,7.21,WR
3148,00-0037247,2024_17_KC_PIT,17,G.Pickens,PIT,6.5,8.24,WR
3149,00-0037247,2024_18_CIN_PIT,18,G.Pickens,PIT,0.5,7.76,WR
3150,00-0037247,2024_19_PIT_BAL,19,G.Pickens,PIT,17.2,5.89,WR
3151,00-0037248,2024_01_ARI_BUF,1,J.Cook,BUF,11.8,15.67,RB
3152,00-0037248,2024_02_BUF_MIA,2,J.Cook,BUF,28.0,9.43,RB
3153,00-0037248,2024_03_JAX_BUF,3,J.Cook,BUF,16.7,12.49,RB
3154,00-0037248,2024_04_BUF_BAL,4,J.Cook,BUF,5.3,5.42,RB
3155,00-0037248,2024_05_BUF_HOU,5,J.Cook,BUF,16.9,14.47,RB
3156,00-0037248,2024_07_TEN_BUF,7,J.Cook,BUF,9.2,6.58,RB
3157,00-0037248,2024_08_BUF_SEA,8,J.Cook,BUF,26.8,13.67,RB
3158,00-0037248,2024_09_MIA_BUF,9,J.Cook,BUF,9.4,12.96,RB
3159,00-0037248,2024_10_BUF_IND,10,J.Cook,BUF,15.0,16.88,RB
3160,00-0037248,2024_11_KC_BUF,11,J.Cook,BUF,17.2,12.17,RB
3161,00-0037248,2024_13_SF_BUF,13,J.Cook,BUF,18.5,8.86,RB
3162,00-0037248,2024_14_BUF_LA,14,J.Cook,BUF,3.9,4.81,RB
3163,00-0037248,2024_15_BUF_DET,15,J.Cook,BUF,25.8,11.88,RB
3164,00-0037248,2024_16_NE_BUF,16,J.Cook,BUF,26.1,9.33,RB
3165,00-0037248,2024_17_NYJ_BUF,17,J.Cook,BUF,11.3,11.54,RB
3166,00-0037248,2024_18_BUF_NE,18,J.Cook,BUF,8.8,15.75,RB
3167,00-0037248,2024_19_DEN_BUF,19,J.Cook,BUF,18.0,13.82,RB
3168,00-0037252,2024_01_DEN_SEA,1,G.Dulcich,DEN,2.2,2.94,TE
3169,00-0037252,2024_02_PIT_DEN,2,G.Dulcich,DEN,3.1,8.85,TE
3170,00-0037252,2024_04_DEN_NYJ,4,G.Dulcich,DEN,0.0,0.87,TE
3173,00-0037256,2024_01_WAS_TB,1,R.White,TB,13.6,14.65,RB
3174,00-0037256,2024_02_TB_DET,2,R.White,TB,2.8,6.63,RB
3175,00-0037256,2024_03_DEN_TB,3,R.White,TB,6.0,11.58,RB
3176,00-0037256,2024_04_PHI_TB,4,R.White,TB,9.4,7.65,RB
3177,00-0037256,2024_05_TB_ATL,5,R.White,TB,8.1,8.18,RB
3178,00-0037256,2024_07_BAL_TB,7,R.White,TB,26.1,11.51,RB
3179,00-0037256,2024_08_ATL_TB,8,R.White,TB,14.2,9.82,RB
3180,00-0037256,2024_09_TB_KC,9,R.White,TB,11.0,4.63,RB
3181,00-0037256,2024_10_SF_TB,10,R.White,TB,16.0,13.32,RB
3182,00-0037256,2024_12_TB_NYG,12,R.White,TB,11.2,10.14,RB
3183,00-0037256,2024_13_TB_CAR,13,R.White,TB,8.3,9.84,RB
3184,00-0037256,2024_14_LV_TB,14,R.White,TB,23.9,13.61,RB
3185,00-0037256,2024_15_TB_LAC,15,R.White,TB,14.1,10.23,RB
3186,00-0037256,2024_16_TB_DAL,16,R.White,TB,9.5,8.78,RB
3187,00-0037256,2024_17_CAR_TB,17,R.White,TB,3.9,4.13,RB
3188,00-0037256,2024_19_WAS_TB,19,R.White,TB,2.5,2.34,RB
3189,00-0037257,2024_02_CLE_JAX,2,D.Bell,CLE,4.2,2.99,WR
3190,00-0037258,2024_01_HOU_IND,1,D.Pierce,HOU,1.6,1.67,RB
3191,00-0037258,2024_06_HOU_NE,6,D.Pierce,HOU,14.2,4.81,RB
3192,00-0037258,2024_07_HOU_GB,7,D.Pierce,HOU,0.2,0.99,RB
3193,00-0037258,2024_08_IND_HOU,8,D.Pierce,HOU,0.4,0.49,RB
3194,00-0037258,2024_11_HOU_DAL,11,D.Pierce,HOU,0.2,0.49,RB
3195,00-0037258,2024_13_HOU_JAX,13,D.Pierce,HOU,0.6,0.87,RB
3196,00-0037258,2024_16_HOU_KC,16,D.Pierce,HOU,0.4,0.49,RB
3197,00-0037258,2024_17_BAL_HOU,17,D.Pierce,HOU,1.3,2.47,RB
3198,00-0037258,2024_18_HOU_TEN,18,D.Pierce,HOU,23.6,11.68,RB
3199,00-0037258,2024_19_LAC_HOU,19,D.Pierce,HOU,1.5,0.99,RB
3200,00-0037261,2024_01_ARI_BUF,1,K.Shakir,BUF,11.7,3.38,WR
3201,00-0037261,2024_02_BUF_MIA,2,K.Shakir,BUF,8.1,6.51,WR
3202,00-0037261,2024_03_JAX_BUF,3,K.Shakir,BUF,16.2,5.44,WR
3203,00-0037261,2024_04_BUF_BAL,4,K.Shakir,BUF,8.2,5.66,WR
3204,00-0037261,2024_06_BUF_NYJ,6,K.Shakir,BUF,2.9,1.96,WR
3205,00-0037261,2024_07_TEN_BUF,7,K.Shakir,BUF,10.0,6.42,WR
3206,00-0037261,2024_08_BUF_SEA,8,K.Shakir,BUF,15.4,10.6,WR
3207,00-0037261,2024_09_MIA_BUF,9,K.Shakir,BUF,8.0,6.42,WR
3208,00-0037261,2024_10_BUF_IND,10,K.Shakir,BUF,8.8,11.38,WR
3209,00-0037261,2024_11_KC_BUF,11,K.Shakir,BUF,11.0,14.63,WR
3210,00-0037261,2024_13_SF_BUF,13,K.Shakir,BUF,5.0,8.56,WR
3211,00-0037261,2024_14_BUF_LA,14,K.Shakir,BUF,19.1,12.18,WR
3212,00-0037261,2024_15_BUF_DET,15,K.Shakir,BUF,12.9,9.04,WR
3213,00-0037261,2024_16_NE_BUF,16,K.Shakir,BUF,3.2,9.47,WR
3214,00-0037261,2024_17_NYJ_BUF,17,K.Shakir,BUF,4.0,6.64,WR
3215,00-0037261,2024_19_DEN_BUF,19,K.Shakir,BUF,9.1,6.52,WR
3216,00-0037263,2024_01_PIT_ATL,1,T.Allgeier,ATL,2.1,1.48,RB
3217,00-0037263,2024_02_ATL_PHI,2,T.Allgeier,ATL,7.0,6.19,RB
3218,00-0037263,2024_03_KC_ATL,3,T.Allgeier,ATL,3.2,4.08,RB
3219,00-0037263,2024_04_NO_ATL,4,T.Allgeier,ATL,9.0,5.68,RB
3220,00-0037263,2024_05_TB_ATL,5,T.Allgeier,ATL,4.0,6.14,RB
3221,00-0037263,2024_06_ATL_CAR,6,T.Allgeier,ATL,19.3,18.45,RB
3222,00-0037263,2024_07_SEA_ATL,7,T.Allgeier,ATL,5.0,3.45,RB
3223,00-0037263,2024_08_ATL_TB,8,T.Allgeier,ATL,3.3,6.4,RB
3224,00-0037263,2024_09_DAL_ATL,9,T.Allgeier,ATL,7.8,3.85,RB
3225,00-0037263,2024_10_ATL_NO,10,T.Allgeier,ATL,5.9,15.09,RB
3226,00-0037263,2024_11_ATL_DEN,11,T.Allgeier,ATL,0.4,0.87,RB
3227,00-0037263,2024_13_LAC_ATL,13,T.Allgeier,ATL,2.7,5.12,RB
3228,00-0037263,2024_14_ATL_MIN,14,T.Allgeier,ATL,12.3,4.93,RB
3229,00-0037263,2024_15_ATL_LV,15,T.Allgeier,ATL,4.3,5.92,RB
3230,00-0037263,2024_16_NYG_ATL,16,T.Allgeier,ATL,3.6,6.29,RB
3231,00-0037263,2024_17_ATL_WAS,17,T.Allgeier,ATL,1.9,1.48,RB
3232,00-0037263,2024_18_CAR_ATL,18,T.Allgeier,ATL,7.9,6.29,RB
3233,00-0037267,2024_01_DAL_CLE,1,J.Ford,CLE,15.9,15.53,RB
3234,00-0037267,2024_02_CLE_JAX,2,J.Ford,CLE,6.9,5.3,RB
3235,00-0037267,2024_03_NYG_CLE,3,J.Ford,CLE,8.5,8.52,RB
3236,00-0037267,2024_04_CLE_LV,4,J.Ford,CLE,12.0,11.93,RB
3237,00-0037267,2024_05_CLE_WAS,5,J.Ford,CLE,6.4,7.05,RB
3238,00-0037267,2024_06_CLE_PHI,6,J.Ford,CLE,1.4,0.99,RB
3239,00-0037267,2024_09_LAC_CLE,9,J.Ford,CLE,1.2,3.97,RB
3240,00-0037267,2024_11_CLE_NO,11,J.Ford,CLE,5.9,6.06,RB
3241,00-0037267,2024_12_PIT_CLE,12,J.Ford,CLE,3.2,2.95,RB
3242,00-0037267,2024_13_CLE_DEN,13,J.Ford,CLE,6.7,5.42,RB
3243,00-0037267,2024_14_CLE_PIT,14,J.Ford,CLE,6.2,9.96,RB
3244,00-0037267,2024_15_KC_CLE,15,J.Ford,CLE,17.4,5.19,RB
3245,00-0037267,2024_16_CLE_CIN,16,J.Ford,CLE,21.6,12.48,RB
3246,00-0037267,2024_17_MIA_CLE,17,J.Ford,CLE,2.2,3.89,RB
3247,00-0037276,2024_01_MIN_NYG,1,T.Chandler,MIN,5.7,7.77,RB
3248,00-0037276,2024_02_SF_MIN,2,T.Chandler,MIN,8.2,5.8,RB
3249,00-0037276,2024_03_HOU_MIN,3,T.Chandler,MIN,1.3,3.45,RB
3250,00-0037276,2024_04_MIN_GB,4,T.Chandler,MIN,1.8,2.35,RB
3251,00-0037276,2024_05_NYJ_MIN,5,T.Chandler,MIN,4.9,9.12,RB
3252,00-0037276,2024_07_DET_MIN,7,T.Chandler,MIN,0.4,0.99,RB
3253,00-0037276,2024_10_MIN_JAX,10,T.Chandler,MIN,1.8,1.97,RB
3254,00-0037276,2024_13_ARI_MIN,13,T.Chandler,MIN,0.2,0.99,RB
3255,00-0037276,2024_15_CHI_MIN,15,T.Chandler,MIN,0.4,0.49,RB
3256,00-0037276,2024_17_GB_MIN,17,T.Chandler,MIN,0.7,2.47,RB
3258,00-0037291,2024_01_MIN_NYG,1,J.Nailor,MIN,8.6,2.87,WR
3259,00-0037291,2024_02_SF_MIN,2,J.Nailor,MIN,12.9,7.29,WR
3260,00-0037291,2024_03_HOU_MIN,3,J.Nailor,MIN,10.9,6.85,WR
3261,00-0037291,2024_04_MIN_GB,4,J.Nailor,MIN,3.6,4.53,WR
3262,00-0037291,2024_07_DET_MIN,7,J.Nailor,MIN,9.6,5.99,WR
3263,00-0037291,2024_08_MIN_LA,8,J.Nailor,MIN,2.6,3.93,WR
3264,00-0037291,2024_09_IND_MIN,9,J.Nailor,MIN,7.2,2.6,WR
3265,00-0037291,2024_10_MIN_JAX,10,J.Nailor,MIN,0.9,5.2,WR
3266,00-0037291,2024_11_MIN_TEN,11,J.Nailor,MIN,0.0,3.42,WR
3267,00-0037291,2024_12_MIN_CHI,12,J.Nailor,MIN,7.0,3.14,WR
3268,00-0037291,2024_13_ARI_MIN,13,J.Nailor,MIN,2.3,3.86,WR
3269,00-0037291,2024_15_CHI_MIN,15,J.Nailor,MIN,1.0,0.87,WR
3270,00-0037291,2024_16_MIN_SEA,16,J.Nailor,MIN,1.0,1.96,WR
3271,00-0037291,2024_17_GB_MIN,17,J.Nailor,MIN,16.6,7.57,WR
3272,00-0037291,2024_18_MIN_DET,18,J.Nailor,MIN,6.8,5.12,WR
3273,00-0037292,2024_02_IND_GB,2,A.Ogletree,IND,1.7,2.46,TE
3274,00-0037292,2024_04_PIT_IND,4,A.Ogletree,IND,8.0,0.98,TE
3275,00-0037292,2024_05_IND_JAX,5,A.Ogletree,IND,1.0,0.98,TE
3276,00-0037292,2024_06_IND_TEN,6,A.Ogletree,IND,3.4,2.14,TE
3277,00-0037292,2024_07_MIA_IND,7,A.Ogletree,IND,0.0,1.05,TE
3278,00-0037292,2024_10_BUF_IND,10,A.Ogletree,IND,0.7,0.98,TE
3279,00-0037292,2024_11_IND_NYJ,11,A.Ogletree,IND,1.3,0.87,TE
3280,00-0037292,2024_12_DET_IND,12,A.Ogletree,IND,0.0,1.53,TE
3281,00-0037292,2024_13_IND_NE,13,A.Ogletree,IND,2.7,2.95,TE
3282,00-0037292,2024_16_TEN_IND,16,A.Ogletree,IND,0.0,1.47,TE
3283,00-0037292,2024_18_JAX_IND,18,A.Ogletree,IND,2.6,1.14,TE
3289,00-0037304,2024_03_LAC_PIT,3,Co.Heyward,PIT,0.7,0.98,TE
3290,00-0037304,2024_05_DAL_PIT,5,Co.Heyward,PIT,9.3,4.57,TE
3291,00-0037304,2024_06_PIT_LV,6,Co.Heyward,PIT,0.9,2.49,TE
3292,00-0037304,2024_16_PIT_BAL,16,Co.Heyward,PIT,0.8,0.98,TE
3293,00-0037304,2024_17_KC_PIT,17,Co.Heyward,PIT,1.3,0.98,TE
3294,00-0037306,2024_12_SF_GB,12,J.FitzPatrick,GB,0.7,0.98,TE
3295,00-0037324,2024_18_KC_DEN,18,C.Oladokun,KC,0.5,1.06,QB
3296,00-0037327,2024_02_BUF_MIA,2,S.Thompson,MIA,3.6,10.52,QB
3297,00-0037327,2024_03_MIA_SEA,3,S.Thompson,MIA,4.28,9.35,QB
3300,00-0037382,2024_05_DAL_PIT,5,B.Johnson,PIT,1.4,0.98,WR
3301,00-0037422,2024_09_LV_CIN,9,K.Pryor,CIN,1.4,0.98,WR
3302,00-0037429,2024_16_ARI_CAR,16,R.Blackshear,CAR,1.3,1.48,RB
3303,00-0037429,2024_17_CAR_TB,17,R.Blackshear,CAR,2.0,3.94,RB
3304,00-0037429,2024_18_CAR_ATL,18,R.Blackshear,CAR,4.7,1.97,RB
3306,00-0037475,2024_06_LAC_DEN,6,S.Smartt,LAC,1.5,0.98,TE
3307,00-0037475,2024_07_LAC_ARI,7,S.Smartt,LAC,3.6,2.96,TE
3308,00-0037475,2024_13_LAC_ATL,13,S.Smartt,LAC,0.8,2.35,TE
3309,00-0037475,2024_14_LAC_KC,14,S.Smartt,LAC,6.9,3.98,TE
3310,00-0037475,2024_15_TB_LAC,15,S.Smartt,LAC,7.5,6.88,TE
3311,00-0037475,2024_16_DEN_LAC,16,S.Smartt,LAC,5.2,2.83,TE
3312,00-0037475,2024_17_LAC_NE,17,S.Smartt,LAC,3.3,2.51,TE
3313,00-0037487,2024_09_NO_CAR,9,D.Thompkins,CAR,-0.2,0.49,WR
3314,00-0037487,2024_12_KC_CAR,12,D.Thompkins,CAR,2.8,3.22,WR
3315,00-0037487,2024_14_CAR_PHI,14,D.Thompkins,CAR,1.2,0.98,WR
3316,00-0037487,2024_16_ARI_CAR,16,D.Thompkins,CAR,0.9,0.66,WR
3317,00-0037509,2024_12_DEN_LV,12,S.McCormick,LV,3.3,2.47,RB
3318,00-0037509,2024_13_LV_KC,13,S.McCormick,LV,7.5,7.66,RB
3319,00-0037509,2024_14_LV_TB,14,S.McCormick,LV,9.9,14.31,RB
3320,00-0037509,2024_15_ATL_LV,15,S.McCormick,LV,3.5,5.86,RB
3321,00-0037524,2024_18_HOU_TEN,18,T.Martin,TEN,11.4,2.95,WR
3322,00-0037525,2024_01_NYJ_SF,1,J.Mason,SF,21.7,18.01,RB
3323,00-0037525,2024_02_SF_MIN,2,J.Mason,SF,16.9,13.79,RB
3324,00-0037525,2024_03_SF_LA,3,J.Mason,SF,9.7,17.33,RB
3325,00-0037525,2024_04_NE_SF,4,J.Mason,SF,23.0,18.77,RB
3326,00-0037525,2024_05_ARI_SF,5,J.Mason,SF,9.3,8.99,RB
3327,00-0037525,2024_06_SF_SEA,6,J.Mason,SF,8.7,7.57,RB
3328,00-0037525,2024_07_KC_SF,7,J.Mason,SF,7.9,13.63,RB
3329,00-0037525,2024_08_DAL_SF,8,J.Mason,SF,1.8,2.96,RB
3330,00-0037525,2024_10_SF_TB,10,J.Mason,SF,0.5,0.49,RB
3331,00-0037525,2024_11_SEA_SF,11,J.Mason,SF,1.3,0.99,RB
3332,00-0037525,2024_12_SF_GB,12,J.Mason,SF,1.8,3.33,RB
3333,00-0037525,2024_13_SF_BUF,13,J.Mason,SF,7.8,6.41,RB
3334,00-0037539,2024_05_LV_DEN,5,L.Krull,DEN,1.0,0.98,TE
3335,00-0037539,2024_06_LAC_DEN,6,L.Krull,DEN,2.1,3.81,TE
3336,00-0037539,2024_07_DEN_NO,7,L.Krull,DEN,5.6,4.9,TE
3337,00-0037539,2024_08_CAR_DEN,8,L.Krull,DEN,2.8,2.34,TE
3338,00-0037539,2024_09_DEN_BAL,9,L.Krull,DEN,0.0,0.98,TE
3339,00-0037539,2024_10_DEN_KC,10,L.Krull,DEN,3.1,1.96,TE
3340,00-0037539,2024_13_CLE_DEN,13,L.Krull,DEN,3.9,2.94,TE
3341,00-0037539,2024_15_IND_DEN,15,L.Krull,DEN,1.8,1.85,TE
3342,00-0037539,2024_16_DEN_LAC,16,L.Krull,DEN,3.6,2.94,TE
3343,00-0037539,2024_17_DEN_CIN,17,L.Krull,DEN,0.8,0.87,TE
3344,00-0037539,2024_19_DEN_BUF,19,L.Krull,DEN,0.7,0.98,TE
3345,00-0037545,2024_01_CAR_NO,1,R.Shaheed,NO,14.8,7.74,WR
3346,00-0037545,2024_02_NO_DAL,2,R.Shaheed,NO,18.9,6.41,WR
3347,00-0037545,2024_03_PHI_NO,3,R.Shaheed,NO,0.0,8.84,WR
3348,00-0037545,2024_04_NO_ATL,4,R.Shaheed,NO,13.7,18.27,WR
3349,00-0037545,2024_05_NO_KC,5,R.Shaheed,NO,16.6,14.96,WR
3350,00-0037545,2024_06_TB_NO,6,R.Shaheed,NO,1.8,9.97,WR
3351,00-0037557,2024_01_LA_DET,1,R.Rivers,LA,1.6,0.99,RB
3352,00-0037557,2024_02_LA_ARI,2,R.Rivers,LA,0.5,0.87,RB
3353,00-0037557,2024_03_SF_LA,3,R.Rivers,LA,0.9,0.99,RB
3354,00-0037557,2024_04_LA_CHI,4,R.Rivers,LA,2.6,2.96,RB
3355,00-0037557,2024_18_SEA_LA,18,R.Rivers,LA,10.2,11.06,RB
3356,00-0037569,2024_09_TB_KC,9,P.Hendershot,KC,1.4,0.87,TE
3357,00-0037569,2024_10_DEN_KC,10,P.Hendershot,KC,1.1,0.87,TE
3358,00-0037569,2024_11_KC_BUF,11,P.Hendershot,KC,1.6,1.12,TE
3359,00-0037569,2024_18_KC_DEN,18,P.Hendershot,KC,3.5,1.96,TE
3361,00-0037594,2024_06_IND_TEN,6,J.Chestnut,TEN,0.2,0.49,RB
3362,00-0037594,2024_07_TEN_BUF,7,J.Chestnut,TEN,2.9,4.61,RB
3363,00-0037594,2024_08_TEN_DET,8,J.Chestnut,TEN,3.2,3.45,RB
3364,00-0037594,2024_09_NE_TEN,9,J.Chestnut,TEN,2.2,2.47,RB
3365,00-0037594,2024_12_TEN_HOU,12,J.Chestnut,TEN,1.0,1.36,RB
3366,00-0037594,2024_17_TEN_JAX,17,J.Chestnut,TEN,1.7,2.46,RB
3367,00-0037594,2024_18_HOU_TEN,18,J.Chestnut,TEN,1.1,0.99,RB
3371,00-0037614,2024_04_JAX_HOU,4,J.Metchie,HOU,1.2,0.87,WR
3372,00-0037614,2024_08_IND_HOU,8,J.Metchie,HOU,4.4,4.46,WR
3373,00-0037614,2024_09_HOU_NYJ,9,J.Metchie,HOU,0.0,3.87,WR
3374,00-0037614,2024_10_DET_HOU,10,J.Metchie,HOU,15.9,7.99,WR
3375,00-0037614,2024_11_HOU_DAL,11,J.Metchie,HOU,4.8,3.28,WR
3376,00-0037614,2024_12_TEN_HOU,12,J.Metchie,HOU,1.1,3.44,WR
3377,00-0037614,2024_13_HOU_JAX,13,J.Metchie,HOU,2.6,2.44,WR
3378,00-0037614,2024_15_MIA_HOU,15,J.Metchie,HOU,2.7,5.06,WR
3379,00-0037614,2024_17_BAL_HOU,17,J.Metchie,HOU,7.3,10.27,WR
3380,00-0037614,2024_18_HOU_TEN,18,J.Metchie,HOU,3.4,4.42,WR
3381,00-0037614,2024_19_LAC_HOU,19,J.Metchie,HOU,4.8,8.78,WR
3382,00-0037617,2024_02_LAC_CAR,2,H.Haskins,LAC,1.1,1.48,RB
3383,00-0037617,2024_06_LAC_DEN,6,H.Haskins,LAC,0.5,0.99,RB
3384,00-0037617,2024_07_LAC_ARI,7,H.Haskins,LAC,0.2,0.99,RB
3385,00-0037617,2024_08_NO_LAC,8,H.Haskins,LAC,0.0,3.38,RB
3386,00-0037617,2024_10_TEN_LAC,10,H.Haskins,LAC,6.4,3.83,RB
3387,00-0037617,2024_11_CIN_LAC,11,H.Haskins,LAC,0.1,6.04,RB
3388,00-0037617,2024_12_BAL_LAC,12,H.Haskins,LAC,0.3,0.49,RB
3389,00-0037617,2024_13_LAC_ATL,13,H.Haskins,LAC,-1.0,0.49,RB
3390,00-0037617,2024_16_DEN_LAC,16,H.Haskins,LAC,10.9,1.85,RB
3391,00-0037617,2024_17_LAC_NE,17,H.Haskins,LAC,4.5,5.65,RB
3392,00-0037617,2024_18_LAC_LV,18,H.Haskins,LAC,9.3,14.97,RB
3393,00-0037617,2024_19_LAC_HOU,19,H.Haskins,LAC,0.5,1.47,RB
3402,00-0037664,2024_01_HOU_IND,1,A.Pierce,IND,20.0,3.94,WR
3403,00-0037664,2024_02_IND_GB,2,A.Pierce,IND,14.1,10.29,WR
3404,00-0037664,2024_03_CHI_IND,3,A.Pierce,IND,4.9,2.94,WR
3405,00-0037664,2024_04_PIT_IND,4,A.Pierce,IND,1.4,2.46,WR
3406,00-0037664,2024_05_IND_JAX,5,A.Pierce,IND,20.9,4.44,WR
3407,00-0037664,2024_06_IND_TEN,6,A.Pierce,IND,0.0,5.41,WR
3408,00-0037664,2024_07_MIA_IND,7,A.Pierce,IND,2.5,5.68,WR
3409,00-0037664,2024_08_IND_HOU,8,A.Pierce,IND,1.6,5.4,WR
3410,00-0037664,2024_09_IND_MIN,9,A.Pierce,IND,5.6,3.87,WR
3411,00-0037664,2024_10_BUF_IND,10,A.Pierce,IND,16.1,10.85,WR
3412,00-0037664,2024_11_IND_NYJ,11,A.Pierce,IND,8.9,5.39,WR
3413,00-0037664,2024_12_DET_IND,12,A.Pierce,IND,4.4,5.89,WR
3414,00-0037664,2024_13_IND_NE,13,A.Pierce,IND,8.6,9.64,WR
3415,00-0037664,2024_15_IND_DEN,15,A.Pierce,IND,0.0,5.37,WR
3416,00-0037664,2024_17_IND_NYG,17,A.Pierce,IND,21.2,15.0,WR
3417,00-0037664,2024_18_JAX_IND,18,A.Pierce,IND,12.7,2.95,WR
3418,00-0037666,2024_01_DAL_CLE,1,J.Tolbert,DAL,1.7,2.12,WR
3419,00-0037666,2024_02_NO_DAL,2,J.Tolbert,DAL,11.2,11.65,WR
3420,00-0037666,2024_03_BAL_DAL,3,J.Tolbert,DAL,11.7,7.71,WR
3421,00-0037666,2024_04_DAL_NYG,4,J.Tolbert,DAL,3.9,3.1,WR
3422,00-0037666,2024_05_DAL_PIT,5,J.Tolbert,DAL,18.2,14.01,WR
3423,00-0037666,2024_06_DET_DAL,6,J.Tolbert,DAL,6.3,5.88,WR
3424,00-0037666,2024_08_DAL_SF,8,J.Tolbert,DAL,5.9,3.43,WR
3425,00-0037666,2024_09_DAL_ATL,9,J.Tolbert,DAL,9.4,9.68,WR
3426,00-0037666,2024_10_PHI_DAL,10,J.Tolbert,DAL,2.9,5.88,WR
3427,00-0037666,2024_11_HOU_DAL,11,J.Tolbert,DAL,3.1,5.28,WR
3428,00-0037666,2024_12_DAL_WAS,12,J.Tolbert,DAL,9.2,5.77,WR
3429,00-0037666,2024_13_NYG_DAL,13,J.Tolbert,DAL,5.1,4.3,WR
3430,00-0037666,2024_14_CIN_DAL,14,J.Tolbert,DAL,0.0,3.1,WR
3431,00-0037666,2024_15_DAL_CAR,15,J.Tolbert,DAL,7.6,3.49,WR
3432,00-0037666,2024_16_TB_DAL,16,J.Tolbert,DAL,9.0,4.75,WR
3433,00-0037666,2024_17_DAL_PHI,17,J.Tolbert,DAL,10.5,5.23,WR
3434,00-0037666,2024_18_WAS_DAL,18,J.Tolbert,DAL,11.8,6.71,WR
3435,00-0037740,2024_01_NYJ_SF,1,G.Wilson,NYJ,9.0,12.27,WR
3436,00-0037740,2024_02_NYJ_TEN,2,G.Wilson,NYJ,8.2,6.87,WR
3437,00-0037740,2024_03_NE_NYJ,3,G.Wilson,NYJ,11.8,14.02,WR
3438,00-0037740,2024_04_DEN_NYJ,4,G.Wilson,NYJ,6.6,8.5,WR
3439,00-0037740,2024_05_NYJ_MIN,5,G.Wilson,NYJ,22.6,24.92,WR
3440,00-0037740,2024_06_BUF_NYJ,6,G.Wilson,NYJ,20.7,14.94,WR
3441,00-0037740,2024_07_NYJ_PIT,7,G.Wilson,NYJ,10.6,12.58,WR
3442,00-0037740,2024_08_NYJ_NE,8,G.Wilson,NYJ,13.8,12.43,WR
3443,00-0037740,2024_09_HOU_NYJ,9,G.Wilson,NYJ,25.5,10.92,WR
3444,00-0037740,2024_10_NYJ_ARI,10,G.Wilson,NYJ,6.6,7.52,WR
3445,00-0037740,2024_11_IND_NYJ,11,G.Wilson,NYJ,3.8,9.13,WR
3446,00-0037740,2024_13_SEA_NYJ,13,G.Wilson,NYJ,6.6,13.34,WR
3447,00-0037740,2024_14_NYJ_MIA,14,G.Wilson,NYJ,14.9,11.0,WR
3448,00-0037740,2024_15_NYJ_JAX,15,G.Wilson,NYJ,13.1,8.37,WR
3449,00-0037740,2024_16_LA_NYJ,16,G.Wilson,NYJ,8.4,7.37,WR
3450,00-0037740,2024_17_NYJ_BUF,17,G.Wilson,NYJ,16.1,11.27,WR
3451,00-0037740,2024_18_MIA_NYJ,18,G.Wilson,NYJ,7.1,5.31,WR
3452,00-0037741,2024_01_GB_PHI,1,J.Dotson,PHI,0.0,0.87,WR
3453,00-0037741,2024_02_ATL_PHI,2,J.Dotson,PHI,1.1,0.87,WR
3454,00-0037741,2024_03_PHI_NO,3,J.Dotson,PHI,1.8,3.38,WR
3455,00-0037741,2024_04_PHI_TB,4,J.Dotson,PHI,2.1,4.3,WR
3456,00-0037741,2024_06_CLE_PHI,6,J.Dotson,PHI,2.8,4.88,WR
3457,00-0037741,2024_07_PHI_NYG,7,J.Dotson,PHI,0.0,1.47,WR
3458,00-0037741,2024_09_JAX_PHI,9,J.Dotson,PHI,4.1,1.67,WR
3459,00-0037741,2024_10_PHI_DAL,10,J.Dotson,PHI,3.2,1.5,WR
3460,00-0037741,2024_11_WAS_PHI,11,J.Dotson,PHI,1.3,1.85,WR
3461,00-0037741,2024_12_PHI_LA,12,J.Dotson,PHI,0.9,0.87,WR
3462,00-0037741,2024_13_PHI_BAL,13,J.Dotson,PHI,1.2,0.98,WR
3463,00-0037741,2024_14_CAR_PHI,14,J.Dotson,PHI,1.0,1.96,WR
3464,00-0037741,2024_15_PIT_PHI,15,J.Dotson,PHI,0.0,2.55,WR
3465,00-0037741,2024_18_NYG_PHI,18,J.Dotson,PHI,12.9,14.03,WR
3466,00-0037741,2024_19_GB_PHI,19,J.Dotson,PHI,7.6,3.64,WR
3467,00-0037742,2024_01_TEN_CHI,1,T.Burks,TEN,0.8,2.95,WR
3468,00-0037742,2024_02_NYJ_TEN,2,T.Burks,TEN,0.0,1.48,WR
3469,00-0037742,2024_03_GB_TEN,3,T.Burks,TEN,1.4,3.51,WR
3470,00-0037742,2024_04_TEN_MIA,4,T.Burks,TEN,1.8,1.43,WR
3471,00-0037742,2024_06_IND_TEN,6,T.Burks,TEN,1.5,0.98,WR
3472,00-0037744,2024_01_ARI_BUF,1,T.McBride,ARI,5.5,10.29,TE
3473,00-0037744,2024_02_LA_ARI,2,T.McBride,ARI,9.7,6.65,TE
3474,00-0037744,2024_03_DET_ARI,3,T.McBride,ARI,4.0,7.46,TE
3475,00-0037744,2024_05_ARI_SF,5,T.McBride,ARI,8.3,10.82,TE
3476,00-0037744,2024_06_ARI_GB,6,T.McBride,ARI,13.6,8.34,TE
3477,00-0037744,2024_07_LAC_ARI,7,T.McBride,ARI,7.6,6.94,TE
3478,00-0037744,2024_08_ARI_MIA,8,T.McBride,ARI,16.9,12.72,TE
3479,00-0037744,2024_09_CHI_ARI,9,T.McBride,ARI,11.2,9.06,TE
3480,00-0037744,2024_10_NYJ_ARI,10,T.McBride,ARI,9.1,8.92,TE
3481,00-0037744,2024_12_ARI_SEA,12,T.McBride,ARI,19.3,18.47,TE
3482,00-0037744,2024_13_ARI_MIN,13,T.McBride,ARI,15.6,11.55,TE
3483,00-0037744,2024_14_SEA_ARI,14,T.McBride,ARI,10.5,19.26,TE
3484,00-0037744,2024_15_NE_ARI,15,T.McBride,ARI,13.2,11.26,TE
3485,00-0037744,2024_16_ARI_CAR,16,T.McBride,ARI,3.5,3.93,TE
3486,00-0037744,2024_17_ARI_LA,17,T.McBride,ARI,24.3,19.88,TE
3487,00-0037744,2024_18_SF_ARI,18,T.McBride,ARI,16.0,14.82,TE
3488,00-0037745,2024_01_TEN_CHI,1,V.Jones,CHI,2.4,1.86,WR
3489,00-0037745,2024_17_CAR_TB,17,V.Jones,CAR,0.0,0.49,WR
3490,00-0037746,2024_01_WAS_TB,1,B.Robinson,WAS,16.4,13.53,RB
3491,00-0037746,2024_02_NYG_WAS,2,B.Robinson,WAS,14.1,13.7,RB
3492,00-0037746,2024_03_WAS_CIN,3,B.Robinson,WAS,10.2,18.86,RB
3493,00-0037746,2024_04_WAS_ARI,4,B.Robinson,WAS,18.8,14.18,RB
3494,00-0037746,2024_05_CLE_WAS,5,B.Robinson,WAS,13.8,10.4,RB
3495,00-0037746,2024_07_CAR_WAS,7,B.Robinson,WAS,13.1,6.63,RB
3496,00-0037746,2024_08_CHI_WAS,8,B.Robinson,WAS,8.1,10.09,RB
3497,00-0037746,2024_11_WAS_PHI,11,B.Robinson,WAS,13.7,12.04,RB
3498,00-0037746,2024_12_DAL_WAS,12,B.Robinson,WAS,2.9,4.32,RB
3499,00-0037746,2024_13_TEN_WAS,13,B.Robinson,WAS,17.4,13.42,RB
3500,00-0037746,2024_15_WAS_NO,15,B.Robinson,WAS,10.2,16.36,RB
3501,00-0037746,2024_16_PHI_WAS,16,B.Robinson,WAS,3.1,8.59,RB
3502,00-0037746,2024_17_ATL_WAS,17,B.Robinson,WAS,7.9,11.78,RB
3503,00-0037746,2024_18_WAS_DAL,18,B.Robinson,WAS,2.1,3.34,RB
3504,00-0037746,2024_19_WAS_TB,19,B.Robinson,WAS,5.8,17.52,RB
3505,00-0037801,2024_01_DAL_CLE,1,K.Turpin,DAL,0.0,1.47,WR
3506,00-0037801,2024_02_NO_DAL,2,K.Turpin,DAL,1.6,4.68,WR
3507,00-0037801,2024_03_BAL_DAL,3,K.Turpin,DAL,12.7,5.38,WR
3508,00-0037801,2024_05_DAL_PIT,5,K.Turpin,DAL,6.4,5.56,WR
3509,00-0037801,2024_06_DET_DAL,6,K.Turpin,DAL,5.0,9.02,WR
3510,00-0037801,2024_08_DAL_SF,8,K.Turpin,DAL,3.2,6.28,WR
3511,00-0037801,2024_09_DAL_ATL,9,K.Turpin,DAL,5.1,4.91,WR
3512,00-0037801,2024_11_HOU_DAL,11,K.Turpin,DAL,16.1,3.32,WR
3513,00-0037801,2024_12_DAL_WAS,12,K.Turpin,DAL,1.3,0.87,WR
3514,00-0037801,2024_13_NYG_DAL,13,K.Turpin,DAL,7.5,6.86,WR
3515,00-0037801,2024_14_CIN_DAL,14,K.Turpin,DAL,3.6,5.78,WR
3516,00-0037801,2024_15_DAL_CAR,15,K.Turpin,DAL,2.7,1.86,WR
3517,00-0037801,2024_16_TB_DAL,16,K.Turpin,DAL,2.3,2.86,WR
3518,00-0037801,2024_17_DAL_PHI,17,K.Turpin,DAL,3.9,5.77,WR
3519,00-0037801,2024_18_WAS_DAL,18,K.Turpin,DAL,7.3,6.76,WR
3520,00-0037805,2024_02_NYJ_TEN,2,J.Ruckert,NYJ,0.0,4.21,TE
3521,00-0037805,2024_03_NE_NYJ,3,J.Ruckert,NYJ,2.5,1.85,TE
3522,00-0037805,2024_04_DEN_NYJ,4,J.Ruckert,NYJ,2.0,1.74,TE
3523,00-0037805,2024_06_BUF_NYJ,6,J.Ruckert,NYJ,1.7,3.21,TE
3524,00-0037805,2024_08_NYJ_NE,8,J.Ruckert,NYJ,2.9,2.72,TE
3525,00-0037805,2024_09_HOU_NYJ,9,J.Ruckert,NYJ,0.9,0.98,TE
3526,00-0037805,2024_10_NYJ_ARI,10,J.Ruckert,NYJ,2.7,1.96,TE
3527,00-0037805,2024_11_IND_NYJ,11,J.Ruckert,NYJ,1.1,1.85,TE
3528,00-0037805,2024_13_SEA_NYJ,13,J.Ruckert,NYJ,0.8,2.45,TE
3529,00-0037805,2024_14_NYJ_MIA,14,J.Ruckert,NYJ,0.0,1.48,TE
3530,00-0037805,2024_15_NYJ_JAX,15,J.Ruckert,NYJ,1.7,3.01,TE
3531,00-0037805,2024_16_LA_NYJ,16,J.Ruckert,NYJ,2.2,1.96,TE
3532,00-0037805,2024_18_MIA_NYJ,18,J.Ruckert,NYJ,1.0,1.96,TE
3533,00-0037809,2024_01_TEN_CHI,1,C.Okonkwo,TEN,8.5,2.99,TE
3534,00-0037809,2024_02_NYJ_TEN,2,C.Okonkwo,TEN,3.1,2.72,TE
3535,00-0037809,2024_03_GB_TEN,3,C.Okonkwo,TEN,2.5,1.96,TE
3536,00-0037809,2024_04_TEN_MIA,4,C.Okonkwo,TEN,1.0,4.11,TE
3537,00-0037809,2024_06_IND_TEN,6,C.Okonkwo,TEN,2.5,2.72,TE
3538,00-0037809,2024_07_TEN_BUF,7,C.Okonkwo,TEN,7.0,4.41,TE
3539,00-0037809,2024_08_TEN_DET,8,C.Okonkwo,TEN,2.4,5.28,TE
3540,00-0037809,2024_09_NE_TEN,9,C.Okonkwo,TEN,5.3,6.22,TE
3541,00-0037809,2024_10_TEN_LAC,10,C.Okonkwo,TEN,1.9,0.98,TE
3542,00-0037809,2024_11_MIN_TEN,11,C.Okonkwo,TEN,2.9,3.7,TE
3543,00-0037809,2024_12_TEN_HOU,12,C.Okonkwo,TEN,13.5,0.98,TE
3544,00-0037809,2024_13_TEN_WAS,13,C.Okonkwo,TEN,4.2,7.67,TE
3545,00-0037809,2024_14_JAX_TEN,14,C.Okonkwo,TEN,2.3,4.31,TE
3546,00-0037809,2024_15_CIN_TEN,15,C.Okonkwo,TEN,9.9,10.2,TE
3547,00-0037809,2024_16_TEN_IND,16,C.Okonkwo,TEN,14.6,12.57,TE
3548,00-0037809,2024_17_TEN_JAX,17,C.Okonkwo,TEN,8.4,8.02,TE
3549,00-0037816,2024_01_GB_PHI,1,R.Doubs,GB,7.0,9.49,WR
3550,00-0037816,2024_02_IND_GB,2,R.Doubs,GB,7.7,4.78,WR
3551,00-0037816,2024_03_GB_TEN,3,R.Doubs,GB,2.3,4.65,WR
3552,00-0037816,2024_04_MIN_GB,4,R.Doubs,GB,5.9,10.43,WR
3553,00-0037816,2024_06_ARI_GB,6,R.Doubs,GB,18.4,6.04,WR
3554,00-0037816,2024_07_HOU_GB,7,R.Doubs,GB,13.4,12.19,WR
3555,00-0037816,2024_08_GB_JAX,8,R.Doubs,GB,8.7,9.26,WR
3556,00-0037816,2024_09_DET_GB,9,R.Doubs,GB,4.8,4.91,WR
3557,00-0037816,2024_11_GB_CHI,11,R.Doubs,GB,2.2,2.72,WR
3558,00-0037816,2024_12_SF_GB,12,R.Doubs,GB,6.9,7.43,WR
3559,00-0037816,2024_15_GB_SEA,15,R.Doubs,GB,17.5,9.42,WR
3560,00-0037816,2024_16_NO_GB,16,R.Doubs,GB,3.0,4.01,WR
3561,00-0037816,2024_17_GB_MIN,17,R.Doubs,GB,11.3,14.34,WR
3562,00-0037816,2024_19_GB_PHI,19,R.Doubs,GB,2.3,1.96,WR
3563,00-0037827,2024_17_DAL_PHI,17,T.Davis-Price,PHI,0.7,1.48,RB
3564,00-0037834,2024_01_NYJ_SF,1,B.Purdy,SF,10.34,14.07,QB
3565,00-0037834,2024_02_SF_MIN,2,B.Purdy,SF,17.96,20.11,QB
3566,00-0037834,2024_03_SF_LA,3,B.Purdy,SF,27.78,22.63,QB
3567,00-0037834,2024_04_NE_SF,4,B.Purdy,SF,16.72,22.75,QB
3568,00-0037834,2024_05_ARI_SF,5,B.Purdy,SF,17.06,26.58,QB
3569,00-0037834,2024_06_SF_SEA,6,B.Purdy,SF,24.2,16.9,QB
3570,00-0037834,2024_07_KC_SF,7,B.Purdy,SF,23.18,27.77,QB
3571,00-0037834,2024_08_DAL_SF,8,B.Purdy,SF,26.1,18.79,QB
3572,00-0037834,2024_10_SF_TB,10,B.Purdy,SF,23.92,19.62,QB
3573,00-0037834,2024_11_SEA_SF,11,B.Purdy,SF,20.36,16.17,QB
3574,00-0037834,2024_13_SF_BUF,13,B.Purdy,SF,4.16,7.73,QB
3575,00-0037834,2024_14_CHI_SF,14,B.Purdy,SF,22.2,15.05,QB
3576,00-0037834,2024_15_LA_SF,15,B.Purdy,SF,5.98,14.13,QB
3577,00-0037834,2024_16_SF_MIA,16,B.Purdy,SF,23.12,21.61,QB
3578,00-0037834,2024_17_DET_SF,17,B.Purdy,SF,34.28,21.75,QB
3579,00-0037837,2024_01_PIT_ATL,1,C.Austin,PIT,1.2,1.96,WR
3580,00-0037837,2024_02_PIT_DEN,2,C.Austin,PIT,1.1,2.46,WR
3581,00-0037837,2024_03_LAC_PIT,3,C.Austin,PIT,17.5,7.27,WR
3582,00-0037837,2024_04_PIT_IND,4,C.Austin,PIT,2.2,1.5,WR
3583,00-0037837,2024_05_DAL_PIT,5,C.Austin,PIT,1.1,2.46,WR
3584,00-0037837,2024_06_PIT_LV,6,C.Austin,PIT,4.6,6.39,WR
3585,00-0037837,2024_07_NYJ_PIT,7,C.Austin,PIT,4.1,4.35,WR
3586,00-0037837,2024_08_NYG_PIT,8,C.Austin,PIT,12.9,6.15,WR
3587,00-0037837,2024_10_PIT_WAS,10,C.Austin,PIT,3.0,9.97,WR
3588,00-0037837,2024_11_BAL_PIT,11,C.Austin,PIT,0.4,2.35,WR
3589,00-0037837,2024_12_PIT_CLE,12,C.Austin,PIT,15.3,5.06,WR
3590,00-0037837,2024_13_PIT_CIN,13,C.Austin,PIT,9.9,3.68,WR
3591,00-0037837,2024_14_CLE_PIT,14,C.Austin,PIT,0.9,5.19,WR
3592,00-0037837,2024_15_PIT_PHI,15,C.Austin,PIT,9.0,5.31,WR
3593,00-0037837,2024_16_PIT_BAL,16,C.Austin,PIT,8.5,6.3,WR
3594,00-0037837,2024_17_KC_PIT,17,C.Austin,PIT,5.1,4.95,WR
3595,00-0037837,2024_18_CIN_PIT,18,C.Austin,PIT,0.0,1.05,WR
3596,00-0037837,2024_19_PIT_BAL,19,C.Austin,PIT,3.0,3.87,WR
3597,00-0037838,2024_01_BAL_KC,1,I.Likely,BAL,21.6,14.62,TE
3598,00-0037838,2024_02_LV_BAL,2,I.Likely,BAL,3.6,3.32,TE
3599,00-0037838,2024_03_BAL_DAL,3,I.Likely,BAL,0.9,0.98,TE
3600,00-0037838,2024_04_BUF_BAL,4,I.Likely,BAL,3.1,2.88,TE
3601,00-0037838,2024_05_BAL_CIN,5,I.Likely,BAL,14.8,7.26,TE
3602,00-0037838,2024_06_WAS_BAL,6,I.Likely,BAL,3.7,6.89,TE
3603,00-0037838,2024_07_BAL_TB,7,I.Likely,BAL,2.7,7.64,TE
3604,00-0037838,2024_08_BAL_CLE,8,I.Likely,BAL,6.7,4.32,TE
3605,00-0037838,2024_09_DEN_BAL,9,I.Likely,BAL,0.0,0.98,TE
3606,00-0037838,2024_11_BAL_PIT,11,I.Likely,BAL,9.5,7.72,TE
3607,00-0037838,2024_13_PHI_BAL,13,I.Likely,BAL,12.3,11.09,TE
3608,00-0037838,2024_15_BAL_NYG,15,I.Likely,BAL,2.7,1.96,TE
3609,00-0037838,2024_16_PIT_BAL,16,I.Likely,BAL,10.4,4.42,TE
3610,00-0037838,2024_17_BAL_HOU,17,I.Likely,BAL,7.4,2.7,TE
3611,00-0037838,2024_18_CLE_BAL,18,I.Likely,BAL,5.3,7.74,TE
3612,00-0037838,2024_19_PIT_BAL,19,I.Likely,BAL,6.8,4.9,TE
3613,00-0037840,2024_01_LA_DET,1,K.Williams,LA,12.9,16.71,RB
3614,00-0037840,2024_02_LA_ARI,2,K.Williams,LA,13.2,16.79,RB
3615,00-0037840,2024_03_SF_LA,3,K.Williams,LA,30.6,19.37,RB
3616,00-0037840,2024_04_LA_CHI,4,K.Williams,LA,18.4,16.28,RB
3617,00-0037840,2024_05_GB_LA,5,K.Williams,LA,16.0,16.55,RB
3618,00-0037840,2024_07_LV_LA,7,K.Williams,LA,19.6,12.66,RB
3619,00-0037840,2024_08_MIN_LA,8,K.Williams,LA,20.1,20.44,RB
3620,00-0037840,2024_09_LA_SEA,9,K.Williams,LA,10.0,18.82,RB
3621,00-0037840,2024_10_MIA_LA,10,K.Williams,LA,9.7,12.73,RB
3622,00-0037840,2024_11_LA_NE,11,K.Williams,LA,8.6,7.4,RB
3623,00-0037840,2024_12_PHI_LA,12,K.Williams,LA,12.2,12.58,RB
3624,00-0037840,2024_13_LA_NO,13,K.Williams,LA,17.8,10.59,RB
3625,00-0037840,2024_14_BUF_LA,14,K.Williams,LA,22.7,19.41,RB
3626,00-0037840,2024_15_LA_SF,15,K.Williams,LA,12.2,17.79,RB
3627,00-0037840,2024_16_LA_NYJ,16,K.Williams,LA,19.4,14.33,RB
3628,00-0037840,2024_17_ARI_LA,17,K.Williams,LA,14.7,14.66,RB
3629,00-0038040,2024_01_LV_LAC,1,Z.White,LV,4.6,8.26,RB
3630,00-0038040,2024_02_LV_BAL,2,Z.White,LV,5.3,7.92,RB
3631,00-0038040,2024_03_CAR_LV,3,Z.White,LV,3.4,5.19,RB
3632,00-0038040,2024_04_CLE_LV,4,Z.White,LV,10.0,10.18,RB
3633,00-0038040,2024_07_LV_LA,7,Z.White,LV,3.2,2.35,RB
3634,00-0038040,2024_08_KC_LV,8,Z.White,LV,-0.1,1.45,RB
3635,00-0038040,2024_09_LV_CIN,9,Z.White,LV,7.0,8.14,RB
3636,00-0038040,2024_11_LV_MIA,11,Z.White,LV,0.9,2.47,RB
3637,00-0038041,2024_01_DAL_CLE,1,J.Ferguson,DAL,3.0,6.12,TE
3638,00-0038041,2024_03_BAL_DAL,3,J.Ferguson,DAL,12.5,11.63,TE
3639,00-0038041,2024_04_DAL_NYG,4,J.Ferguson,DAL,8.4,6.65,TE
3640,00-0038041,2024_05_DAL_PIT,5,J.Ferguson,DAL,10.0,6.87,TE
3641,00-0038041,2024_06_DET_DAL,6,J.Ferguson,DAL,2.6,4.97,TE
3642,00-0038041,2024_08_DAL_SF,8,J.Ferguson,DAL,5.3,8.26,TE
3643,00-0038041,2024_09_DAL_ATL,9,J.Ferguson,DAL,10.6,9.97,TE
3644,00-0038041,2024_10_PHI_DAL,10,J.Ferguson,DAL,4.4,4.57,TE
3645,00-0038041,2024_11_HOU_DAL,11,J.Ferguson,DAL,1.6,0.98,TE
3646,00-0038041,2024_14_CIN_DAL,14,J.Ferguson,DAL,4.7,6.23,TE
3647,00-0038041,2024_15_DAL_CAR,15,J.Ferguson,DAL,3.3,3.88,TE
3648,00-0038041,2024_16_TB_DAL,16,J.Ferguson,DAL,7.0,8.5,TE
3649,00-0038041,2024_17_DAL_PHI,17,J.Ferguson,DAL,3.3,5.28,TE
3650,00-0038041,2024_18_WAS_DAL,18,J.Ferguson,DAL,2.2,5.14,TE
3651,00-0038046,2024_02_LV_BAL,2,C.Kolar,BAL,0.9,0.98,TE
3652,00-0038046,2024_03_BAL_DAL,3,C.Kolar,BAL,3.5,0.98,TE
3653,00-0038046,2024_05_BAL_CIN,5,C.Kolar,BAL,14.1,7.93,TE
3654,00-0038046,2024_07_BAL_TB,7,C.Kolar,BAL,1.9,1.11,TE
3655,00-0038046,2024_08_BAL_CLE,8,C.Kolar,BAL,1.4,1.85,TE
3656,00-0038046,2024_10_CIN_BAL,10,C.Kolar,BAL,0.9,0.98,TE
3657,00-0038046,2024_12_BAL_LAC,12,C.Kolar,BAL,1.1,0.98,TE
3658,00-0038090,2024_04_KC_LAC,4,S.Moore,KC,0.0,1.96,WR
3659,00-0038090,2024_07_KC_SF,7,S.Moore,KC,0.0,0.98,WR
3660,00-0038092,2024_03_MIA_SEA,3,E.Ezukanma,MIA,0.0,3.57,WR
3661,00-0038098,2024_01_DAL_CLE,1,P.Strong,CLE,4.0,3.71,RB
3662,00-0038098,2024_02_CLE_JAX,2,P.Strong,CLE,1.0,2.46,RB
3663,00-0038098,2024_05_CLE_WAS,5,P.Strong,CLE,0.2,1.47,RB
3664,00-0038098,2024_06_CLE_PHI,6,P.Strong,CLE,8.8,6.67,RB
3665,00-0038098,2024_07_CIN_CLE,7,P.Strong,CLE,2.0,4.2,RB
3666,00-0038098,2024_08_BAL_CLE,8,P.Strong,CLE,0.8,0.87,RB
3667,00-0038098,2024_09_LAC_CLE,9,P.Strong,CLE,0.8,0.99,RB
3668,00-0038098,2024_11_CLE_NO,11,P.Strong,CLE,0.5,0.99,RB
3669,00-0038098,2024_14_CLE_PIT,14,P.Strong,CLE,1.9,1.85,RB
3670,00-0038098,2024_16_CLE_CIN,16,P.Strong,CLE,1.9,2.73,RB
3671,00-0038098,2024_17_MIA_CLE,17,P.Strong,CLE,6.3,7.26,RB
3672,00-0038102,2024_07_PHI_NYG,7,K.Pickett,PHI,0.0,0.51,QB
3673,00-0038102,2024_10_PHI_DAL,10,K.Pickett,PHI,0.3,1.01,QB
3674,00-0038102,2024_16_PHI_WAS,16,K.Pickett,PHI,11.02,14.35,QB
3675,00-0038102,2024_17_DAL_PHI,17,K.Pickett,PHI,16.02,14.13,QB
3676,00-0038104,2024_01_NE_CIN,1,T.Thornton,NE,3.7,3.92,WR
3677,00-0038104,2024_03_NE_NYJ,3,T.Thornton,NE,0.0,2.16,WR
3678,00-0038104,2024_04_NE_SF,4,T.Thornton,NE,0.0,0.98,WR
3679,00-0038104,2024_08_NYJ_NE,8,T.Thornton,NE,3.0,3.32,WR
3680,00-0038108,2024_18_CLE_BAL,18,B.Zappe,CLE,11.1,14.18,QB
3681,00-0038115,2024_01_MIN_NYG,1,D.Bellinger,NYG,0.8,0.98,TE
3682,00-0038115,2024_03_NYG_CLE,3,D.Bellinger,NYG,2.2,1.47,TE
3683,00-0038115,2024_07_PHI_NYG,7,D.Bellinger,NYG,1.6,0.98,TE
3684,00-0038115,2024_14_NO_NYG,14,D.Bellinger,NYG,7.0,6.76,TE
3685,00-0038115,2024_15_BAL_NYG,15,D.Bellinger,NYG,5.0,2.83,TE
3686,00-0038115,2024_16_NYG_ATL,16,D.Bellinger,NYG,1.0,1.85,TE
3687,00-0038115,2024_18_NYG_PHI,18,D.Bellinger,NYG,1.9,1.85,TE
3688,00-0038117,2024_01_MIN_NYG,1,W.Robinson,NYG,8.8,14.82,WR
3689,00-0038117,2024_02_NYG_WAS,2,W.Robinson,NYG,8.8,4.57,WR
3690,00-0038117,2024_03_NYG_CLE,3,W.Robinson,NYG,9.6,7.76,WR
3691,00-0038117,2024_04_DAL_NYG,4,W.Robinson,NYG,12.6,15.1,WR
3692,00-0038117,2024_05_NYG_SEA,5,W.Robinson,NYG,13.0,10.01,WR
3693,00-0038117,2024_06_CIN_NYG,6,W.Robinson,NYG,7.5,11.22,WR
3694,00-0038117,2024_07_PHI_NYG,7,W.Robinson,NYG,5.3,8.39,WR
3695,00-0038117,2024_08_NYG_PIT,8,W.Robinson,NYG,5.5,4.46,WR
3696,00-0038117,2024_09_WAS_NYG,9,W.Robinson,NYG,2.5,3.81,WR
3697,00-0038117,2024_10_NYG_CAR,10,W.Robinson,NYG,7.6,8.79,WR
3698,00-0038117,2024_12_TB_NYG,12,W.Robinson,NYG,7.2,5.47,WR
3699,00-0038117,2024_13_NYG_DAL,13,W.Robinson,NYG,1.6,1.85,WR
3700,00-0038117,2024_14_NO_NYG,14,W.Robinson,NYG,5.8,13.03,WR
3701,00-0038117,2024_15_BAL_NYG,15,W.Robinson,NYG,5.8,12.09,WR
3702,00-0038117,2024_16_NYG_ATL,16,W.Robinson,NYG,9.7,12.88,WR
3703,00-0038117,2024_17_IND_NYG,17,W.Robinson,NYG,15.6,7.96,WR
3704,00-0038117,2024_18_NYG_PHI,18,W.Robinson,NYG,9.3,10.35,WR
3705,00-0038120,2024_01_NYJ_SF,1,B.Hall,NYJ,17.8,16.96,RB
3706,00-0038120,2024_02_NYJ_TEN,2,B.Hall,NYJ,20.9,15.64,RB
3707,00-0038120,2024_03_NE_NYJ,3,B.Hall,NYJ,16.3,15.98,RB
3708,00-0038120,2024_04_DEN_NYJ,4,B.Hall,NYJ,2.8,15.48,RB
3709,00-0038120,2024_05_NYJ_MIN,5,B.Hall,NYJ,5.2,8.28,RB
3710,00-0038120,2024_06_BUF_NYJ,6,B.Hall,NYJ,19.4,17.05,RB
3711,00-0038120,2024_07_NYJ_PIT,7,B.Hall,NYJ,23.1,16.01,RB
3712,00-0038120,2024_08_NYJ_NE,8,B.Hall,NYJ,9.4,12.99,RB
3713,00-0038120,2024_09_HOU_NYJ,9,B.Hall,NYJ,9.5,10.99,RB
3714,00-0038120,2024_10_NYJ_ARI,10,B.Hall,NYJ,10.3,9.15,RB
3715,00-0038120,2024_11_IND_NYJ,11,B.Hall,NYJ,27.6,14.31,RB
3716,00-0038120,2024_13_SEA_NYJ,13,B.Hall,NYJ,7.0,9.02,RB
3717,00-0038120,2024_15_NYJ_JAX,15,B.Hall,NYJ,12.1,9.27,RB
3718,00-0038120,2024_16_LA_NYJ,16,B.Hall,NYJ,11.5,15.15,RB
3719,00-0038120,2024_17_NYJ_BUF,17,B.Hall,NYJ,5.8,5.94,RB
3720,00-0038120,2024_18_MIA_NYJ,18,B.Hall,NYJ,16.7,13.26,RB
3721,00-0038122,2024_09_LV_CIN,9,D.Ridder,LV,7.16,7.48,QB
3722,00-0038122,2024_12_DEN_LV,12,D.Ridder,LV,2.86,6.91,QB
3723,00-0038122,2024_14_LV_TB,14,D.Ridder,LV,4.34,8.87,QB
3724,00-0038122,2024_15_ATL_LV,15,D.Ridder,LV,15.12,20.07,QB
3725,00-0038122,2024_18_LAC_LV,18,D.Ridder,LV,0.44,1.53,QB
3727,00-0038124,2024_01_GB_PHI,1,C.Watson,GB,8.8,10.98,WR
3728,00-0038124,2024_03_GB_TEN,3,C.Watson,GB,7.7,3.88,WR
3729,00-0038124,2024_04_MIN_GB,4,C.Watson,GB,0.0,1.43,WR
3730,00-0038124,2024_06_ARI_GB,6,C.Watson,GB,14.3,7.1,WR
3731,00-0038124,2024_07_HOU_GB,7,C.Watson,GB,1.0,3.17,WR
3732,00-0038124,2024_08_GB_JAX,8,C.Watson,GB,5.9,8.97,WR
3733,00-0038124,2024_09_DET_GB,9,C.Watson,GB,7.2,12.63,WR
3734,00-0038124,2024_11_GB_CHI,11,C.Watson,GB,17.0,6.97,WR
3735,00-0038124,2024_12_SF_GB,12,C.Watson,GB,0.4,5.74,WR
3736,00-0038124,2024_13_MIA_GB,13,C.Watson,GB,7.7,6.59,WR
3737,00-0038124,2024_14_GB_DET,14,C.Watson,GB,13.4,9.09,WR
3738,00-0038124,2024_15_GB_SEA,15,C.Watson,GB,7.1,7.89,WR
3739,00-0038124,2024_16_NO_GB,16,C.Watson,GB,2.3,2.91,WR
3740,00-0038124,2024_18_CHI_GB,18,C.Watson,GB,0.0,0.98,WR
3741,00-0038128,2024_01_GB_PHI,1,M.Willis,GB,0.0,0.51,QB
3742,00-0038128,2024_02_IND_GB,2,M.Willis,GB,12.98,9.02,QB
3743,00-0038128,2024_03_GB_TEN,3,M.Willis,GB,25.38,15.56,QB
3744,00-0038128,2024_08_GB_JAX,8,M.Willis,GB,8.74,4.31,QB
3745,00-0038128,2024_16_NO_GB,16,M.Willis,GB,1.36,1.55,QB
3746,00-0038128,2024_18_CHI_GB,18,M.Willis,GB,5.74,7.73,QB
3747,00-0038129,2024_01_WAS_TB,1,C.Otton,TB,1.0,1.96,TE
3748,00-0038129,2024_02_TB_DET,2,C.Otton,TB,-0.4,4.65,TE
3749,00-0038129,2024_03_DEN_TB,3,C.Otton,TB,8.2,7.85,TE
3750,00-0038129,2024_04_PHI_TB,4,C.Otton,TB,8.2,9.43,TE
3751,00-0038129,2024_05_TB_ATL,5,C.Otton,TB,5.9,3.81,TE
3752,00-0038129,2024_06_TB_NO,6,C.Otton,TB,8.5,8.41,TE
3753,00-0038129,2024_07_BAL_TB,7,C.Otton,TB,14.0,12.84,TE
3754,00-0038129,2024_08_ATL_TB,8,C.Otton,TB,24.6,14.36,TE
3755,00-0038129,2024_09_TB_KC,9,C.Otton,TB,17.7,15.34,TE
3756,00-0038129,2024_10_SF_TB,10,C.Otton,TB,6.0,8.88,TE
3757,00-0038129,2024_12_TB_NYG,12,C.Otton,TB,3.5,3.75,TE
3758,00-0038129,2024_13_TB_CAR,13,C.Otton,TB,4.0,8.65,TE
3759,00-0038129,2024_14_LV_TB,14,C.Otton,TB,8.5,5.92,TE
3760,00-0038129,2024_15_TB_LAC,15,C.Otton,TB,3.4,3.86,TE
3761,00-0038129,2024_19_WAS_TB,19,C.Otton,TB,4.2,1.96,TE
3762,00-0038134,2024_01_DEN_SEA,1,K.Walker,SEA,17.9,13.77,RB
3763,00-0038134,2024_04_SEA_DET,4,K.Walker,SEA,31.6,16.64,RB
3764,00-0038134,2024_05_NYG_SEA,5,K.Walker,SEA,11.1,10.01,RB
3765,00-0038134,2024_06_SF_SEA,6,K.Walker,SEA,16.9,19.37,RB
3766,00-0038134,2024_07_SEA_ATL,7,K.Walker,SEA,22.3,9.36,RB
3767,00-0038134,2024_08_BUF_SEA,8,K.Walker,SEA,6.5,14.02,RB
3768,00-0038134,2024_09_LA_SEA,9,K.Walker,SEA,12.2,15.91,RB
3769,00-0038134,2024_11_SEA_SF,11,K.Walker,SEA,12.9,13.04,RB
3770,00-0038134,2024_12_ARI_SEA,12,K.Walker,SEA,11.3,13.33,RB
3771,00-0038134,2024_13_SEA_NYJ,13,K.Walker,SEA,5.6,14.99,RB
3772,00-0038134,2024_16_MIN_SEA,16,K.Walker,SEA,9.9,13.48,RB
3773,00-0038359,2024_05_GB_LA,5,X.Smith,LA,1.6,1.85,WR
3774,00-0038359,2024_07_LV_LA,7,X.Smith,LA,3.0,0.99,WR
3775,00-0038359,2024_18_SEA_LA,18,X.Smith,LA,0.6,0.99,WR
3776,00-0038393,2024_01_GB_PHI,1,D.Wicks,GB,0.0,3.57,WR
3777,00-0038393,2024_02_IND_GB,2,D.Wicks,GB,10.1,4.89,WR
3778,00-0038393,2024_03_GB_TEN,3,D.Wicks,GB,0.0,3.88,WR
3779,00-0038393,2024_04_MIN_GB,4,D.Wicks,GB,22.3,20.3,WR
3780,00-0038393,2024_05_GB_LA,5,D.Wicks,GB,3.0,8.25,WR
3781,00-0038393,2024_06_ARI_GB,6,D.Wicks,GB,1.4,5.57,WR
3782,00-0038393,2024_07_HOU_GB,7,D.Wicks,GB,12.3,8.11,WR
3783,00-0038393,2024_08_GB_JAX,8,D.Wicks,GB,2.1,1.96,WR
3784,00-0038393,2024_09_DET_GB,9,D.Wicks,GB,0.0,5.44,WR
3785,00-0038393,2024_11_GB_CHI,11,D.Wicks,GB,0.0,0.98,WR
3786,00-0038393,2024_12_SF_GB,12,D.Wicks,GB,3.0,3.49,WR
3787,00-0038393,2024_13_MIA_GB,13,D.Wicks,GB,5.0,6.47,WR
3788,00-0038393,2024_14_GB_DET,14,D.Wicks,GB,6.9,6.54,WR
3789,00-0038393,2024_15_GB_SEA,15,D.Wicks,GB,2.4,1.85,WR
3790,00-0038393,2024_16_NO_GB,16,D.Wicks,GB,8.8,11.46,WR
3791,00-0038393,2024_17_GB_MIN,17,D.Wicks,GB,6.3,6.87,WR
3792,00-0038393,2024_18_CHI_GB,18,D.Wicks,GB,7.4,7.6,WR
3793,00-0038393,2024_19_GB_PHI,19,D.Wicks,GB,4.9,8.94,WR
3794,00-0038394,2024_05_IND_JAX,5,W.Mallory,IND,1.2,0.98,TE
3795,00-0038394,2024_06_IND_TEN,6,W.Mallory,IND,0.0,1.47,TE
3796,00-0038394,2024_07_MIA_IND,7,W.Mallory,IND,1.0,0.98,TE
3797,00-0038394,2024_08_IND_HOU,8,W.Mallory,IND,0.0,2.52,TE
3798,00-0038394,2024_10_BUF_IND,10,W.Mallory,IND,1.5,0.98,TE
3799,00-0038394,2024_13_IND_NE,13,W.Mallory,IND,1.2,0.98,TE
3800,00-0038394,2024_15_IND_DEN,15,W.Mallory,IND,0.0,1.47,TE
3801,00-0038396,2024_01_MIN_NYG,1,E.Gray,NYG,2.0,1.86,RB
3802,00-0038396,2024_03_NYG_CLE,3,E.Gray,NYG,0.0,0.49,RB
3803,00-0038396,2024_04_DAL_NYG,4,E.Gray,NYG,0.1,0.49,RB
3804,00-0038396,2024_05_NYG_SEA,5,E.Gray,NYG,11.9,12.18,RB
3805,00-0038396,2024_06_CIN_NYG,6,E.Gray,NYG,1.3,1.48,RB
3806,00-0038396,2024_07_PHI_NYG,7,E.Gray,NYG,1.4,1.36,RB
3807,00-0038396,2024_08_NYG_PIT,8,E.Gray,NYG,0.8,0.87,RB
3808,00-0038396,2024_12_TB_NYG,12,E.Gray,NYG,1.6,2.34,RB
3809,00-0038396,2024_16_NYG_ATL,16,E.Gray,NYG,0.7,0.98,RB
3810,00-0038396,2024_18_NYG_PHI,18,E.Gray,NYG,1.5,1.36,RB
3811,00-0038400,2024_17_DAL_PHI,17,T.McKee,PHI,10.16,3.57,QB
3812,00-0038400,2024_18_NYG_PHI,18,T.McKee,PHI,18.96,16.35,QB
3813,00-0038416,2024_14_CHI_SF,14,T.Bagent,CHI,0.24,0.26,QB
3814,00-0038416,2024_15_CHI_MIN,15,T.Bagent,CHI,0.2,0.26,QB
3815,00-0038454,2024_17_BAL_HOU,17,K.Mitchell,BAL,5.3,6.29,RB
3816,00-0038454,2024_18_CLE_BAL,18,K.Mitchell,BAL,1.0,1.97,RB
3817,00-0038465,2024_04_MIN_GB,4,M.Heath,GB,2.2,1.96,WR
3818,00-0038465,2024_05_GB_LA,5,M.Heath,GB,2.4,2.83,WR
3819,00-0038465,2024_12_SF_GB,12,M.Heath,GB,8.5,4.24,WR
3820,00-0038465,2024_17_GB_MIN,17,M.Heath,GB,6.8,3.27,WR
3821,00-0038465,2024_18_CHI_GB,18,M.Heath,GB,6.8,5.65,WR
3822,00-0038465,2024_19_GB_PHI,19,M.Heath,GB,0.0,5.6,WR
3823,00-0038476,2024_12_TB_NYG,12,T.DeVito,NYG,10.86,16.15,QB
3824,00-0038476,2024_15_BAL_NYG,15,T.DeVito,NYG,2.72,5.65,QB
3826,00-0038496,2024_01_NYJ_SF,1,X.Gipson,NYJ,0.0,1.51,WR
3827,00-0038496,2024_03_NE_NYJ,3,X.Gipson,NYJ,2.6,1.85,WR
3828,00-0038496,2024_04_DEN_NYJ,4,X.Gipson,NYJ,1.1,4.8,WR
3829,00-0038496,2024_08_NYJ_NE,8,X.Gipson,NYJ,6.6,3.34,WR
3830,00-0038496,2024_10_NYJ_ARI,10,X.Gipson,NYJ,0.0,1.49,WR
3831,00-0038496,2024_11_IND_NYJ,11,X.Gipson,NYJ,2.2,1.47,WR
3832,00-0038496,2024_13_SEA_NYJ,13,X.Gipson,NYJ,0.4,0.87,WR
3833,00-0038496,2024_18_MIA_NYJ,18,X.Gipson,NYJ,0.5,0.49,WR
3838,00-0038519,2024_18_KC_DEN,18,N.Remigio,KC,5.8,7.45,WR
3839,00-0038542,2024_01_PIT_ATL,1,B.Robinson,ATL,13.6,13.71,RB
3840,00-0038542,2024_02_ATL_PHI,2,B.Robinson,ATL,14.2,13.36,RB
3841,00-0038542,2024_03_KC_ATL,3,B.Robinson,ATL,12.2,12.78,RB
3842,00-0038542,2024_04_NO_ATL,4,B.Robinson,ATL,9.4,7.15,RB
3843,00-0038542,2024_05_TB_ATL,5,B.Robinson,ATL,9.2,8.79,RB
3844,00-0038542,2024_06_ATL_CAR,6,B.Robinson,ATL,24.0,13.05,RB
3845,00-0038542,2024_07_SEA_ATL,7,B.Robinson,ATL,21.8,17.07,RB
3846,00-0038542,2024_08_ATL_TB,8,B.Robinson,ATL,20.1,13.48,RB
3847,00-0038542,2024_09_DAL_ATL,9,B.Robinson,ATL,18.0,16.15,RB
3848,00-0038542,2024_10_ATL_NO,10,B.Robinson,ATL,27.9,17.53,RB
3849,00-0038542,2024_11_ATL_DEN,11,B.Robinson,ATL,8.3,9.86,RB
3850,00-0038542,2024_13_LAC_ATL,13,B.Robinson,ATL,22.5,23.26,RB
3851,00-0038542,2024_14_ATL_MIN,14,B.Robinson,ATL,19.1,18.58,RB
3852,00-0038542,2024_15_ATL_LV,15,B.Robinson,ATL,14.0,12.81,RB
3853,00-0038542,2024_16_NYG_ATL,16,B.Robinson,ATL,23.3,16.81,RB
3854,00-0038542,2024_17_ATL_WAS,17,B.Robinson,ATL,23.3,22.86,RB
3855,00-0038542,2024_18_CAR_ATL,18,B.Robinson,ATL,30.3,26.87,RB
3856,00-0038543,2024_01_DEN_SEA,1,J.Smith-Njigba,SEA,2.9,1.96,WR
3857,00-0038543,2024_02_SEA_NE,2,J.Smith-Njigba,SEA,17.7,18.57,WR
3858,00-0038543,2024_03_MIA_SEA,3,J.Smith-Njigba,SEA,5.4,2.94,WR
3859,00-0038543,2024_04_SEA_DET,4,J.Smith-Njigba,SEA,9.1,15.49,WR
3860,00-0038543,2024_05_NYG_SEA,5,J.Smith-Njigba,SEA,11.1,8.48,WR
3861,00-0038543,2024_06_SF_SEA,6,J.Smith-Njigba,SEA,7.8,12.93,WR
3862,00-0038543,2024_07_SEA_ATL,7,J.Smith-Njigba,SEA,3.8,7.28,WR
3863,00-0038543,2024_08_BUF_SEA,8,J.Smith-Njigba,SEA,9.9,7.78,WR
3864,00-0038543,2024_09_LA_SEA,9,J.Smith-Njigba,SEA,33.5,20.38,WR
3865,00-0038543,2024_11_SEA_SF,11,J.Smith-Njigba,SEA,16.8,12.84,WR
3866,00-0038543,2024_12_ARI_SEA,12,J.Smith-Njigba,SEA,16.7,8.57,WR
3867,00-0038543,2024_13_SEA_NYJ,13,J.Smith-Njigba,SEA,9.9,5.79,WR
3868,00-0038543,2024_14_SEA_ARI,14,J.Smith-Njigba,SEA,17.1,7.5,WR
3869,00-0038543,2024_15_GB_SEA,15,J.Smith-Njigba,SEA,13.3,12.48,WR
3870,00-0038543,2024_16_MIN_SEA,16,J.Smith-Njigba,SEA,20.0,14.76,WR
3871,00-0038543,2024_17_SEA_CHI,17,J.Smith-Njigba,SEA,4.7,6.71,WR
3872,00-0038543,2024_18_SEA_LA,18,J.Smith-Njigba,SEA,3.3,6.58,WR
3873,00-0038544,2024_01_LV_LAC,1,Q.Johnston,LAC,5.3,5.84,WR
3874,00-0038544,2024_02_LAC_CAR,2,Q.Johnston,LAC,19.6,10.15,WR
3875,00-0038544,2024_03_LAC_PIT,3,Q.Johnston,LAC,11.4,2.45,WR
3876,00-0038544,2024_04_KC_LAC,4,Q.Johnston,LAC,1.8,6.27,WR
3877,00-0038544,2024_06_LAC_DEN,6,Q.Johnston,LAC,3.7,4.23,WR
3878,00-0038544,2024_09_LAC_CLE,9,Q.Johnston,LAC,20.0,6.54,WR
3879,00-0038544,2024_10_TEN_LAC,10,Q.Johnston,LAC,9.4,3.46,WR
3880,00-0038544,2024_11_CIN_LAC,11,Q.Johnston,LAC,11.8,13.11,WR
3881,00-0038544,2024_12_BAL_LAC,12,Q.Johnston,LAC,0.0,6.11,WR
3882,00-0038544,2024_13_LAC_ATL,13,Q.Johnston,LAC,2.2,5.26,WR
3883,00-0038544,2024_14_LAC_KC,14,Q.Johnston,LAC,13.3,10.23,WR
3884,00-0038544,2024_15_TB_LAC,15,Q.Johnston,LAC,13.0,12.33,WR
3885,00-0038544,2024_16_DEN_LAC,16,Q.Johnston,LAC,3.3,6.27,WR
3886,00-0038544,2024_17_LAC_NE,17,Q.Johnston,LAC,7.3,11.38,WR
3887,00-0038544,2024_18_LAC_LV,18,Q.Johnston,LAC,25.1,16.64,WR
3888,00-0038544,2024_19_LAC_HOU,19,Q.Johnston,LAC,0.0,6.46,WR
3889,00-0038547,2024_02_NO_DAL,2,L.Schoonmaker,DAL,7.3,5.67,TE
3890,00-0038547,2024_03_BAL_DAL,3,L.Schoonmaker,DAL,1.0,3.29,TE
3891,00-0038547,2024_05_DAL_PIT,5,L.Schoonmaker,DAL,1.3,1.85,TE
3892,00-0038547,2024_10_PHI_DAL,10,L.Schoonmaker,DAL,0.0,0.98,TE
3893,00-0038547,2024_11_HOU_DAL,11,L.Schoonmaker,DAL,8.6,11.88,TE
3894,00-0038547,2024_12_DAL_WAS,12,L.Schoonmaker,DAL,13.0,5.11,TE
3895,00-0038547,2024_13_NYG_DAL,13,L.Schoonmaker,DAL,5.8,5.67,TE
3896,00-0038547,2024_14_CIN_DAL,14,L.Schoonmaker,DAL,3.2,1.96,TE
3897,00-0038547,2024_16_TB_DAL,16,L.Schoonmaker,DAL,0.8,0.98,TE
3898,00-0038547,2024_18_WAS_DAL,18,L.Schoonmaker,DAL,2.6,1.96,TE
3899,00-0038550,2024_06_DET_DAL,6,H.Hooker,DET,0.76,0.77,QB
3900,00-0038550,2024_08_TEN_DET,8,H.Hooker,DET,0.24,1.16,QB
3901,00-0038550,2024_11_JAX_DET,11,H.Hooker,DET,1.98,2.76,QB
3902,00-0038551,2024_07_DEN_NO,7,K.Miller,NO,4.7,5.79,RB
3903,00-0038551,2024_08_NO_LAC,8,K.Miller,NO,1.6,1.48,RB
3904,00-0038551,2024_14_NO_NYG,14,K.Miller,NO,9.2,6.45,RB
3905,00-0038551,2024_15_WAS_NO,15,K.Miller,NO,4.6,5.31,RB
3906,00-0038551,2024_16_NO_GB,16,K.Miller,NO,4.1,5.91,RB
3907,00-0038551,2024_17_LV_NO,17,K.Miller,NO,2.4,2.35,RB
3908,00-0038555,2024_01_JAX_MIA,1,T.Bigsby,JAX,7.3,5.92,RB
3909,00-0038555,2024_03_JAX_BUF,3,T.Bigsby,JAX,0.9,0.99,RB
3910,00-0038555,2024_04_JAX_HOU,4,T.Bigsby,JAX,9.0,7.25,RB
3911,00-0038555,2024_05_IND_JAX,5,T.Bigsby,JAX,25.4,9.48,RB
3912,00-0038555,2024_06_JAX_CHI,6,T.Bigsby,JAX,2.4,3.46,RB
3913,00-0038555,2024_07_NE_JAX,7,T.Bigsby,JAX,23.8,22.43,RB
3914,00-0038555,2024_08_GB_JAX,8,T.Bigsby,JAX,9.6,13.49,RB
3915,00-0038555,2024_09_JAX_PHI,9,T.Bigsby,JAX,2.2,3.94,RB
3916,00-0038555,2024_10_MIN_JAX,10,T.Bigsby,JAX,0.4,0.99,RB
3917,00-0038555,2024_13_HOU_JAX,13,T.Bigsby,JAX,4.0,4.32,RB
3918,00-0038555,2024_14_JAX_TEN,14,T.Bigsby,JAX,12.7,11.35,RB
3919,00-0038555,2024_15_NYJ_JAX,15,T.Bigsby,JAX,4.2,6.78,RB
3920,00-0038555,2024_16_JAX_LV,16,T.Bigsby,JAX,10.6,12.91,RB
3921,00-0038555,2024_17_TEN_JAX,17,T.Bigsby,JAX,3.3,6.9,RB
3922,00-0038555,2024_18_JAX_IND,18,T.Bigsby,JAX,10.7,14.24,RB
3923,00-0038558,2024_01_PIT_ATL,1,D.Washington,PIT,1.0,0.98,TE
3924,00-0038558,2024_02_PIT_DEN,2,D.Washington,PIT,7.0,2.59,TE
3925,00-0038558,2024_04_PIT_IND,4,D.Washington,PIT,4.1,1.85,TE
3926,00-0038558,2024_05_DAL_PIT,5,D.Washington,PIT,1.0,2.46,TE
3927,00-0038558,2024_06_PIT_LV,6,D.Washington,PIT,1.4,0.98,TE
3928,00-0038558,2024_07_NYJ_PIT,7,D.Washington,PIT,5.6,3.93,TE
3929,00-0038558,2024_08_NYG_PIT,8,D.Washington,PIT,3.4,1.55,TE
3930,00-0038558,2024_10_PIT_WAS,10,D.Washington,PIT,1.1,2.72,TE
3931,00-0038558,2024_11_BAL_PIT,11,D.Washington,PIT,5.2,6.15,TE
3932,00-0038558,2024_12_PIT_CLE,12,D.Washington,PIT,2.9,2.83,TE
3933,00-0038558,2024_13_PIT_CIN,13,D.Washington,PIT,1.5,0.87,TE
3934,00-0038558,2024_14_CLE_PIT,14,D.Washington,PIT,0.0,0.98,TE
3935,00-0038558,2024_17_KC_PIT,17,D.Washington,PIT,1.3,0.98,TE
3936,00-0038558,2024_19_PIT_BAL,19,D.Washington,PIT,1.4,2.94,TE
3937,00-0038559,2024_01_ARI_BUF,1,Mi.Wilson,ARI,7.0,3.77,WR
3938,00-0038559,2024_02_LA_ARI,2,Mi.Wilson,ARI,4.1,2.94,WR
3939,00-0038559,2024_03_DET_ARI,3,Mi.Wilson,ARI,10.4,10.35,WR
3940,00-0038559,2024_04_WAS_ARI,4,Mi.Wilson,ARI,5.3,8.45,WR
3941,00-0038559,2024_05_ARI_SF,5,Mi.Wilson,ARI,10.3,7.38,WR
3942,00-0038559,2024_06_ARI_GB,6,Mi.Wilson,ARI,9.1,6.52,WR
3943,00-0038559,2024_07_LAC_ARI,7,Mi.Wilson,ARI,2.0,3.59,WR
3944,00-0038559,2024_08_ARI_MIA,8,Mi.Wilson,ARI,11.6,8.25,WR
3945,00-0038559,2024_09_CHI_ARI,9,Mi.Wilson,ARI,0.0,2.52,WR
3946,00-0038559,2024_10_NYJ_ARI,10,Mi.Wilson,ARI,3.9,4.68,WR
3947,00-0038559,2024_12_ARI_SEA,12,Mi.Wilson,ARI,6.4,6.64,WR
3948,00-0038559,2024_13_ARI_MIN,13,Mi.Wilson,ARI,8.0,8.57,WR
3949,00-0038559,2024_14_SEA_ARI,14,Mi.Wilson,ARI,12.7,3.46,WR
3950,00-0038559,2024_15_NE_ARI,15,Mi.Wilson,ARI,1.9,1.96,WR
3951,00-0038559,2024_16_ARI_CAR,16,Mi.Wilson,ARI,5.4,6.55,WR
3952,00-0038559,2024_17_ARI_LA,17,Mi.Wilson,ARI,4.9,8.83,WR
3953,00-0038563,2024_01_LV_LAC,1,T.Tucker,LV,3.2,3.48,WR
3954,00-0038563,2024_02_LV_BAL,2,T.Tucker,LV,2.3,1.74,WR
3955,00-0038563,2024_03_CAR_LV,3,T.Tucker,LV,19.1,10.97,WR
3956,00-0038563,2024_04_CLE_LV,4,T.Tucker,LV,12.9,8.26,WR
3957,00-0038563,2024_05_LV_DEN,5,T.Tucker,LV,3.6,7.36,WR
3958,00-0038563,2024_06_PIT_LV,6,T.Tucker,LV,0.0,2.94,WR
3959,00-0038563,2024_07_LV_LA,7,T.Tucker,LV,6.2,9.33,WR
3960,00-0038563,2024_08_KC_LV,8,T.Tucker,LV,4.3,3.93,WR
3961,00-0038563,2024_09_LV_CIN,9,T.Tucker,LV,1.5,7.09,WR
3962,00-0038563,2024_11_LV_MIA,11,T.Tucker,LV,5.0,4.76,WR
3963,00-0038563,2024_12_DEN_LV,12,T.Tucker,LV,11.7,9.27,WR
3964,00-0038563,2024_13_LV_KC,13,T.Tucker,LV,13.4,1.98,WR
3965,00-0038563,2024_14_LV_TB,14,T.Tucker,LV,1.7,5.79,WR
3966,00-0038563,2024_15_ATL_LV,15,T.Tucker,LV,2.8,3.44,WR
3967,00-0038563,2024_16_JAX_LV,16,T.Tucker,LV,4.3,5.56,WR
3968,00-0038563,2024_17_LV_NO,17,T.Tucker,LV,9.9,12.14,WR
3969,00-0038563,2024_18_LAC_LV,18,T.Tucker,LV,3.9,4.49,WR
3970,00-0038573,2024_01_LV_LAC,1,D.Davis,LAC,0.9,0.99,WR
3971,00-0038573,2024_03_LAC_PIT,3,D.Davis,LAC,0.8,0.49,WR
3972,00-0038573,2024_06_LAC_DEN,6,D.Davis,LAC,2.7,3.34,WR
3973,00-0038573,2024_10_TEN_LAC,10,D.Davis,LAC,2.8,1.36,WR
3974,00-0038573,2024_11_CIN_LAC,11,D.Davis,LAC,2.5,2.23,WR
3975,00-0038573,2024_12_BAL_LAC,12,D.Davis,LAC,1.4,1.74,WR
3976,00-0038573,2024_13_LAC_ATL,13,D.Davis,LAC,1.1,1.36,WR
3977,00-0038573,2024_14_LAC_KC,14,D.Davis,LAC,1.1,4.71,WR
3978,00-0038573,2024_16_DEN_LAC,16,D.Davis,LAC,9.8,3.79,WR
3979,00-0038573,2024_17_LAC_NE,17,D.Davis,LAC,9.6,4.03,WR
3980,00-0038573,2024_18_LAC_LV,18,D.Davis,LAC,0.9,1.95,WR
3981,00-0038573,2024_19_LAC_HOU,19,D.Davis,LAC,0.6,1.36,WR
3982,00-0038576,2024_01_NE_CIN,1,C.Jones,CIN,1.0,0.98,WR
3983,00-0038579,2024_03_CAR_LV,3,A.O'Connell,LV,7.28,5.64,QB
3984,00-0038579,2024_05_LV_DEN,5,A.O'Connell,LV,3.76,7.27,QB
3985,00-0038579,2024_06_PIT_LV,6,A.O'Connell,LV,13.08,15.95,QB
3986,00-0038579,2024_07_LV_LA,7,A.O'Connell,LV,2.08,3.3,QB
3987,00-0038579,2024_13_LV_KC,13,A.O'Connell,LV,20.6,15.03,QB
3988,00-0038579,2024_14_LV_TB,14,A.O'Connell,LV,9.86,14.02,QB
3989,00-0038579,2024_16_JAX_LV,16,A.O'Connell,LV,12.38,18.31,QB
3990,00-0038579,2024_17_LV_NO,17,A.O'Connell,LV,17.78,17.74,QB
3991,00-0038579,2024_18_LAC_LV,18,A.O'Connell,LV,17.96,16.69,QB
3992,00-0038582,2024_02_LA_ARI,2,C.Tune,ARI,-1.6,0.68,QB
3993,00-0038582,2024_07_LAC_ARI,7,C.Tune,ARI,0.2,1.48,QB
3994,00-0038582,2024_15_NE_ARI,15,C.Tune,ARI,0.32,0.51,QB
3995,00-0038582,2024_18_SF_ARI,18,C.Tune,ARI,0.2,0.49,QB
3996,00-0038583,2024_07_CIN_CLE,7,D.Thompson-Robinson,CLE,7.88,9.88,QB
3997,00-0038583,2024_11_CLE_NO,11,D.Thompson-Robinson,CLE,0.0,0.26,QB
3998,00-0038583,2024_15_KC_CLE,15,D.Thompson-Robinson,CLE,2.32,5.12,QB
3999,00-0038583,2024_16_CLE_CIN,16,D.Thompson-Robinson,CLE,11.18,19.62,QB
4000,00-0038583,2024_17_MIA_CLE,17,D.Thompson-Robinson,CLE,7.8,21.55,QB
4001,00-0038583,2024_18_CLE_BAL,18,D.Thompson-Robinson,CLE,0.82,2.37,QB
4002,00-0038589,2024_02_NYJ_TEN,2,J.Whyle,TEN,2.3,1.96,TE
4003,00-0038589,2024_03_GB_TEN,3,J.Whyle,TEN,6.3,6.01,TE
4004,00-0038589,2024_04_TEN_MIA,4,J.Whyle,TEN,1.0,0.98,TE
4005,00-0038589,2024_06_IND_TEN,6,J.Whyle,TEN,0.7,0.98,TE
4006,00-0038589,2024_07_TEN_BUF,7,J.Whyle,TEN,4.9,3.7,TE
4007,00-0038589,2024_08_TEN_DET,8,J.Whyle,TEN,4.3,1.85,TE
4008,00-0038589,2024_09_NE_TEN,9,J.Whyle,TEN,1.7,1.74,TE
4009,00-0038589,2024_10_TEN_LAC,10,J.Whyle,TEN,0.0,2.23,TE
4010,00-0038589,2024_11_MIN_TEN,11,J.Whyle,TEN,1.1,0.98,TE
4011,00-0038589,2024_13_TEN_WAS,13,J.Whyle,TEN,0.8,3.33,TE
4012,00-0038589,2024_14_JAX_TEN,14,J.Whyle,TEN,4.1,1.85,TE
4013,00-0038589,2024_15_CIN_TEN,15,J.Whyle,TEN,12.2,6.03,TE
4014,00-0038589,2024_17_TEN_JAX,17,J.Whyle,TEN,0.0,1.47,TE
4015,00-0038589,2024_18_HOU_TEN,18,J.Whyle,TEN,7.4,8.76,TE
4016,00-0038597,2024_01_NE_CIN,1,C.Brown,CIN,3.8,4.59,RB
4017,00-0038597,2024_02_CIN_KC,2,C.Brown,CIN,3.1,1.97,RB
4018,00-0038597,2024_03_WAS_CIN,3,C.Brown,CIN,7.9,6.17,RB
4019,00-0038597,2024_04_CIN_CAR,4,C.Brown,CIN,22.2,16.16,RB
4020,00-0038597,2024_05_BAL_CIN,5,C.Brown,CIN,14.9,12.88,RB
4021,00-0038597,2024_06_CIN_NYG,6,C.Brown,CIN,13.4,7.65,RB
4022,00-0038597,2024_07_CIN_CLE,7,C.Brown,CIN,6.3,9.25,RB
4023,00-0038597,2024_08_PHI_CIN,8,C.Brown,CIN,10.4,11.75,RB
4024,00-0038597,2024_09_LV_CIN,9,C.Brown,CIN,24.2,25.9,RB
4025,00-0038597,2024_10_CIN_BAL,10,C.Brown,CIN,18.9,20.01,RB
4026,00-0038597,2024_11_CIN_LAC,11,C.Brown,CIN,16.8,23.45,RB
4027,00-0038597,2024_13_PIT_CIN,13,C.Brown,CIN,17.5,14.5,RB
4028,00-0038597,2024_14_CIN_DAL,14,C.Brown,CIN,21.3,17.01,RB
4029,00-0038597,2024_15_CIN_TEN,15,C.Brown,CIN,24.8,20.58,RB
4030,00-0038597,2024_16_CLE_CIN,16,C.Brown,CIN,12.4,17.21,RB
4031,00-0038597,2024_17_DEN_CIN,17,C.Brown,CIN,11.1,18.41,RB
4032,00-0038606,2024_01_JAX_MIA,1,P.Washington,JAX,0.8,0.87,WR
4033,00-0038606,2024_02_CLE_JAX,2,P.Washington,JAX,0.0,0.87,WR
4034,00-0038606,2024_03_JAX_BUF,3,P.Washington,JAX,2.8,4.16,WR
4035,00-0038606,2024_08_GB_JAX,8,P.Washington,JAX,6.1,6.18,WR
4036,00-0038606,2024_09_JAX_PHI,9,P.Washington,JAX,5.6,8.07,WR
4037,00-0038606,2024_11_JAX_DET,11,P.Washington,JAX,1.5,3.87,WR
4038,00-0038606,2024_13_HOU_JAX,13,P.Washington,JAX,21.3,17.45,WR
4039,00-0038606,2024_14_JAX_TEN,14,P.Washington,JAX,2.5,1.96,WR
4040,00-0038606,2024_15_NYJ_JAX,15,P.Washington,JAX,6.9,9.35,WR
4041,00-0038606,2024_16_JAX_LV,16,P.Washington,JAX,8.4,6.43,WR
4042,00-0038606,2024_17_TEN_JAX,17,P.Washington,JAX,10.6,5.34,WR
4043,00-0038606,2024_18_JAX_IND,18,P.Washington,JAX,8.5,5.03,WR
4044,00-0038608,2024_03_NE_NYJ,3,K.Boutte,NE,0.7,1.96,WR
4045,00-0038608,2024_04_NE_SF,4,K.Boutte,NE,1.6,0.98,WR
4046,00-0038608,2024_05_MIA_NE,5,K.Boutte,NE,4.4,2.52,WR
4047,00-0038608,2024_06_HOU_NE,6,K.Boutte,NE,13.4,3.88,WR
4048,00-0038608,2024_07_NE_JAX,7,K.Boutte,NE,3.8,2.95,WR
4049,00-0038608,2024_08_NYJ_NE,8,K.Boutte,NE,6.1,7.66,WR
4050,00-0038608,2024_09_NE_TEN,9,K.Boutte,NE,2.8,8.1,WR
4051,00-0038608,2024_10_NE_CHI,10,K.Boutte,NE,6.7,7.36,WR
4052,00-0038608,2024_11_LA_NE,11,K.Boutte,NE,5.3,6.39,WR
4053,00-0038608,2024_12_NE_MIA,12,K.Boutte,NE,1.1,5.39,WR
4054,00-0038608,2024_13_IND_NE,13,K.Boutte,NE,7.6,9.2,WR
4055,00-0038608,2024_15_NE_ARI,15,K.Boutte,NE,2.9,6.23,WR
4056,00-0038608,2024_16_NE_BUF,16,K.Boutte,NE,18.0,8.84,WR
4057,00-0038608,2024_17_LAC_NE,17,K.Boutte,NE,4.8,5.4,WR
4058,00-0038608,2024_18_BUF_NE,18,K.Boutte,NE,21.2,8.17,WR
4059,00-0038611,2024_09_WAS_NYG,9,C.Rodriguez,WAS,5.2,9.55,RB
4060,00-0038611,2024_10_PIT_WAS,10,C.Rodriguez,WAS,0.4,0.99,RB
4061,00-0038611,2024_13_TEN_WAS,13,C.Rodriguez,WAS,15.4,7.27,RB
4062,00-0038611,2024_15_WAS_NO,15,C.Rodriguez,WAS,0.2,0.49,RB
4063,00-0038611,2024_16_PHI_WAS,16,C.Rodriguez,WAS,0.5,1.48,RB
4064,00-0038611,2024_17_ATL_WAS,17,C.Rodriguez,WAS,9.3,6.71,RB
4070,00-0038618,2024_01_HOU_IND,1,X.Hutchinson,HOU,0.8,0.98,WR
4071,00-0038618,2024_02_CHI_HOU,2,X.Hutchinson,HOU,0.0,0.98,WR
4072,00-0038618,2024_03_HOU_MIN,3,X.Hutchinson,HOU,0.0,0.87,WR
4073,00-0038618,2024_05_BUF_HOU,5,X.Hutchinson,HOU,4.1,4.35,WR
4074,00-0038618,2024_06_HOU_NE,6,X.Hutchinson,HOU,0.0,1.96,WR
4075,00-0038618,2024_07_HOU_GB,7,X.Hutchinson,HOU,1.6,1.06,WR
4076,00-0038618,2024_08_IND_HOU,8,X.Hutchinson,HOU,2.4,1.52,WR
4077,00-0038618,2024_09_HOU_NYJ,9,X.Hutchinson,HOU,0.0,6.02,WR
4078,00-0038618,2024_10_DET_HOU,10,X.Hutchinson,HOU,1.6,4.31,WR
4079,00-0038618,2024_12_TEN_HOU,12,X.Hutchinson,HOU,0.0,0.98,WR
4080,00-0038618,2024_15_MIA_HOU,15,X.Hutchinson,HOU,1.8,1.43,WR
4081,00-0038618,2024_16_HOU_KC,16,X.Hutchinson,HOU,1.3,0.98,WR
4082,00-0038618,2024_17_BAL_HOU,17,X.Hutchinson,HOU,3.1,4.9,WR
4083,00-0038618,2024_18_HOU_TEN,18,X.Hutchinson,HOU,1.0,3.84,WR
4084,00-0038618,2024_19_LAC_HOU,19,X.Hutchinson,HOU,3.9,1.47,WR
4085,00-0038619,2024_01_NE_CIN,1,A.Iosivas,CIN,4.1,6.44,WR
4086,00-0038619,2024_02_CIN_KC,2,A.Iosivas,CIN,13.7,6.97,WR
4087,00-0038619,2024_03_WAS_CIN,3,A.Iosivas,CIN,13.7,13.22,WR
4088,00-0038619,2024_04_CIN_CAR,4,A.Iosivas,CIN,3.4,1.75,WR
4089,00-0038619,2024_05_BAL_CIN,5,A.Iosivas,CIN,4.4,2.93,WR
4090,00-0038619,2024_06_CIN_NYG,6,A.Iosivas,CIN,4.6,5.54,WR
4091,00-0038619,2024_07_CIN_CLE,7,A.Iosivas,CIN,0.0,1.92,WR
4092,00-0038619,2024_08_PHI_CIN,8,A.Iosivas,CIN,0.0,4.77,WR
4093,00-0038619,2024_09_LV_CIN,9,A.Iosivas,CIN,7.5,7.06,WR
4094,00-0038619,2024_10_CIN_BAL,10,A.Iosivas,CIN,3.9,6.63,WR
4095,00-0038619,2024_11_CIN_LAC,11,A.Iosivas,CIN,6.1,4.14,WR
4096,00-0038619,2024_13_PIT_CIN,13,A.Iosivas,CIN,11.0,7.97,WR
4097,00-0038619,2024_14_CIN_DAL,14,A.Iosivas,CIN,6.1,5.82,WR
4098,00-0038619,2024_15_CIN_TEN,15,A.Iosivas,CIN,1.0,4.21,WR
4099,00-0038619,2024_16_CLE_CIN,16,A.Iosivas,CIN,12.8,6.61,WR
4100,00-0038619,2024_17_DEN_CIN,17,A.Iosivas,CIN,7.4,6.4,WR
4101,00-0038619,2024_18_CIN_PIT,18,A.Iosivas,CIN,2.2,3.58,WR
4102,00-0038621,2024_01_NE_CIN,1,D.Douglas,NE,2.2,2.94,WR
4103,00-0038621,2024_03_NE_NYJ,3,D.Douglas,NE,11.3,9.75,WR
4104,00-0038621,2024_04_NE_SF,4,D.Douglas,NE,2.8,2.83,WR
4105,00-0038621,2024_05_MIA_NE,5,D.Douglas,NE,8.9,10.16,WR
4106,00-0038621,2024_06_HOU_NE,6,D.Douglas,NE,18.2,10.12,WR
4107,00-0038621,2024_07_NE_JAX,7,D.Douglas,NE,2.4,2.83,WR
4108,00-0038621,2024_08_NYJ_NE,8,D.Douglas,NE,2.2,2.9,WR
4109,00-0038621,2024_09_NE_TEN,9,D.Douglas,NE,7.0,9.4,WR
4110,00-0038621,2024_10_NE_CHI,10,D.Douglas,NE,7.0,4.68,WR
4111,00-0038621,2024_11_LA_NE,11,D.Douglas,NE,7.9,6.27,WR
4112,00-0038621,2024_12_NE_MIA,12,D.Douglas,NE,8.8,7.52,WR
4113,00-0038621,2024_13_IND_NE,13,D.Douglas,NE,4.0,3.81,WR
4114,00-0038621,2024_15_NE_ARI,15,D.Douglas,NE,8.6,4.49,WR
4115,00-0038621,2024_16_NE_BUF,16,D.Douglas,NE,5.9,7.07,WR
4116,00-0038621,2024_17_LAC_NE,17,D.Douglas,NE,12.6,5.8,WR
4117,00-0038621,2024_18_BUF_NE,18,D.Douglas,NE,4.9,5.72,WR
4118,00-0038622,2024_01_DAL_CLE,1,D.Vaughn,DAL,0.4,0.49,RB
4119,00-0038622,2024_02_NO_DAL,2,D.Vaughn,DAL,2.2,2.85,RB
4120,00-0038622,2024_03_BAL_DAL,3,D.Vaughn,DAL,1.8,2.84,RB
4121,00-0038622,2024_11_HOU_DAL,11,D.Vaughn,DAL,2.2,3.82,RB
4122,00-0038622,2024_18_WAS_DAL,18,D.Vaughn,DAL,3.7,3.82,RB
4123,00-0038636,2024_03_MIA_SEA,3,K.McIntosh,SEA,1.1,1.48,RB
4124,00-0038636,2024_07_SEA_ATL,7,K.McIntosh,SEA,0.5,0.49,RB
4125,00-0038636,2024_14_SEA_ARI,14,K.McIntosh,SEA,5.5,5.3,RB
4126,00-0038636,2024_15_GB_SEA,15,K.McIntosh,SEA,0.9,1.48,RB
4127,00-0038636,2024_16_MIN_SEA,16,K.McIntosh,SEA,3.4,2.46,RB
4128,00-0038636,2024_17_SEA_CHI,17,K.McIntosh,SEA,4.6,3.45,RB
4129,00-0038636,2024_18_SEA_LA,18,K.McIntosh,SEA,4.9,4.49,RB
4130,00-0038640,2024_01_DAL_CLE,1,J.Brooks,DAL,2.3,0.98,WR
4131,00-0038640,2024_02_NO_DAL,2,J.Brooks,DAL,1.5,3.93,WR
4132,00-0038640,2024_03_BAL_DAL,3,J.Brooks,DAL,2.9,2.94,WR
4133,00-0038640,2024_05_DAL_PIT,5,J.Brooks,DAL,1.5,1.05,WR
4134,00-0038640,2024_06_DET_DAL,6,J.Brooks,DAL,2.0,8.25,WR
4135,00-0038640,2024_08_DAL_SF,8,J.Brooks,DAL,0.0,1.47,WR
4136,00-0038640,2024_09_DAL_ATL,9,J.Brooks,DAL,3.6,7.75,WR
4137,00-0038640,2024_10_PHI_DAL,10,J.Brooks,DAL,0.9,5.39,WR
4138,00-0038640,2024_12_DAL_WAS,12,J.Brooks,DAL,4.6,3.94,WR
4139,00-0038640,2024_13_NYG_DAL,13,J.Brooks,DAL,0.5,0.87,WR
4140,00-0038640,2024_15_DAL_CAR,15,J.Brooks,DAL,8.2,2.38,WR
4141,00-0038640,2024_17_DAL_PHI,17,J.Brooks,DAL,1.7,1.14,WR
4142,00-0038643,2024_18_SF_ARI,18,B.Willis,SF,0.0,1.96,TE
4143,00-0038647,2024_03_SF_LA,3,R.Bell,SF,1.7,4.84,WR
4144,00-0038647,2024_07_KC_SF,7,R.Bell,SF,1.5,3.21,WR
4145,00-0038647,2024_08_DAL_SF,8,R.Bell,SF,0.0,0.87,WR
4146,00-0038678,2024_01_CAR_NO,1,J.Mims,NO,1.1,1.97,RB
4147,00-0038678,2024_06_TB_NO,6,J.Mims,NO,2.8,4.08,RB
4148,00-0038678,2024_09_NO_CAR,9,J.Mims,NO,4.3,3.45,RB
4149,00-0038678,2024_10_ATL_NO,10,J.Mims,NO,1.9,2.98,RB
4150,00-0038678,2024_11_CLE_NO,11,J.Mims,NO,0.3,0.99,RB
4151,00-0038678,2024_16_NO_GB,16,J.Mims,NO,5.7,9.64,RB
4152,00-0038678,2024_18_NO_TB,18,J.Mims,NO,4.0,3.6,RB
4153,00-0038679,2024_17_NYJ_BUF,17,T.Shavers,BUF,13.4,0.87,WR
4166,00-0038705,2024_01_ARI_BUF,1,E.Demercado,ARI,3.6,1.88,RB
4167,00-0038705,2024_02_LA_ARI,2,E.Demercado,ARI,4.6,0.99,RB
4168,00-0038705,2024_03_DET_ARI,3,E.Demercado,ARI,0.7,0.99,RB
4169,00-0038705,2024_04_WAS_ARI,4,E.Demercado,ARI,2.9,2.84,RB
4170,00-0038705,2024_05_ARI_SF,5,E.Demercado,ARI,0.5,0.87,RB
4171,00-0038705,2024_06_ARI_GB,6,E.Demercado,ARI,8.9,8.84,RB
4172,00-0038705,2024_07_LAC_ARI,7,E.Demercado,ARI,1.4,0.49,RB
4173,00-0038705,2024_08_ARI_MIA,8,E.Demercado,ARI,0.0,1.7,RB
4174,00-0038705,2024_09_CHI_ARI,9,E.Demercado,ARI,15.0,3.71,RB
4175,00-0038705,2024_10_NYJ_ARI,10,E.Demercado,ARI,2.2,1.48,RB
4176,00-0038705,2024_12_ARI_SEA,12,E.Demercado,ARI,1.4,0.49,RB
4177,00-0038705,2024_13_ARI_MIN,13,E.Demercado,ARI,2.0,3.33,RB
4178,00-0038705,2024_14_SEA_ARI,14,E.Demercado,ARI,3.5,3.7,RB
4186,00-0038720,2024_01_JAX_MIA,1,J.Hill,MIA,1.1,0.98,TE
4187,00-0038720,2024_02_BUF_MIA,2,J.Hill,MIA,0.0,4.28,TE
4188,00-0038720,2024_03_MIA_SEA,3,J.Hill,MIA,3.4,1.96,TE
4189,00-0038720,2024_05_MIA_NE,5,J.Hill,MIA,0.0,1.51,TE
4190,00-0038720,2024_07_MIA_IND,7,J.Hill,MIA,0.9,2.12,TE
4191,00-0038720,2024_08_ARI_MIA,8,J.Hill,MIA,2.6,3.48,TE
4192,00-0038720,2024_10_MIA_LA,10,J.Hill,MIA,0.0,0.98,TE
4193,00-0038720,2024_11_LV_MIA,11,J.Hill,MIA,3.8,3.44,TE
4194,00-0038720,2024_12_NE_MIA,12,J.Hill,MIA,1.3,1.96,TE
4195,00-0038720,2024_13_MIA_GB,13,J.Hill,MIA,1.0,0.98,TE
4196,00-0038720,2024_14_NYJ_MIA,14,J.Hill,MIA,1.9,0.98,TE
4197,00-0038720,2024_18_MIA_NYJ,18,J.Hill,MIA,0.0,0.87,TE
4198,00-0038738,2024_01_DAL_CLE,1,H.Luepke,DAL,2.8,1.74,RB
4199,00-0038738,2024_03_BAL_DAL,3,H.Luepke,DAL,5.1,3.44,RB
4200,00-0038738,2024_04_DAL_NYG,4,H.Luepke,DAL,3.2,2.95,RB
4201,00-0038738,2024_05_DAL_PIT,5,H.Luepke,DAL,2.9,1.86,RB
4202,00-0038738,2024_08_DAL_SF,8,H.Luepke,DAL,0.0,0.49,RB
4203,00-0038738,2024_09_DAL_ATL,9,H.Luepke,DAL,1.9,2.34,RB
4204,00-0038738,2024_10_PHI_DAL,10,H.Luepke,DAL,0.0,0.98,RB
4205,00-0038738,2024_12_DAL_WAS,12,H.Luepke,DAL,1.5,0.98,RB
4206,00-0038738,2024_13_NYG_DAL,13,H.Luepke,DAL,0.4,1.95,RB
4207,00-0038738,2024_14_CIN_DAL,14,H.Luepke,DAL,1.0,0.98,RB
4208,00-0038738,2024_16_TB_DAL,16,H.Luepke,DAL,0.0,1.96,RB
4209,00-0038738,2024_17_DAL_PHI,17,H.Luepke,DAL,0.6,0.98,RB
4210,00-0038738,2024_18_WAS_DAL,18,H.Luepke,DAL,1.5,4.17,RB
4211,00-0038752,2024_02_SEA_NE,2,J.Bobo,SEA,2.5,1.96,WR
4212,00-0038752,2024_04_SEA_DET,4,J.Bobo,SEA,4.5,5.08,WR
4213,00-0038752,2024_05_NYG_SEA,5,J.Bobo,SEA,0.8,0.98,WR
4214,00-0038752,2024_06_SF_SEA,6,J.Bobo,SEA,2.8,4.91,WR
4215,00-0038752,2024_07_SEA_ATL,7,J.Bobo,SEA,0.0,1.43,WR
4216,00-0038752,2024_08_BUF_SEA,8,J.Bobo,SEA,2.0,1.14,WR
4217,00-0038752,2024_09_LA_SEA,9,J.Bobo,SEA,0.0,1.47,WR
4218,00-0038752,2024_12_ARI_SEA,12,J.Bobo,SEA,1.3,0.98,WR
4219,00-0038752,2024_15_GB_SEA,15,J.Bobo,SEA,1.3,0.98,WR
4220,00-0038752,2024_16_MIN_SEA,16,J.Bobo,SEA,1.1,0.98,WR
4221,00-0038752,2024_18_SEA_LA,18,J.Bobo,SEA,6.9,2.55,WR
4222,00-0038783,2024_02_PIT_DEN,2,N.Adkins,DEN,0.0,1.47,TE
4223,00-0038783,2024_03_DEN_TB,3,N.Adkins,DEN,1.1,0.98,TE
4224,00-0038783,2024_04_DEN_NYJ,4,N.Adkins,DEN,0.5,0.87,TE
4225,00-0038783,2024_05_LV_DEN,5,N.Adkins,DEN,1.3,0.98,TE
4226,00-0038783,2024_06_LAC_DEN,6,N.Adkins,DEN,1.0,0.98,TE
4227,00-0038783,2024_08_CAR_DEN,8,N.Adkins,DEN,6.8,2.92,TE
4228,00-0038783,2024_11_ATL_DEN,11,N.Adkins,DEN,7.7,1.13,TE
4229,00-0038783,2024_13_CLE_DEN,13,N.Adkins,DEN,2.1,0.98,TE
4230,00-0038783,2024_15_IND_DEN,15,N.Adkins,DEN,8.0,0.98,TE
4231,00-0038783,2024_16_DEN_LAC,16,N.Adkins,DEN,2.8,1.96,TE
4232,00-0038783,2024_17_DEN_CIN,17,N.Adkins,DEN,1.2,0.87,TE
4233,00-0038783,2024_18_KC_DEN,18,N.Adkins,DEN,4.0,2.94,TE
4234,00-0038794,2024_01_DEN_SEA,1,J.McLaughlin,DEN,5.3,9.43,RB
4235,00-0038794,2024_02_PIT_DEN,2,J.McLaughlin,DEN,0.6,1.48,RB
4236,00-0038794,2024_03_DEN_TB,3,J.McLaughlin,DEN,7.9,8.46,RB
4237,00-0038794,2024_04_DEN_NYJ,4,J.McLaughlin,DEN,5.1,5.71,RB
4238,00-0038794,2024_05_LV_DEN,5,J.McLaughlin,DEN,10.0,7.08,RB
4239,00-0038794,2024_06_LAC_DEN,6,J.McLaughlin,DEN,3.5,3.33,RB
4240,00-0038794,2024_07_DEN_NO,7,J.McLaughlin,DEN,3.5,1.97,RB
4241,00-0038794,2024_08_CAR_DEN,8,J.McLaughlin,DEN,12.1,5.59,RB
4242,00-0038794,2024_09_DEN_BAL,9,J.McLaughlin,DEN,3.5,5.38,RB
4243,00-0038794,2024_10_DEN_KC,10,J.McLaughlin,DEN,1.2,0.99,RB
4244,00-0038794,2024_11_ATL_DEN,11,J.McLaughlin,DEN,1.9,1.97,RB
4245,00-0038794,2024_12_DEN_LV,12,J.McLaughlin,DEN,4.4,4.32,RB
4246,00-0038794,2024_13_CLE_DEN,13,J.McLaughlin,DEN,8.9,11.74,RB
4247,00-0038794,2024_15_IND_DEN,15,J.McLaughlin,DEN,4.9,6.34,RB
4248,00-0038794,2024_17_DEN_CIN,17,J.McLaughlin,DEN,8.6,7.15,RB
4249,00-0038794,2024_18_KC_DEN,18,J.McLaughlin,DEN,5.8,10.6,RB
4250,00-0038794,2024_19_DEN_BUF,19,J.McLaughlin,DEN,0.3,1.86,RB
4251,00-0038797,2024_01_GB_PHI,1,Em.Wilson,GB,5.8,4.69,RB
4252,00-0038797,2024_02_IND_GB,2,Em.Wilson,GB,0.9,2.47,RB
4253,00-0038797,2024_03_GB_TEN,3,Em.Wilson,GB,15.5,7.85,RB
4254,00-0038797,2024_04_MIN_GB,4,Em.Wilson,GB,2.7,4.81,RB
4255,00-0038797,2024_05_GB_LA,5,Em.Wilson,GB,2.0,3.99,RB
4256,00-0038797,2024_06_ARI_GB,6,Em.Wilson,GB,7.8,5.19,RB
4257,00-0038797,2024_07_HOU_GB,7,Em.Wilson,GB,1.1,2.47,RB
4258,00-0038797,2024_08_GB_JAX,8,Em.Wilson,GB,1.3,3.88,RB
4259,00-0038797,2024_09_DET_GB,9,Em.Wilson,GB,9.4,4.79,RB
4260,00-0038797,2024_11_GB_CHI,11,Em.Wilson,GB,1.7,0.99,RB
4261,00-0038797,2024_12_SF_GB,12,Em.Wilson,GB,4.1,4.98,RB
4262,00-0038797,2024_13_MIA_GB,13,Em.Wilson,GB,2.0,0.99,RB
4263,00-0038797,2024_14_GB_DET,14,Em.Wilson,GB,0.7,0.49,RB
4264,00-0038797,2024_15_GB_SEA,15,Em.Wilson,GB,0.9,1.48,RB
4265,00-0038797,2024_16_NO_GB,16,Em.Wilson,GB,12.1,12.2,RB
4266,00-0038797,2024_17_GB_MIN,17,Em.Wilson,GB,8.9,7.5,RB
4267,00-0038797,2024_18_CHI_GB,18,Em.Wilson,GB,13.6,7.77,RB
4268,00-0038797,2024_19_GB_PHI,19,Em.Wilson,GB,3.4,4.96,RB
4269,00-0038809,2024_06_ARI_GB,6,B.Sims,GB,4.8,2.73,TE
4270,00-0038809,2024_07_HOU_GB,7,B.Sims,GB,0.7,0.98,TE
4271,00-0038809,2024_08_GB_JAX,8,B.Sims,GB,0.0,2.7,TE
4272,00-0038809,2024_14_GB_DET,14,B.Sims,GB,0.7,1.62,TE
4273,00-0038821,2024_08_ATL_TB,8,R.Jarrett,TB,7.3,5.24,WR
4274,00-0038821,2024_09_TB_KC,9,R.Jarrett,TB,1.4,0.98,WR
4275,00-0038821,2024_10_SF_TB,10,R.Jarrett,TB,2.0,6.19,WR
4276,00-0038821,2024_12_TB_NYG,12,R.Jarrett,TB,3.5,1.9,WR
4277,00-0038821,2024_16_TB_DAL,16,R.Jarrett,TB,1.1,0.98,WR
4278,00-0038821,2024_17_CAR_TB,17,R.Jarrett,TB,1.6,0.98,WR
4289,00-0038933,2024_01_ARI_BUF,1,D.Kincaid,BUF,1.6,2.4,TE
4290,00-0038933,2024_02_BUF_MIA,2,D.Kincaid,BUF,5.3,3.48,TE
4291,00-0038933,2024_03_JAX_BUF,3,D.Kincaid,BUF,11.6,9.76,TE
4292,00-0038933,2024_04_BUF_BAL,4,D.Kincaid,BUF,7.2,8.6,TE
4293,00-0038933,2024_05_BUF_HOU,5,D.Kincaid,BUF,4.4,9.06,TE
4294,00-0038933,2024_06_BUF_NYJ,6,D.Kincaid,BUF,8.1,7.61,TE
4295,00-0038933,2024_07_TEN_BUF,7,D.Kincaid,BUF,6.7,8.93,TE
4296,00-0038933,2024_08_BUF_SEA,8,D.Kincaid,BUF,11.1,9.63,TE
4297,00-0038933,2024_09_MIA_BUF,9,D.Kincaid,BUF,5.2,14.79,TE
4298,00-0038933,2024_10_BUF_IND,10,D.Kincaid,BUF,3.4,5.53,TE
4299,00-0038933,2024_15_BUF_DET,15,D.Kincaid,BUF,7.3,10.54,TE
4300,00-0038933,2024_16_NE_BUF,16,D.Kincaid,BUF,3.5,9.56,TE
4301,00-0038933,2024_17_NYJ_BUF,17,D.Kincaid,BUF,3.4,1.85,TE
4302,00-0038933,2024_19_DEN_BUF,19,D.Kincaid,BUF,6.2,3.91,TE
4303,00-0038935,2024_02_CLE_JAX,2,B.Strange,JAX,8.0,8.59,TE
4304,00-0038935,2024_03_JAX_BUF,3,B.Strange,JAX,8.2,6.78,TE
4305,00-0038935,2024_04_JAX_HOU,4,B.Strange,JAX,3.4,2.94,TE
4306,00-0038935,2024_05_IND_JAX,5,B.Strange,JAX,10.4,5.43,TE
4307,00-0038935,2024_06_JAX_CHI,6,B.Strange,JAX,1.6,3.18,TE
4308,00-0038935,2024_08_GB_JAX,8,B.Strange,JAX,8.4,5.4,TE
4309,00-0038935,2024_10_MIN_JAX,10,B.Strange,JAX,3.5,2.83,TE
4310,00-0038935,2024_11_JAX_DET,11,B.Strange,JAX,1.1,0.87,TE
4311,00-0038935,2024_13_HOU_JAX,13,B.Strange,JAX,1.9,3.06,TE
4312,00-0038935,2024_14_JAX_TEN,14,B.Strange,JAX,2.6,1.42,TE
4313,00-0038935,2024_15_NYJ_JAX,15,B.Strange,JAX,12.8,12.31,TE
4314,00-0038935,2024_16_JAX_LV,16,B.Strange,JAX,3.2,3.93,TE
4315,00-0038935,2024_17_TEN_JAX,17,B.Strange,JAX,0.0,0.98,TE
4316,00-0038935,2024_18_JAX_IND,18,B.Strange,JAX,8.0,4.42,TE
4317,00-0038938,2024_01_MIN_NYG,1,J.Hyatt,NYG,0.0,1.47,WR
4318,00-0038938,2024_03_NYG_CLE,3,J.Hyatt,NYG,0.0,1.48,WR
4319,00-0038938,2024_04_DAL_NYG,4,J.Hyatt,NYG,0.0,1.48,WR
4320,00-0038938,2024_06_CIN_NYG,6,J.Hyatt,NYG,1.1,4.91,WR
4321,00-0038938,2024_07_PHI_NYG,7,J.Hyatt,NYG,0.0,1.47,WR
4322,00-0038938,2024_10_NYG_CAR,10,J.Hyatt,NYG,5.9,4.42,WR
4323,00-0038938,2024_13_NYG_DAL,13,J.Hyatt,NYG,1.8,1.85,WR
4324,00-0038938,2024_14_NO_NYG,14,J.Hyatt,NYG,0.0,2.45,WR
4325,00-0038938,2024_16_NYG_ATL,16,J.Hyatt,NYG,1.4,2.46,WR
4326,00-0038938,2024_18_NYG_PHI,18,J.Hyatt,NYG,0.0,1.47,WR
4327,00-0038941,2024_15_CHI_MIN,15,T.Scott,CHI,1.0,0.87,WR
4328,00-0038951,2024_03_DEN_TB,3,S.Tucker,TB,0.4,0.49,RB
4329,00-0038951,2024_04_PHI_TB,4,S.Tucker,TB,2.2,1.36,RB
4330,00-0038951,2024_06_TB_NO,6,S.Tucker,TB,32.7,10.9,RB
4331,00-0038951,2024_07_BAL_TB,7,S.Tucker,TB,4.3,4.32,RB
4332,00-0038951,2024_08_ATL_TB,8,S.Tucker,TB,2.0,1.97,RB
4333,00-0038951,2024_09_TB_KC,9,S.Tucker,TB,2.2,2.35,RB
4334,00-0038951,2024_12_TB_NYG,12,S.Tucker,TB,7.5,9.66,RB
4335,00-0038951,2024_14_LV_TB,14,S.Tucker,TB,4.7,3.33,RB
4336,00-0038951,2024_15_TB_LAC,15,S.Tucker,TB,1.7,3.45,RB
4337,00-0038951,2024_17_CAR_TB,17,S.Tucker,TB,4.9,4.93,RB
4338,00-0038951,2024_18_NO_TB,18,S.Tucker,TB,1.6,0.99,RB
4339,00-0038976,2024_01_DEN_SEA,1,M.Mims,DEN,0.0,1.05,WR
4340,00-0038976,2024_02_PIT_DEN,2,M.Mims,DEN,1.3,2.46,WR
4341,00-0038976,2024_03_DEN_TB,3,M.Mims,DEN,1.4,0.98,WR
4342,00-0038976,2024_05_LV_DEN,5,M.Mims,DEN,2.9,1.36,WR
4343,00-0038976,2024_06_LAC_DEN,6,M.Mims,DEN,0.0,5.93,WR
4344,00-0038976,2024_07_DEN_NO,7,M.Mims,DEN,2.8,3.32,WR
4345,00-0038976,2024_08_CAR_DEN,8,M.Mims,DEN,1.3,2.34,WR
4346,00-0038976,2024_09_DEN_BAL,9,M.Mims,DEN,0.9,2.34,WR
4347,00-0038976,2024_10_DEN_KC,10,M.Mims,DEN,5.0,5.66,WR
4348,00-0038976,2024_11_ATL_DEN,11,M.Mims,DEN,12.3,3.47,WR
4349,00-0038976,2024_12_DEN_LV,12,M.Mims,DEN,5.7,5.33,WR
4350,00-0038976,2024_13_CLE_DEN,13,M.Mims,DEN,18.4,5.2,WR
4351,00-0038976,2024_15_IND_DEN,15,M.Mims,DEN,4.0,3.97,WR
4352,00-0038976,2024_16_DEN_LAC,16,M.Mims,DEN,8.0,7.42,WR
4353,00-0038976,2024_17_DEN_CIN,17,M.Mims,DEN,26.2,10.65,WR
4354,00-0038976,2024_18_KC_DEN,18,M.Mims,DEN,19.6,5.1,WR
4355,00-0038976,2024_19_DEN_BUF,19,M.Mims,DEN,2.3,6.24,WR
4356,00-0038977,2024_01_HOU_IND,1,T.Dell,HOU,7.4,12.62,WR
4357,00-0038977,2024_02_CHI_HOU,2,T.Dell,HOU,1.8,6.93,WR
4358,00-0038977,2024_03_HOU_MIN,3,T.Dell,HOU,8.7,7.28,WR
4359,00-0038977,2024_05_BUF_HOU,5,T.Dell,HOU,5.3,4.96,WR
4360,00-0038977,2024_06_HOU_NE,6,T.Dell,HOU,15.2,13.64,WR
4361,00-0038977,2024_07_HOU_GB,7,T.Dell,HOU,0.0,5.96,WR
4362,00-0038977,2024_08_IND_HOU,8,T.Dell,HOU,11.5,5.75,WR
4363,00-0038977,2024_09_HOU_NYJ,9,T.Dell,HOU,15.6,10.86,WR
4364,00-0038977,2024_10_DET_HOU,10,T.Dell,HOU,5.8,11.14,WR
4365,00-0038977,2024_11_HOU_DAL,11,T.Dell,HOU,7.8,8.73,WR
4366,00-0038977,2024_12_TEN_HOU,12,T.Dell,HOU,8.7,7.37,WR
4367,00-0038977,2024_13_HOU_JAX,13,T.Dell,HOU,2.8,5.92,WR
4368,00-0038977,2024_15_MIA_HOU,15,T.Dell,HOU,5.1,2.95,WR
4369,00-0038977,2024_16_HOU_KC,16,T.Dell,HOU,18.8,10.67,WR
4370,00-0038979,2024_01_DAL_CLE,1,C.Tillman,CLE,0.8,0.98,WR
4371,00-0038979,2024_02_CLE_JAX,2,C.Tillman,CLE,0.7,1.74,WR
4372,00-0038979,2024_03_NYG_CLE,3,C.Tillman,CLE,0.9,2.03,WR
4373,00-0038979,2024_06_CLE_PHI,6,C.Tillman,CLE,-0.5,0.49,WR
4374,00-0038979,2024_07_CIN_CLE,7,C.Tillman,CLE,14.1,15.97,WR
4375,00-0038979,2024_08_BAL_CLE,8,C.Tillman,CLE,25.4,13.28,WR
4376,00-0038979,2024_09_LAC_CLE,9,C.Tillman,CLE,16.5,13.85,WR
4377,00-0038979,2024_11_CLE_NO,11,C.Tillman,CLE,6.2,11.9,WR
4378,00-0038979,2024_12_PIT_CLE,12,C.Tillman,CLE,3.8,4.41,WR
4380,00-0038994,2024_01_MIN_NYG,1,J.Addison,MIN,5.0,6.68,WR
4381,00-0038994,2024_04_MIN_GB,4,J.Addison,MIN,21.4,8.89,WR
4382,00-0038994,2024_05_NYJ_MIN,5,J.Addison,MIN,5.1,10.76,WR
4383,00-0038994,2024_07_DET_MIN,7,J.Addison,MIN,8.1,6.43,WR
4384,00-0038994,2024_08_MIN_LA,8,J.Addison,MIN,3.2,3.98,WR
4385,00-0038994,2024_09_IND_MIN,9,J.Addison,MIN,13.6,7.6,WR
4386,00-0038994,2024_10_MIN_JAX,10,J.Addison,MIN,3.9,6.89,WR
4387,00-0038994,2024_11_MIN_TEN,11,J.Addison,MIN,13.6,11.17,WR
4388,00-0038994,2024_12_MIN_CHI,12,J.Addison,MIN,26.2,13.16,WR
4389,00-0038994,2024_13_ARI_MIN,13,J.Addison,MIN,7.4,10.16,WR
4390,00-0038994,2024_14_ATL_MIN,14,J.Addison,MIN,35.3,16.92,WR
4391,00-0038994,2024_15_CHI_MIN,15,J.Addison,MIN,9.8,10.46,WR
4392,00-0038994,2024_16_MIN_SEA,16,J.Addison,MIN,12.0,11.36,WR
4393,00-0038994,2024_17_GB_MIN,17,J.Addison,MIN,15.9,13.24,WR
4394,00-0038994,2024_18_MIN_DET,18,J.Addison,MIN,0.5,10.83,WR
4395,00-0038996,2024_01_GB_PHI,1,T.Kraft,GB,4.7,2.97,TE
4396,00-0038996,2024_02_IND_GB,2,T.Kraft,GB,2.6,1.85,TE
4397,00-0038996,2024_03_GB_TEN,3,T.Kraft,GB,3.4,2.94,TE
4398,00-0038996,2024_04_MIN_GB,4,T.Kraft,GB,16.3,11.52,TE
4399,00-0038996,2024_05_GB_LA,5,T.Kraft,GB,22.8,5.93,TE
4400,00-0038996,2024_06_ARI_GB,6,T.Kraft,GB,2.5,4.42,TE
4401,00-0038996,2024_07_HOU_GB,7,T.Kraft,GB,10.8,5.73,TE
4402,00-0038996,2024_08_GB_JAX,8,T.Kraft,GB,15.3,4.23,TE
4403,00-0038996,2024_09_DET_GB,9,T.Kraft,GB,5.6,8.48,TE
4404,00-0038996,2024_11_GB_CHI,11,T.Kraft,GB,0.0,1.74,TE
4405,00-0038996,2024_12_SF_GB,12,T.Kraft,GB,9.6,2.4,TE
4406,00-0038996,2024_13_MIA_GB,13,T.Kraft,GB,10.8,6.42,TE
4407,00-0038996,2024_14_GB_DET,14,T.Kraft,GB,11.6,8.86,TE
4408,00-0038996,2024_15_GB_SEA,15,T.Kraft,GB,4.4,2.9,TE
4409,00-0038996,2024_16_NO_GB,16,T.Kraft,GB,8.0,5.15,TE
4410,00-0038996,2024_17_GB_MIN,17,T.Kraft,GB,6.3,3.86,TE
4411,00-0038996,2024_18_CHI_GB,18,T.Kraft,GB,5.6,8.25,TE
4412,00-0038996,2024_19_GB_PHI,19,T.Kraft,GB,6.1,5.67,TE
4413,00-0038997,2024_03_CHI_IND,3,J.Downs,IND,3.7,4.68,WR
4414,00-0038997,2024_04_PIT_IND,4,J.Downs,IND,18.2,11.14,WR
4415,00-0038997,2024_05_IND_JAX,5,J.Downs,IND,11.4,13.11,WR
4416,00-0038997,2024_06_IND_TEN,6,J.Downs,IND,16.0,11.19,WR
4417,00-0038997,2024_07_MIA_IND,7,J.Downs,IND,0.8,4.33,WR
4418,00-0038997,2024_08_IND_HOU,8,J.Downs,IND,18.9,10.52,WR
4419,00-0038997,2024_09_IND_MIN,9,J.Downs,IND,9.0,10.18,WR
4420,00-0038997,2024_10_BUF_IND,10,J.Downs,IND,10.7,12.04,WR
4421,00-0038997,2024_11_IND_NYJ,11,J.Downs,IND,16.9,6.96,WR
4422,00-0038997,2024_12_DET_IND,12,J.Downs,IND,4.2,8.73,WR
4423,00-0038997,2024_15_IND_DEN,15,J.Downs,IND,4.7,8.79,WR
4424,00-0038997,2024_16_TEN_IND,16,J.Downs,IND,13.6,3.59,WR
4425,00-0038997,2024_17_IND_NYG,17,J.Downs,IND,3.7,4.02,WR
4426,00-0038997,2024_18_JAX_IND,18,J.Downs,IND,14.4,14.13,WR
4427,00-0038998,2024_01_CAR_NO,1,J.Haener,NO,0.0,0.26,QB
4428,00-0038998,2024_05_NO_KC,5,J.Haener,NO,1.78,4.14,QB
4429,00-0038998,2024_07_DEN_NO,7,J.Haener,NO,5.52,1.15,QB
4430,00-0038998,2024_08_NO_LAC,8,J.Haener,NO,5.88,10.81,QB
4431,00-0038998,2024_14_NO_NYG,14,J.Haener,NO,0.0,0.26,QB
4432,00-0038998,2024_15_WAS_NO,15,J.Haener,NO,2.66,5.12,QB
4433,00-0039021,2024_03_CHI_IND,3,R.Johnson,CHI,8.2,9.55,RB
4434,00-0039021,2024_04_LA_CHI,4,R.Johnson,CHI,8.6,6.34,RB
4435,00-0039021,2024_05_CAR_CHI,5,R.Johnson,CHI,14.5,10.96,RB
4436,00-0039021,2024_06_JAX_CHI,6,R.Johnson,CHI,4.3,5.19,RB
4437,00-0039021,2024_08_CHI_WAS,8,R.Johnson,CHI,6.6,3.92,RB
4438,00-0039021,2024_09_CHI_ARI,9,R.Johnson,CHI,3.1,4.2,RB
4439,00-0039021,2024_10_NE_CHI,10,R.Johnson,CHI,0.6,2.46,RB
4440,00-0039021,2024_11_GB_CHI,11,R.Johnson,CHI,10.6,11.33,RB
4441,00-0039021,2024_12_MIN_CHI,12,R.Johnson,CHI,7.7,7.38,RB
4442,00-0039021,2024_16_DET_CHI,16,R.Johnson,CHI,0.3,0.49,RB
4443,00-0039021,2024_17_SEA_CHI,17,R.Johnson,CHI,0.5,1.97,RB
4444,00-0039021,2024_18_CHI_GB,18,R.Johnson,CHI,4.4,5.56,RB
4445,00-0039032,2024_01_TEN_CHI,1,T.Spears,TEN,5.2,5.79,RB
4446,00-0039032,2024_02_NYJ_TEN,2,T.Spears,TEN,4.1,4.7,RB
4447,00-0039032,2024_03_GB_TEN,3,T.Spears,TEN,8.1,4.58,RB
4448,00-0039032,2024_04_TEN_MIA,4,T.Spears,TEN,10.9,10.3,RB
4449,00-0039032,2024_06_IND_TEN,6,T.Spears,TEN,2.7,2.96,RB
4450,00-0039032,2024_10_TEN_LAC,10,T.Spears,TEN,6.6,6.17,RB
4451,00-0039032,2024_11_MIN_TEN,11,T.Spears,TEN,1.8,4.31,RB
4452,00-0039032,2024_13_TEN_WAS,13,T.Spears,TEN,0.3,0.49,RB
4453,00-0039032,2024_14_JAX_TEN,14,T.Spears,TEN,2.8,4.7,RB
4454,00-0039032,2024_15_CIN_TEN,15,T.Spears,TEN,24.2,13.09,RB
4455,00-0039032,2024_16_TEN_IND,16,T.Spears,TEN,20.1,12.73,RB
4456,00-0039032,2024_17_TEN_JAX,17,T.Spears,TEN,11.8,13.79,RB
4457,00-0039040,2024_01_JAX_MIA,1,D.Achane,MIA,19.5,14.44,RB
4458,00-0039040,2024_02_BUF_MIA,2,D.Achane,MIA,26.0,19.99,RB
4459,00-0039040,2024_03_MIA_SEA,3,D.Achane,MIA,7.3,15.24,RB
4460,00-0039040,2024_04_TEN_MIA,4,D.Achane,MIA,4.4,10.7,RB
4461,00-0039040,2024_05_MIA_NE,5,D.Achane,MIA,2.2,2.35,RB
4462,00-0039040,2024_07_MIA_IND,7,D.Achane,MIA,9.5,10.23,RB
4463,00-0039040,2024_08_ARI_MIA,8,D.Achane,MIA,23.7,12.52,RB
4464,00-0039040,2024_09_MIA_BUF,9,D.Achane,MIA,28.1,15.23,RB
4465,00-0039040,2024_10_MIA_LA,10,D.Achane,MIA,7.7,10.38,RB
4466,00-0039040,2024_11_LV_MIA,11,D.Achane,MIA,18.5,15.38,RB
4467,00-0039040,2024_12_NE_MIA,12,D.Achane,MIA,19.1,11.25,RB
4468,00-0039040,2024_13_MIA_GB,13,D.Achane,MIA,17.0,15.87,RB
4469,00-0039040,2024_14_NYJ_MIA,14,D.Achane,MIA,15.9,24.72,RB
4470,00-0039040,2024_15_MIA_HOU,15,D.Achane,MIA,11.1,12.37,RB
4471,00-0039040,2024_16_SF_MIA,16,D.Achane,MIA,28.0,16.94,RB
4472,00-0039040,2024_17_MIA_CLE,17,D.Achane,MIA,4.8,6.67,RB
4473,00-0039040,2024_18_MIA_NYJ,18,D.Achane,MIA,18.1,7.28,RB
4474,00-0039041,2024_01_ARI_BUF,1,E.Higgins,ARI,2.2,1.85,TE
4475,00-0039041,2024_02_LA_ARI,2,E.Higgins,ARI,8.3,2.99,TE
4476,00-0039041,2024_03_DET_ARI,3,E.Higgins,ARI,1.6,0.98,TE
4477,00-0039041,2024_04_WAS_ARI,4,E.Higgins,ARI,2.2,2.83,TE
4478,00-0039041,2024_05_ARI_SF,5,E.Higgins,ARI,6.7,3.05,TE
4479,00-0039041,2024_07_LAC_ARI,7,E.Higgins,ARI,0.6,0.87,TE
4480,00-0039041,2024_08_ARI_MIA,8,E.Higgins,ARI,2.3,2.58,TE
4481,00-0039041,2024_09_CHI_ARI,9,E.Higgins,ARI,4.4,2.13,TE
4482,00-0039041,2024_10_NYJ_ARI,10,E.Higgins,ARI,2.3,2.08,TE
4483,00-0039041,2024_12_ARI_SEA,12,E.Higgins,ARI,1.0,1.85,TE
4484,00-0039041,2024_13_ARI_MIN,13,E.Higgins,ARI,3.3,2.5,TE
4485,00-0039041,2024_15_NE_ARI,15,E.Higgins,ARI,1.0,0.98,TE
4486,00-0039041,2024_16_ARI_CAR,16,E.Higgins,ARI,0.0,1.16,TE
4487,00-0039041,2024_17_ARI_LA,17,E.Higgins,ARI,3.3,2.83,TE
4488,00-0039050,2024_03_DEN_TB,3,P.Durham,TB,1.3,0.98,TE
4489,00-0039050,2024_12_TB_NYG,12,P.Durham,TB,3.1,1.9,TE
4490,00-0039050,2024_16_TB_DAL,16,P.Durham,TB,5.4,7.1,TE
4491,00-0039050,2024_17_CAR_TB,17,P.Durham,TB,10.6,6.02,TE
4492,00-0039050,2024_18_NO_TB,18,P.Durham,TB,8.6,3.84,TE
4493,00-0039052,2024_01_WAS_TB,1,T.Palmer,TB,2.4,2.94,WR
4494,00-0039052,2024_03_DEN_TB,3,T.Palmer,TB,0.0,0.98,WR
4495,00-0039052,2024_04_PHI_TB,4,T.Palmer,TB,10.1,4.35,WR
4496,00-0039052,2024_07_BAL_TB,7,T.Palmer,TB,2.1,4.47,WR
4497,00-0039052,2024_08_ATL_TB,8,T.Palmer,TB,3.9,2.73,WR
4498,00-0039052,2024_09_TB_KC,9,T.Palmer,TB,4.3,5.46,WR
4499,00-0039052,2024_10_SF_TB,10,T.Palmer,TB,0.0,1.74,WR
4500,00-0039052,2024_12_TB_NYG,12,T.Palmer,TB,2.3,1.9,WR
4501,00-0039052,2024_13_TB_CAR,13,T.Palmer,TB,0.0,1.75,WR
4502,00-0039052,2024_16_TB_DAL,16,T.Palmer,TB,4.1,6.93,WR
4503,00-0039062,2024_01_CAR_NO,1,J.Mingo,CAR,4.3,5.89,WR
4504,00-0039062,2024_02_LAC_CAR,2,J.Mingo,CAR,0.6,1.85,WR
4505,00-0039062,2024_03_CAR_LV,3,J.Mingo,CAR,3.5,4.69,WR
4506,00-0039062,2024_04_CIN_CAR,4,J.Mingo,CAR,3.9,4.68,WR
4507,00-0039062,2024_05_CAR_CHI,5,J.Mingo,CAR,4.7,6.38,WR
4508,00-0039062,2024_06_ATL_CAR,6,J.Mingo,CAR,0.6,0.87,WR
4509,00-0039062,2024_08_CAR_DEN,8,J.Mingo,CAR,0.0,3.92,WR
4510,00-0039062,2024_09_NO_CAR,9,J.Mingo,CAR,0.0,1.47,WR
4511,00-0039062,2024_11_HOU_DAL,11,J.Mingo,DAL,0.0,6.16,WR
4512,00-0039062,2024_12_DAL_WAS,12,J.Mingo,DAL,1.3,1.96,WR
4513,00-0039062,2024_13_NYG_DAL,13,J.Mingo,DAL,0.7,5.28,WR
4514,00-0039062,2024_14_CIN_DAL,14,J.Mingo,DAL,0.0,1.05,WR
4515,00-0039062,2024_17_DAL_PHI,17,J.Mingo,DAL,1.7,3.59,WR
4516,00-0039062,2024_18_WAS_DAL,18,J.Mingo,DAL,3.4,2.45,WR
4517,00-0039064,2024_01_BAL_KC,1,Z.Flowers,BAL,8.1,12.81,WR
4518,00-0039064,2024_02_LV_BAL,2,Z.Flowers,BAL,18.6,14.34,WR
4519,00-0039064,2024_03_BAL_DAL,3,Z.Flowers,BAL,3.8,4.08,WR
4520,00-0039064,2024_04_BUF_BAL,4,Z.Flowers,BAL,1.5,2.77,WR
4521,00-0039064,2024_05_BAL_CIN,5,Z.Flowers,BAL,15.5,18.38,WR
4522,00-0039064,2024_06_WAS_BAL,6,Z.Flowers,BAL,17.9,11.31,WR
4523,00-0039064,2024_07_BAL_TB,7,Z.Flowers,BAL,3.5,1.36,WR
4524,00-0039064,2024_08_BAL_CLE,8,Z.Flowers,BAL,15.0,20.72,WR
4525,00-0039064,2024_09_DEN_BAL,9,Z.Flowers,BAL,27.2,10.97,WR
4526,00-0039064,2024_10_CIN_BAL,10,Z.Flowers,BAL,5.4,6.53,WR
4527,00-0039064,2024_11_BAL_PIT,11,Z.Flowers,BAL,10.9,10.7,WR
4528,00-0039064,2024_12_BAL_LAC,12,Z.Flowers,BAL,8.7,13.66,WR
4529,00-0039064,2024_13_PHI_BAL,13,Z.Flowers,BAL,8.6,13.21,WR
4530,00-0039064,2024_15_BAL_NYG,15,Z.Flowers,BAL,8.3,8.83,WR
4531,00-0039064,2024_16_PIT_BAL,16,Z.Flowers,BAL,12.8,13.42,WR
4532,00-0039064,2024_17_BAL_HOU,17,Z.Flowers,BAL,4.1,7.97,WR
4533,00-0039064,2024_18_CLE_BAL,18,Z.Flowers,BAL,2.6,2.34,WR
4534,00-0039065,2024_01_LA_DET,1,S.LaPorta,DET,6.5,6.58,TE
4535,00-0039065,2024_02_TB_DET,2,S.LaPorta,DET,2.3,2.83,TE
4536,00-0039065,2024_03_DET_ARI,3,S.LaPorta,DET,4.6,2.46,TE
4537,00-0039065,2024_04_SEA_DET,4,S.LaPorta,DET,7.3,3.59,TE
4538,00-0039065,2024_06_DET_DAL,6,S.LaPorta,DET,11.7,1.92,TE
4539,00-0039065,2024_07_DET_MIN,7,S.LaPorta,DET,3.0,2.81,TE
4540,00-0039065,2024_08_TEN_DET,8,S.LaPorta,DET,13.8,8.56,TE
4541,00-0039065,2024_09_DET_GB,9,S.LaPorta,DET,3.8,3.89,TE
4542,00-0039065,2024_10_DET_HOU,10,S.LaPorta,DET,14.1,9.54,TE
4543,00-0039065,2024_12_DET_IND,12,S.LaPorta,DET,3.4,7.39,TE
4544,00-0039065,2024_13_CHI_DET,13,S.LaPorta,DET,14.1,11.54,TE
4545,00-0039065,2024_14_GB_DET,14,S.LaPorta,DET,7.9,10.42,TE
4546,00-0039065,2024_15_BUF_DET,15,S.LaPorta,DET,14.6,13.61,TE
4547,00-0039065,2024_16_DET_CHI,16,S.LaPorta,DET,12.3,8.62,TE
4548,00-0039065,2024_17_DET_SF,17,S.LaPorta,DET,15.4,12.31,TE
4549,00-0039065,2024_18_MIN_DET,18,S.LaPorta,DET,9.8,7.86,TE
4550,00-0039066,2024_01_LV_LAC,1,M.Mayer,LV,1.3,2.83,TE
4551,00-0039066,2024_02_LV_BAL,2,M.Mayer,LV,1.6,0.98,TE
4552,00-0039066,2024_03_CAR_LV,3,M.Mayer,LV,1.2,3.66,TE
4553,00-0039066,2024_11_LV_MIA,11,M.Mayer,LV,1.0,3.55,TE
4554,00-0039066,2024_12_DEN_LV,12,M.Mayer,LV,2.1,1.96,TE
4555,00-0039066,2024_13_LV_KC,13,M.Mayer,LV,1.0,1.96,TE
4556,00-0039066,2024_14_LV_TB,14,M.Mayer,LV,10.3,9.82,TE
4557,00-0039066,2024_15_ATL_LV,15,M.Mayer,LV,1.6,2.46,TE
4558,00-0039066,2024_16_JAX_LV,16,M.Mayer,LV,0.0,0.98,TE
4559,00-0039066,2024_17_LV_NO,17,M.Mayer,LV,1.9,1.96,TE
4560,00-0039066,2024_18_LAC_LV,18,M.Mayer,LV,4.1,3.81,TE
4561,00-0039067,2024_01_BAL_KC,1,R.Rice,KC,13.8,9.6,WR
4562,00-0039067,2024_02_CIN_KC,2,R.Rice,KC,16.0,6.54,WR
4563,00-0039067,2024_03_KC_ATL,3,R.Rice,KC,23.1,15.38,WR
4564,00-0039074,2024_01_LA_DET,1,D.Allen,LA,0.0,0.98,TE
4565,00-0039074,2024_05_GB_LA,5,D.Allen,LA,0.0,0.87,TE
4566,00-0039074,2024_09_LA_SEA,9,D.Allen,LA,1.0,6.79,TE
4567,00-0039074,2024_10_MIA_LA,10,D.Allen,LA,5.9,5.78,TE
4568,00-0039074,2024_12_PHI_LA,12,D.Allen,LA,0.0,0.87,TE
4569,00-0039074,2024_17_ARI_LA,17,D.Allen,LA,0.0,1.5,TE
4570,00-0039075,2024_01_LA_DET,1,P.Nacua,LA,6.2,4.42,WR
4571,00-0039075,2024_08_MIN_LA,8,P.Nacua,LA,14.6,12.08,WR
4572,00-0039075,2024_09_LA_SEA,9,P.Nacua,LA,1.6,5.69,WR
4573,00-0039075,2024_10_MIA_LA,10,P.Nacua,LA,14.3,16.65,WR
4574,00-0039075,2024_11_LA_NE,11,P.Nacua,LA,21.8,12.29,WR
4575,00-0039075,2024_12_PHI_LA,12,P.Nacua,LA,16.2,15.98,WR
4576,00-0039075,2024_13_LA_NO,13,P.Nacua,LA,14.8,9.26,WR
4577,00-0039075,2024_14_BUF_LA,14,P.Nacua,LA,35.8,23.65,WR
4578,00-0039075,2024_15_LA_SF,15,P.Nacua,LA,14.3,9.68,WR
4579,00-0039075,2024_16_LA_NYJ,16,P.Nacua,LA,9.6,8.59,WR
4580,00-0039075,2024_17_ARI_LA,17,P.Nacua,LA,17.9,16.03,WR
4581,00-0039139,2024_01_LA_DET,1,J.Gibbs,DET,15.4,16.29,RB
4582,00-0039139,2024_02_TB_DET,2,J.Gibbs,DET,14.1,13.44,RB
4583,00-0039139,2024_03_DET_ARI,3,J.Gibbs,DET,8.3,10.2,RB
4584,00-0039139,2024_04_SEA_DET,4,J.Gibbs,DET,19.8,12.5,RB
4585,00-0039139,2024_06_DET_DAL,6,J.Gibbs,DET,10.6,11.86,RB
4586,00-0039139,2024_07_DET_MIN,7,J.Gibbs,DET,30.0,12.0,RB
4587,00-0039139,2024_08_TEN_DET,8,J.Gibbs,DET,19.8,8.77,RB
4588,00-0039139,2024_09_DET_GB,9,J.Gibbs,DET,14.1,9.23,RB
4589,00-0039139,2024_10_DET_HOU,10,J.Gibbs,DET,11.8,11.98,RB
4590,00-0039139,2024_11_JAX_DET,11,J.Gibbs,DET,18.8,11.38,RB
4591,00-0039139,2024_12_DET_IND,12,J.Gibbs,DET,23.4,19.01,RB
4592,00-0039139,2024_13_CHI_DET,13,J.Gibbs,DET,11.4,9.38,RB
4593,00-0039139,2024_14_GB_DET,14,J.Gibbs,DET,16.3,17.37,RB
4594,00-0039139,2024_15_BUF_DET,15,J.Gibbs,DET,23.8,14.11,RB
4595,00-0039139,2024_16_DET_CHI,16,J.Gibbs,DET,23.4,27.4,RB
4596,00-0039139,2024_17_DET_SF,17,J.Gibbs,DET,24.3,13.64,RB
4597,00-0039139,2024_18_MIN_DET,18,J.Gibbs,DET,43.5,18.85,RB
4598,00-0039144,2024_01_GB_PHI,1,L.Musgrave,GB,0.0,3.0,TE
4599,00-0039144,2024_02_IND_GB,2,L.Musgrave,GB,1.1,0.87,TE
4600,00-0039144,2024_03_GB_TEN,3,L.Musgrave,GB,0.8,0.98,TE
4601,00-0039144,2024_04_MIN_GB,4,L.Musgrave,GB,2.8,2.94,TE
4602,00-0039144,2024_16_NO_GB,16,L.Musgrave,GB,0.0,0.98,TE
4603,00-0039144,2024_17_GB_MIN,17,L.Musgrave,GB,0.9,1.6,TE
4604,00-0039144,2024_18_CHI_GB,18,L.Musgrave,GB,2.4,1.84,TE
4605,00-0039146,2024_01_GB_PHI,1,J.Reed,GB,31.1,8.45,WR
4606,00-0039146,2024_02_IND_GB,2,J.Reed,GB,5.6,2.73,WR
4607,00-0039146,2024_03_GB_TEN,3,J.Reed,GB,8.9,7.07,WR
4608,00-0039146,2024_04_MIN_GB,4,J.Reed,GB,23.6,10.12,WR
4609,00-0039146,2024_05_GB_LA,5,J.Reed,GB,11.7,7.76,WR
4610,00-0039146,2024_06_ARI_GB,6,J.Reed,GB,11.8,7.79,WR
4611,00-0039146,2024_07_HOU_GB,7,J.Reed,GB,2.0,4.92,WR
4612,00-0039146,2024_08_GB_JAX,8,J.Reed,GB,6.5,4.78,WR
4613,00-0039146,2024_09_DET_GB,9,J.Reed,GB,13.8,7.84,WR
4614,00-0039146,2024_11_GB_CHI,11,J.Reed,GB,8.8,4.48,WR
4615,00-0039146,2024_12_SF_GB,12,J.Reed,GB,4.1,3.07,WR
4616,00-0039146,2024_13_MIA_GB,13,J.Reed,GB,18.2,9.58,WR
4617,00-0039146,2024_14_GB_DET,14,J.Reed,GB,0.0,0.98,WR
4618,00-0039146,2024_15_GB_SEA,15,J.Reed,GB,8.6,7.37,WR
4619,00-0039146,2024_16_NO_GB,16,J.Reed,GB,9.6,7.75,WR
4620,00-0039146,2024_17_GB_MIN,17,J.Reed,GB,1.1,4.84,WR
4621,00-0039146,2024_18_CHI_GB,18,J.Reed,GB,5.1,6.67,WR
4622,00-0039146,2024_19_GB_PHI,19,J.Reed,GB,6.6,3.93,WR
4623,00-0039150,2024_01_CAR_NO,1,B.Young,CAR,13.64,23.63,QB
4624,00-0039150,2024_02_LAC_CAR,2,B.Young,CAR,3.96,7.99,QB
4625,00-0039150,2024_05_CAR_CHI,5,B.Young,CAR,3.12,4.56,QB
4626,00-0039150,2024_07_CAR_WAS,7,B.Young,CAR,-0.16,0.51,QB
4627,00-0039150,2024_08_CAR_DEN,8,B.Young,CAR,17.56,18.58,QB
4628,00-0039150,2024_09_NO_CAR,9,B.Young,CAR,12.04,15.0,QB
4629,00-0039150,2024_10_NYG_CAR,10,B.Young,CAR,11.04,12.78,QB
4630,00-0039150,2024_12_KC_CAR,12,B.Young,CAR,16.52,23.87,QB
4631,00-0039150,2024_13_TB_CAR,13,B.Young,CAR,23.62,25.97,QB
4632,00-0039150,2024_14_CAR_PHI,14,B.Young,CAR,14.64,20.51,QB
4633,00-0039150,2024_15_DAL_CAR,15,B.Young,CAR,18.96,15.19,QB
4634,00-0039150,2024_16_ARI_CAR,16,B.Young,CAR,27.22,18.98,QB
4635,00-0039150,2024_17_CAR_TB,17,B.Young,CAR,16.92,15.7,QB
4636,00-0039150,2024_18_CAR_ATL,18,B.Young,CAR,36.54,22.65,QB
4637,00-0039152,2024_01_TEN_CHI,1,W.Levis,TEN,12.68,15.35,QB
4638,00-0039152,2024_02_NYJ_TEN,2,W.Levis,TEN,15.48,17.9,QB
4639,00-0039152,2024_03_GB_TEN,3,W.Levis,TEN,19.6,17.66,QB
4640,00-0039152,2024_04_TEN_MIA,4,W.Levis,TEN,1.5,2.64,QB
4641,00-0039152,2024_06_IND_TEN,6,W.Levis,TEN,9.3,13.81,QB
4642,00-0039152,2024_10_TEN_LAC,10,W.Levis,TEN,19.1,14.66,QB
4643,00-0039152,2024_11_MIN_TEN,11,W.Levis,TEN,17.6,19.75,QB
4644,00-0039152,2024_12_TEN_HOU,12,W.Levis,TEN,19.32,13.38,QB
4645,00-0039152,2024_13_TEN_WAS,13,W.Levis,TEN,16.18,17.96,QB
4646,00-0039152,2024_14_JAX_TEN,14,W.Levis,TEN,7.02,18.46,QB
4647,00-0039152,2024_15_CIN_TEN,15,W.Levis,TEN,2.56,4.84,QB
4648,00-0039152,2024_18_HOU_TEN,18,W.Levis,TEN,18.8,11.22,QB
4649,00-0039163,2024_01_HOU_IND,1,C.Stroud,HOU,18.86,19.72,QB
4650,00-0039163,2024_02_CHI_HOU,2,C.Stroud,HOU,14.4,14.45,QB
4651,00-0039163,2024_03_HOU_MIN,3,C.Stroud,HOU,13.8,14.44,QB
4652,00-0039163,2024_04_JAX_HOU,4,C.Stroud,HOU,23.5,25.94,QB
4653,00-0039163,2024_05_BUF_HOU,5,C.Stroud,HOU,19.94,15.88,QB
4654,00-0039163,2024_06_HOU_NE,6,C.Stroud,HOU,20.48,19.9,QB
4655,00-0039163,2024_07_HOU_GB,7,C.Stroud,HOU,5.44,13.33,QB
4656,00-0039163,2024_08_IND_HOU,8,C.Stroud,HOU,13.4,14.5,QB
4657,00-0039163,2024_09_HOU_NYJ,9,C.Stroud,HOU,13.64,28.52,QB
4658,00-0039163,2024_10_DET_HOU,10,C.Stroud,HOU,13.78,18.3,QB
4659,00-0039163,2024_11_HOU_DAL,11,C.Stroud,HOU,12.88,14.44,QB
4660,00-0039163,2024_12_TEN_HOU,12,C.Stroud,HOU,19.68,20.5,QB
4661,00-0039163,2024_13_HOU_JAX,13,C.Stroud,HOU,14.58,15.16,QB
4662,00-0039163,2024_15_MIA_HOU,15,C.Stroud,HOU,12.84,15.68,QB
4663,00-0039163,2024_16_HOU_KC,16,C.Stroud,HOU,20.06,21.09,QB
4664,00-0039163,2024_17_BAL_HOU,17,C.Stroud,HOU,8.1,15.43,QB
4665,00-0039163,2024_18_HOU_TEN,18,C.Stroud,HOU,6.0,3.28,QB
4666,00-0039163,2024_19_LAC_HOU,19,C.Stroud,HOU,18.68,15.98,QB
4667,00-0039164,2024_01_HOU_IND,1,A.Richardson,IND,28.08,15.52,QB
4668,00-0039164,2024_02_IND_GB,2,A.Richardson,IND,15.86,16.88,QB
4669,00-0039164,2024_03_CHI_IND,3,A.Richardson,IND,9.48,14.59,QB
4670,00-0039164,2024_04_PIT_IND,4,A.Richardson,IND,5.24,3.75,QB
4671,00-0039164,2024_07_MIA_IND,7,A.Richardson,IND,9.86,20.84,QB
4672,00-0039164,2024_08_IND_HOU,8,A.Richardson,IND,15.6,19.56,QB
4673,00-0039164,2024_11_IND_NYJ,11,A.Richardson,IND,30.08,23.1,QB
4674,00-0039164,2024_12_DET_IND,12,A.Richardson,IND,13.18,19.44,QB
4675,00-0039164,2024_13_IND_NE,13,A.Richardson,IND,25.26,24.36,QB
4676,00-0039164,2024_15_IND_DEN,15,A.Richardson,IND,16.88,21.7,QB
4677,00-0039164,2024_16_TEN_IND,16,A.Richardson,IND,22.24,11.68,QB
4678,00-0039165,2024_01_DEN_SEA,1,Z.Charbonnet,SEA,11.1,7.15,RB
4679,00-0039165,2024_02_SEA_NE,2,Z.Charbonnet,SEA,15.4,14.16,RB
4680,00-0039165,2024_03_MIA_SEA,3,Z.Charbonnet,SEA,24.2,14.82,RB
4681,00-0039165,2024_04_SEA_DET,4,Z.Charbonnet,SEA,6.3,5.56,RB
4682,00-0039165,2024_05_NYG_SEA,5,Z.Charbonnet,SEA,4.5,5.67,RB
4683,00-0039165,2024_06_SF_SEA,6,Z.Charbonnet,SEA,4.0,3.34,RB
4684,00-0039165,2024_07_SEA_ATL,7,Z.Charbonnet,SEA,1.4,4.32,RB
4685,00-0039165,2024_08_BUF_SEA,8,Z.Charbonnet,SEA,9.9,11.25,RB
4686,00-0039165,2024_09_LA_SEA,9,Z.Charbonnet,SEA,4.3,3.71,RB
4687,00-0039165,2024_11_SEA_SF,11,Z.Charbonnet,SEA,1.5,3.82,RB
4688,00-0039165,2024_12_ARI_SEA,12,Z.Charbonnet,SEA,2.2,7.39,RB
4689,00-0039165,2024_13_SEA_NYJ,13,Z.Charbonnet,SEA,11.1,5.28,RB
4690,00-0039165,2024_14_SEA_ARI,14,Z.Charbonnet,SEA,34.8,25.3,RB
4691,00-0039165,2024_15_GB_SEA,15,Z.Charbonnet,SEA,13.1,7.65,RB
4692,00-0039165,2024_16_MIN_SEA,16,Z.Charbonnet,SEA,2.3,4.11,RB
4693,00-0039165,2024_17_SEA_CHI,17,Z.Charbonnet,SEA,9.1,10.26,RB
4694,00-0039165,2024_18_SEA_LA,18,Z.Charbonnet,SEA,5.9,9.31,RB
4695,00-0039236,2024_01_GB_PHI,1,J.Wilson,PHI,0.0,1.96,WR
4696,00-0039236,2024_02_ATL_PHI,2,J.Wilson,PHI,0.0,2.96,WR
4697,00-0039236,2024_03_PHI_NO,3,J.Wilson,PHI,1.4,2.51,WR
4698,00-0039236,2024_04_PHI_TB,4,J.Wilson,PHI,0.0,1.96,WR
4699,00-0039236,2024_10_PHI_DAL,10,J.Wilson,PHI,7.0,2.71,WR
4700,00-0039236,2024_12_PHI_LA,12,J.Wilson,PHI,0.0,2.7,WR
4701,00-0039236,2024_14_CAR_PHI,14,J.Wilson,PHI,0.0,1.5,WR
4702,00-0039236,2024_15_PIT_PHI,15,J.Wilson,PHI,0.0,0.87,WR
4703,00-0039236,2024_18_NYG_PHI,18,J.Wilson,PHI,3.9,5.67,WR
4704,00-0039244,2024_17_LV_NO,17,C.Collier,LV,0.6,1.48,RB
4705,00-0039244,2024_18_LAC_LV,18,C.Collier,LV,0.7,2.73,RB
4706,00-0039299,2024_14_SEA_ARI,14,G.Holani,SEA,0.4,0.87,RB
4707,00-0039299,2024_15_GB_SEA,15,G.Holani,SEA,1.0,1.48,RB
4709,00-0039325,2024_01_BAL_KC,1,C.Steele,KC,0.3,0.99,RB
4710,00-0039325,2024_02_CIN_KC,2,C.Steele,KC,1.4,6.84,RB
4711,00-0039325,2024_03_KC_ATL,3,C.Steele,KC,7.9,15.95,RB
4712,00-0039325,2024_04_KC_LAC,4,C.Steele,KC,0.1,3.71,RB
4713,00-0039325,2024_05_NO_KC,5,C.Steele,KC,1.2,2.47,RB
4714,00-0039325,2024_07_KC_SF,7,C.Steele,KC,1.7,2.96,RB
4715,00-0039325,2024_08_KC_LV,8,C.Steele,KC,1.9,1.86,RB
4716,00-0039325,2024_09_TB_KC,9,C.Steele,KC,0.9,2.01,RB
4717,00-0039325,2024_10_DEN_KC,10,C.Steele,KC,0.3,0.99,RB
4718,00-0039325,2024_11_KC_BUF,11,C.Steele,KC,1.2,1.37,RB
4719,00-0039325,2024_12_KC_CAR,12,C.Steele,KC,1.8,2.34,RB
4720,00-0039325,2024_18_KC_DEN,18,C.Steele,KC,3.7,5.68,RB
4721,00-0039337,2024_01_MIN_NYG,1,M.Nabers,NYG,9.1,7.69,WR
4722,00-0039337,2024_02_NYG_WAS,2,M.Nabers,NYG,23.7,23.75,WR
4723,00-0039337,2024_03_NYG_CLE,3,M.Nabers,NYG,24.2,18.49,WR
4724,00-0039337,2024_04_DAL_NYG,4,M.Nabers,NYG,17.1,17.53,WR
4725,00-0039337,2024_07_PHI_NYG,7,M.Nabers,NYG,6.1,9.33,WR
4726,00-0039337,2024_08_NYG_PIT,8,M.Nabers,NYG,10.6,18.38,WR
4727,00-0039337,2024_09_WAS_NYG,9,M.Nabers,NYG,10.4,11.5,WR
4728,00-0039337,2024_10_NYG_CAR,10,M.Nabers,NYG,7.8,11.93,WR
4729,00-0039337,2024_12_TB_NYG,12,M.Nabers,NYG,9.4,10.33,WR
4730,00-0039337,2024_13_NYG_DAL,13,M.Nabers,NYG,11.3,13.72,WR
4731,00-0039337,2024_14_NO_NYG,14,M.Nabers,NYG,12.4,13.81,WR
4732,00-0039337,2024_15_BAL_NYG,15,M.Nabers,NYG,19.2,19.77,WR
4733,00-0039337,2024_16_NYG_ATL,16,M.Nabers,NYG,10.3,16.89,WR
4734,00-0039337,2024_17_IND_NYG,17,M.Nabers,NYG,32.6,10.09,WR
4735,00-0039337,2024_18_NYG_PHI,18,M.Nabers,NYG,14.9,9.56,WR
4736,00-0039338,2024_01_LV_LAC,1,B.Bowers,LV,8.8,8.23,TE
4737,00-0039338,2024_02_LV_BAL,2,B.Bowers,LV,14.3,9.55,TE
4738,00-0039338,2024_03_CAR_LV,3,B.Bowers,LV,5.6,3.93,TE
4739,00-0039338,2024_04_CLE_LV,4,B.Bowers,LV,4.1,3.81,TE
4740,00-0039338,2024_05_LV_DEN,5,B.Bowers,LV,19.7,14.21,TE
4741,00-0039338,2024_06_PIT_LV,6,B.Bowers,LV,11.6,9.97,TE
4742,00-0039338,2024_07_LV_LA,7,B.Bowers,LV,14.3,15.67,TE
4743,00-0039338,2024_08_KC_LV,8,B.Bowers,LV,8.3,5.28,TE
4744,00-0039338,2024_09_LV_CIN,9,B.Bowers,LV,13.0,9.14,TE
4745,00-0039338,2024_11_LV_MIA,11,B.Bowers,LV,24.8,16.67,TE
4746,00-0039338,2024_12_DEN_LV,12,B.Bowers,LV,5.8,11.65,TE
4747,00-0039338,2024_13_LV_KC,13,B.Bowers,LV,25.2,16.59,TE
4748,00-0039338,2024_14_LV_TB,14,B.Bowers,LV,6.7,6.22,TE
4749,00-0039338,2024_15_ATL_LV,15,B.Bowers,LV,5.0,6.94,TE
4750,00-0039338,2024_16_JAX_LV,16,B.Bowers,LV,15.4,12.54,TE
4751,00-0039338,2024_17_LV_NO,17,B.Bowers,LV,11.1,7.88,TE
4752,00-0039338,2024_18_LAC_LV,18,B.Bowers,LV,13.0,12.62,TE
4753,00-0039342,2024_01_CAR_NO,1,X.Legette,CAR,5.5,10.14,WR
4754,00-0039342,2024_03_CAR_LV,3,X.Legette,CAR,5.2,4.46,WR
4755,00-0039342,2024_04_CIN_CAR,4,X.Legette,CAR,16.6,13.05,WR
4756,00-0039342,2024_05_CAR_CHI,5,X.Legette,CAR,1.3,0.98,WR
4757,00-0039342,2024_06_ATL_CAR,6,X.Legette,CAR,9.8,5.65,WR
4758,00-0039342,2024_07_CAR_WAS,7,X.Legette,CAR,1.9,3.83,WR
4759,00-0039342,2024_08_CAR_DEN,8,X.Legette,CAR,11.4,10.45,WR
4760,00-0039342,2024_09_NO_CAR,9,X.Legette,CAR,11.9,8.66,WR
4761,00-0039342,2024_10_NYG_CAR,10,X.Legette,CAR,5.5,4.48,WR
4762,00-0039342,2024_12_KC_CAR,12,X.Legette,CAR,7.6,8.0,WR
4763,00-0039342,2024_13_TB_CAR,13,X.Legette,CAR,7.3,12.21,WR
4764,00-0039342,2024_14_CAR_PHI,14,X.Legette,CAR,4.9,9.48,WR
4765,00-0039342,2024_15_DAL_CAR,15,X.Legette,CAR,1.9,3.82,WR
4766,00-0039342,2024_17_CAR_TB,17,X.Legette,CAR,5.3,10.81,WR
4767,00-0039342,2024_18_CAR_ATL,18,X.Legette,CAR,4.5,6.31,WR
4768,00-0039344,2024_12_KC_CAR,12,J.Brooks,CAR,0.7,0.99,RB
4769,00-0039344,2024_13_TB_CAR,13,J.Brooks,CAR,5.6,9.02,RB
4770,00-0039344,2024_14_CAR_PHI,14,J.Brooks,CAR,-0.3,0.49,RB
4771,00-0039355,2024_01_WAS_TB,1,L.McCaffrey,WAS,3.3,4.78,WR
4772,00-0039355,2024_03_WAS_CIN,3,L.McCaffrey,WAS,5.9,3.92,WR
4773,00-0039355,2024_04_WAS_ARI,4,L.McCaffrey,WAS,2.2,1.86,WR
4774,00-0039355,2024_05_CLE_WAS,5,L.McCaffrey,WAS,3.4,2.83,WR
4775,00-0039355,2024_06_WAS_BAL,6,L.McCaffrey,WAS,1.0,1.62,WR
4776,00-0039355,2024_08_CHI_WAS,8,L.McCaffrey,WAS,1.3,3.92,WR
4777,00-0039355,2024_10_PIT_WAS,10,L.McCaffrey,WAS,2.8,5.82,WR
4778,00-0039355,2024_11_WAS_PHI,11,L.McCaffrey,WAS,0.0,0.98,WR
4779,00-0039355,2024_12_DAL_WAS,12,L.McCaffrey,WAS,1.3,0.98,WR
4780,00-0039355,2024_13_TEN_WAS,13,L.McCaffrey,WAS,2.3,1.85,WR
4781,00-0039355,2024_15_WAS_NO,15,L.McCaffrey,WAS,0.5,0.98,WR
4782,00-0039355,2024_16_PHI_WAS,16,L.McCaffrey,WAS,1.8,4.6,WR
4783,00-0039356,2024_01_CAR_NO,1,J.Sanders,CAR,0.9,0.87,TE
4784,00-0039356,2024_02_LAC_CAR,2,J.Sanders,CAR,1.8,1.96,TE
4785,00-0039356,2024_03_CAR_LV,3,J.Sanders,CAR,0.0,0.98,TE
4786,00-0039356,2024_04_CIN_CAR,4,J.Sanders,CAR,2.6,2.44,TE
4787,00-0039356,2024_05_CAR_CHI,5,J.Sanders,CAR,2.8,5.29,TE
4788,00-0039356,2024_06_ATL_CAR,6,J.Sanders,CAR,7.4,7.63,TE
4789,00-0039356,2024_07_CAR_WAS,7,J.Sanders,CAR,9.1,6.05,TE
4790,00-0039356,2024_08_CAR_DEN,8,J.Sanders,CAR,1.2,0.98,TE
4791,00-0039356,2024_09_NO_CAR,9,J.Sanders,CAR,10.7,5.88,TE
4792,00-0039356,2024_10_NYG_CAR,10,J.Sanders,CAR,7.8,3.87,TE
4793,00-0039356,2024_12_KC_CAR,12,J.Sanders,CAR,6.4,3.44,TE
4794,00-0039356,2024_14_CAR_PHI,14,J.Sanders,CAR,0.0,1.48,TE
4795,00-0039356,2024_15_DAL_CAR,15,J.Sanders,CAR,0.0,0.98,TE
4796,00-0039356,2024_17_CAR_TB,17,J.Sanders,CAR,1.0,0.98,TE
4797,00-0039356,2024_18_CAR_ATL,18,J.Sanders,CAR,5.0,5.81,TE
4798,00-0039359,2024_02_CHI_HOU,2,C.Stover,HOU,2.3,0.87,TE
4799,00-0039359,2024_04_JAX_HOU,4,C.Stover,HOU,3.2,1.74,TE
4800,00-0039359,2024_05_BUF_HOU,5,C.Stover,HOU,1.6,1.85,TE
4801,00-0039359,2024_06_HOU_NE,6,C.Stover,HOU,0.0,0.98,TE
4802,00-0039359,2024_07_HOU_GB,7,C.Stover,HOU,2.0,0.98,TE
4803,00-0039359,2024_08_IND_HOU,8,C.Stover,HOU,2.9,3.48,TE
4804,00-0039359,2024_09_HOU_NYJ,9,C.Stover,HOU,0.0,2.03,TE
4805,00-0039359,2024_10_DET_HOU,10,C.Stover,HOU,0.7,3.04,TE
4806,00-0039359,2024_11_HOU_DAL,11,C.Stover,HOU,2.5,1.85,TE
4807,00-0039359,2024_12_TEN_HOU,12,C.Stover,HOU,10.1,5.08,TE
4808,00-0039359,2024_13_HOU_JAX,13,C.Stover,HOU,0.9,0.98,TE
4809,00-0039359,2024_17_BAL_HOU,17,C.Stover,HOU,0.6,0.87,TE
4810,00-0039359,2024_18_HOU_TEN,18,C.Stover,HOU,0.0,1.47,TE
4811,00-0039359,2024_19_LAC_HOU,19,C.Stover,HOU,4.8,3.7,TE
4812,00-0039361,2024_01_WAS_TB,1,B.Irving,TB,8.6,7.05,RB
4813,00-0039361,2024_02_TB_DET,2,B.Irving,TB,2.2,3.45,RB
4814,00-0039361,2024_03_DEN_TB,3,B.Irving,TB,9.9,7.19,RB
4815,00-0039361,2024_04_PHI_TB,4,B.Irving,TB,12.0,14.32,RB
4816,00-0039361,2024_05_TB_ATL,5,B.Irving,TB,5.6,8.88,RB
4817,00-0039361,2024_06_TB_NO,6,B.Irving,TB,17.5,15.9,RB
4818,00-0039361,2024_07_BAL_TB,7,B.Irving,TB,15.2,12.72,RB
4819,00-0039361,2024_08_ATL_TB,8,B.Irving,TB,11.9,10.86,RB
4820,00-0039361,2024_09_TB_KC,9,B.Irving,TB,4.9,6.06,RB
4821,00-0039361,2024_10_SF_TB,10,B.Irving,TB,16.2,10.33,RB
4822,00-0039361,2024_12_TB_NYG,12,B.Irving,TB,24.2,12.82,RB
4823,00-0039361,2024_13_TB_CAR,13,B.Irving,TB,26.0,20.79,RB
4824,00-0039361,2024_14_LV_TB,14,B.Irving,TB,2.3,2.84,RB
4825,00-0039361,2024_15_TB_LAC,15,B.Irving,TB,12.3,9.78,RB
4826,00-0039361,2024_16_TB_DAL,16,B.Irving,TB,16.7,13.03,RB
4827,00-0039361,2024_17_CAR_TB,17,B.Irving,TB,21.0,18.05,RB
4828,00-0039361,2024_18_NO_TB,18,B.Irving,TB,15.4,15.3,RB
4829,00-0039361,2024_19_WAS_TB,19,B.Irving,TB,15.3,13.6,RB
4830,00-0039363,2024_02_SF_MIN,2,I.Guerendo,SF,0.0,0.49,RB
4831,00-0039363,2024_03_SF_LA,3,I.Guerendo,SF,1.9,2.47,RB
4832,00-0039363,2024_04_NE_SF,4,I.Guerendo,SF,0.0,0.49,RB
4833,00-0039363,2024_05_ARI_SF,5,I.Guerendo,SF,2.2,2.94,RB
4834,00-0039363,2024_06_SF_SEA,6,I.Guerendo,SF,9.9,6.05,RB
4835,00-0039363,2024_07_KC_SF,7,I.Guerendo,SF,1.2,1.47,RB
4836,00-0039363,2024_08_DAL_SF,8,I.Guerendo,SF,17.7,13.06,RB
4837,00-0039363,2024_10_SF_TB,10,I.Guerendo,SF,0.0,1.02,RB
4838,00-0039363,2024_13_SF_BUF,13,I.Guerendo,SF,8.1,2.85,RB
4839,00-0039363,2024_14_CHI_SF,14,I.Guerendo,SF,25.8,15.06,RB
4840,00-0039363,2024_15_LA_SF,15,I.Guerendo,SF,9.5,11.59,RB
4841,00-0039363,2024_17_DET_SF,17,I.Guerendo,SF,11.9,11.95,RB
4842,00-0039363,2024_18_SF_ARI,18,I.Guerendo,SF,0.5,0.99,RB
4843,00-0039364,2024_02_TB_DET,2,S.Vaki,DET,2.2,1.47,RB
4844,00-0039364,2024_06_DET_DAL,6,S.Vaki,DET,0.5,0.49,RB
4845,00-0039364,2024_11_JAX_DET,11,S.Vaki,DET,0.9,2.47,RB
4846,00-0039364,2024_16_DET_CHI,16,S.Vaki,DET,3.0,1.85,RB
4847,00-0039365,2024_07_KC_SF,7,J.Cowing,SF,6.0,5.43,WR
4848,00-0039365,2024_14_CHI_SF,14,J.Cowing,SF,0.0,1.75,WR
4849,00-0039365,2024_18_SF_ARI,18,J.Cowing,SF,4.7,3.16,WR
4850,00-0039373,2024_01_DEN_SEA,1,A.Estime,DEN,1.4,0.99,RB
4851,00-0039373,2024_06_LAC_DEN,6,A.Estime,DEN,1.3,0.99,RB
4852,00-0039373,2024_07_DEN_NO,7,A.Estime,DEN,1.9,2.47,RB
4853,00-0039373,2024_08_CAR_DEN,8,A.Estime,DEN,0.4,0.68,RB
4854,00-0039373,2024_09_DEN_BAL,9,A.Estime,DEN,3.5,3.51,RB
4855,00-0039373,2024_10_DEN_KC,10,A.Estime,DEN,5.3,6.91,RB
4856,00-0039373,2024_11_ATL_DEN,11,A.Estime,DEN,4.0,5.57,RB
4857,00-0039373,2024_12_DEN_LV,12,A.Estime,DEN,1.5,1.48,RB
4858,00-0039373,2024_13_CLE_DEN,13,A.Estime,DEN,1.2,1.48,RB
4859,00-0039373,2024_15_IND_DEN,15,A.Estime,DEN,2.3,3.34,RB
4860,00-0039373,2024_16_DEN_LAC,16,A.Estime,DEN,10.8,6.73,RB
4861,00-0039373,2024_17_DEN_CIN,17,A.Estime,DEN,4.2,5.31,RB
4862,00-0039373,2024_18_KC_DEN,18,A.Estime,DEN,9.4,8.94,RB
4863,00-0039376,2024_06_TB_NO,6,S.Rattler,NO,19.42,19.19,QB
4864,00-0039376,2024_07_DEN_NO,7,S.Rattler,NO,10.38,15.41,QB
4865,00-0039376,2024_08_NO_LAC,8,S.Rattler,NO,6.24,7.48,QB
4866,00-0039376,2024_15_WAS_NO,15,S.Rattler,NO,9.4,11.98,QB
4867,00-0039376,2024_16_NO_GB,16,S.Rattler,NO,8.92,15.4,QB
4868,00-0039376,2024_17_LV_NO,17,S.Rattler,NO,17.32,17.57,QB
4869,00-0039376,2024_18_NO_TB,18,S.Rattler,NO,14.7,19.58,QB
4870,00-0039379,2024_11_CLE_NO,11,J.Thrash,CLE,1.6,0.98,WR
4871,00-0039379,2024_13_CLE_DEN,13,J.Thrash,CLE,2.1,1.96,WR
4872,00-0039379,2024_15_KC_CLE,15,J.Thrash,CLE,0.0,1.05,WR
4873,00-0039379,2024_16_CLE_CIN,16,J.Thrash,CLE,0.0,0.87,WR
4874,00-0039379,2024_17_MIA_CLE,17,J.Thrash,CLE,0.0,0.98,WR
4875,00-0039379,2024_18_CLE_BAL,18,J.Thrash,CLE,0.0,1.47,WR
4876,00-0039384,2024_01_MIN_NYG,1,T.Tracy,NYG,1.2,3.82,RB
4877,00-0039384,2024_02_NYG_WAS,2,T.Tracy,NYG,0.2,2.0,RB
4878,00-0039384,2024_03_NYG_CLE,3,T.Tracy,NYG,5.0,4.32,RB
4879,00-0039384,2024_04_DAL_NYG,4,T.Tracy,NYG,2.6,2.84,RB
4880,00-0039384,2024_05_NYG_SEA,5,T.Tracy,NYG,13.5,10.92,RB
4881,00-0039384,2024_06_CIN_NYG,6,T.Tracy,NYG,19.7,16.79,RB
4882,00-0039384,2024_07_PHI_NYG,7,T.Tracy,NYG,4.7,5.79,RB
4883,00-0039384,2024_08_NYG_PIT,8,T.Tracy,NYG,22.0,12.87,RB
4884,00-0039384,2024_09_WAS_NYG,9,T.Tracy,NYG,7.4,10.07,RB
4885,00-0039384,2024_10_NYG_CAR,10,T.Tracy,NYG,15.9,12.1,RB
4886,00-0039384,2024_12_TB_NYG,12,T.Tracy,NYG,8.0,9.59,RB
4887,00-0039384,2024_13_NYG_DAL,13,T.Tracy,NYG,13.5,10.3,RB
4888,00-0039384,2024_14_NO_NYG,14,T.Tracy,NYG,16.8,20.98,RB
4889,00-0039384,2024_15_BAL_NYG,15,T.Tracy,NYG,4.0,10.55,RB
4890,00-0039384,2024_16_NYG_ATL,16,T.Tracy,NYG,14.9,9.2,RB
4891,00-0039384,2024_17_IND_NYG,17,T.Tracy,NYG,8.3,13.3,RB
4892,00-0039384,2024_18_NYG_PHI,18,T.Tracy,NYG,7.6,8.64,RB
4893,00-0039386,2024_01_CAR_NO,1,B.Means,NO,0.0,0.98,WR
4894,00-0039386,2024_06_TB_NO,6,B.Means,NO,13.0,9.6,WR
4895,00-0039386,2024_07_DEN_NO,7,B.Means,NO,5.2,6.21,WR
4896,00-0039386,2024_08_NO_LAC,8,B.Means,NO,4.1,1.47,WR
4897,00-0039391,2024_06_LAC_DEN,6,K.Vidal,LAC,12.1,4.9,RB
4898,00-0039391,2024_07_LAC_ARI,7,K.Vidal,LAC,2.4,2.86,RB
4899,00-0039391,2024_08_NO_LAC,8,K.Vidal,LAC,1.6,2.96,RB
4900,00-0039391,2024_09_LAC_CLE,9,K.Vidal,LAC,0.7,2.47,RB
4901,00-0039391,2024_13_LAC_ATL,13,K.Vidal,LAC,2.0,1.97,RB
4902,00-0039391,2024_14_LAC_KC,14,K.Vidal,LAC,3.4,4.93,RB
4903,00-0039391,2024_15_TB_LAC,15,K.Vidal,LAC,3.2,4.31,RB
4904,00-0039391,2024_16_DEN_LAC,16,K.Vidal,LAC,2.4,2.47,RB
4905,00-0039391,2024_17_LAC_NE,17,K.Vidal,LAC,2.4,4.86,RB
4906,00-0039392,2024_08_TEN_DET,8,J.Jackson,TEN,0.0,1.48,WR
4907,00-0039392,2024_09_NE_TEN,9,J.Jackson,TEN,0.8,2.95,WR
4908,00-0039393,2024_07_SEA_ATL,7,J.McClellan,ATL,1.7,2.47,RB
4909,00-0039393,2024_11_ATL_DEN,11,J.McClellan,ATL,1.5,3.94,RB
4910,00-0039394,2024_07_SEA_ATL,7,Cas.Washington,ATL,1.9,0.98,WR
4911,00-0039394,2024_11_ATL_DEN,11,Cas.Washington,ATL,0.0,1.71,WR
4912,00-0039398,2024_18_BUF_NE,18,J.Milton,NE,20.54,21.63,QB
4913,00-0039407,2024_06_PIT_LV,6,D.Laube,LV,-1.0,0.49,RB
4914,00-0039410,2024_06_DET_DAL,6,R.Flournoy,DAL,1.7,0.98,WR
4915,00-0039410,2024_09_DAL_ATL,9,R.Flournoy,DAL,1.8,1.85,WR
4916,00-0039410,2024_11_HOU_DAL,11,R.Flournoy,DAL,2.9,3.92,WR
4917,00-0039410,2024_14_CIN_DAL,14,R.Flournoy,DAL,0.0,1.47,WR
4918,00-0039410,2024_16_TB_DAL,16,R.Flournoy,DAL,5.6,3.44,WR
4919,00-0039410,2024_17_DAL_PHI,17,R.Flournoy,DAL,0.8,1.96,WR
4920,00-0039410,2024_18_WAS_DAL,18,R.Flournoy,DAL,2.4,1.96,WR
4921,00-0039420,2024_09_NE_TEN,9,J.Bell,NE,0.6,0.87,TE
4922,00-0039420,2024_11_LA_NE,11,J.Bell,NE,0.0,0.98,TE
4923,00-0039420,2024_18_BUF_NE,18,J.Bell,NE,2.4,1.47,TE
4924,00-0039424,2024_01_DEN_SEA,1,D.Vele,DEN,7.9,7.63,WR
4925,00-0039424,2024_06_LAC_DEN,6,D.Vele,DEN,9.8,7.68,WR
4926,00-0039424,2024_07_DEN_NO,7,D.Vele,DEN,2.5,3.5,WR
4927,00-0039424,2024_08_CAR_DEN,8,D.Vele,DEN,4.3,3.99,WR
4928,00-0039424,2024_09_DEN_BAL,9,D.Vele,DEN,2.1,2.94,WR
4929,00-0039424,2024_10_DEN_KC,10,D.Vele,DEN,11.9,5.58,WR
4930,00-0039424,2024_11_ATL_DEN,11,D.Vele,DEN,8.6,5.78,WR
4931,00-0039424,2024_12_DEN_LV,12,D.Vele,DEN,11.0,10.31,WR
4932,00-0039424,2024_13_CLE_DEN,13,D.Vele,DEN,2.1,5.94,WR
4933,00-0039424,2024_15_IND_DEN,15,D.Vele,DEN,0.0,0.98,WR
4934,00-0039424,2024_16_DEN_LAC,16,D.Vele,DEN,9.1,4.24,WR
4935,00-0039424,2024_17_DEN_CIN,17,D.Vele,DEN,3.7,2.46,WR
4936,00-0039424,2024_18_KC_DEN,18,D.Vele,DEN,13.0,6.53,WR
4937,00-0039424,2024_19_DEN_BUF,19,D.Vele,DEN,0.0,2.46,WR
4938,00-0039451,2024_08_TEN_DET,8,I.Williams,DET,1.6,3.77,WR
4940,00-0039491,2024_04_CIN_CAR,4,J.Coker,CAR,0.0,1.47,WR
4941,00-0039491,2024_05_CAR_CHI,5,J.Coker,CAR,8.8,4.9,WR
4942,00-0039491,2024_06_ATL_CAR,6,J.Coker,CAR,4.5,3.44,WR
4943,00-0039491,2024_07_CAR_WAS,7,J.Coker,CAR,1.5,0.98,WR
4944,00-0039491,2024_08_CAR_DEN,8,J.Coker,CAR,15.8,9.56,WR
4945,00-0039491,2024_09_NO_CAR,9,J.Coker,CAR,4.6,3.82,WR
4946,00-0039491,2024_10_NYG_CAR,10,J.Coker,CAR,5.6,10.66,WR
4947,00-0039491,2024_15_DAL_CAR,15,J.Coker,CAR,19.0,7.35,WR
4948,00-0039491,2024_16_ARI_CAR,16,J.Coker,CAR,1.8,8.42,WR
4949,00-0039491,2024_17_CAR_TB,17,J.Coker,CAR,4.5,2.95,WR
4950,00-0039491,2024_18_CAR_ATL,18,J.Coker,CAR,10.46,8.4,WR
4951,00-0039521,2024_06_ARI_GB,6,X.Weaver,ARI,0.0,2.41,WR
4952,00-0039521,2024_18_SF_ARI,18,X.Weaver,ARI,0.0,1.65,WR
4953,00-0039530,2024_02_NO_DAL,2,B.Spann-Ford,DAL,0.0,0.98,TE
4954,00-0039530,2024_05_DAL_PIT,5,B.Spann-Ford,DAL,3.0,3.33,TE
4955,00-0039530,2024_08_DAL_SF,8,B.Spann-Ford,DAL,0.0,3.14,TE
4956,00-0039530,2024_11_HOU_DAL,11,B.Spann-Ford,DAL,6.2,5.28,TE
4957,00-0039530,2024_12_DAL_WAS,12,B.Spann-Ford,DAL,3.4,2.46,TE
4958,00-0039530,2024_15_DAL_CAR,15,B.Spann-Ford,DAL,0.7,0.98,TE
4959,00-0039543,2024_09_LV_CIN,9,R.Keyton,LV,1.2,2.41,WR
4960,00-0039543,2024_11_LV_MIA,11,R.Keyton,LV,0.0,2.28,WR
4961,00-0039573,2024_16_DEN_LAC,16,B.Watson,DEN,2.8,3.82,RB
4962,00-0039589,2024_01_WAS_TB,1,K.Johnson,TB,0.0,0.49,WR
4963,00-0039589,2024_04_PHI_TB,4,K.Johnson,TB,0.0,3.1,WR
4964,00-0039589,2024_17_CAR_TB,17,K.Johnson,TB,1.1,0.49,WR
4965,00-0039603,2024_03_HOU_MIN,3,B.Brooks,HOU,0.2,0.49,RB
4967,00-0039613,2024_14_NO_NYG,14,D.Holker,NO,1.5,0.87,TE
4968,00-0039613,2024_18_NO_TB,18,D.Holker,NO,2.1,3.44,TE
4971,00-0039623,2024_01_CAR_NO,1,M.Tipton,NO,1.1,0.98,WR
4972,00-0039623,2024_03_PHI_NO,3,M.Tipton,NO,2.1,2.94,WR
4973,00-0039623,2024_04_NO_ATL,4,M.Tipton,NO,1.1,0.98,WR
4974,00-0039623,2024_05_NO_KC,5,M.Tipton,NO,0.7,6.58,WR
4975,00-0039623,2024_06_TB_NO,6,M.Tipton,NO,2.0,1.96,WR
4976,00-0039623,2024_07_DEN_NO,7,M.Tipton,NO,7.5,9.82,WR
4977,00-0039623,2024_08_NO_LAC,8,M.Tipton,NO,2.4,1.96,WR
4978,00-0039623,2024_09_NO_CAR,9,M.Tipton,NO,0.0,3.93,WR
4979,00-0039623,2024_16_NO_GB,16,M.Tipton,NO,0.0,0.98,WR
4984,00-0039648,2024_14_JAX_TEN,14,D.Martin-Robinson,TEN,0.0,0.87,TE
4985,00-0039648,2024_16_TEN_IND,16,D.Martin-Robinson,TEN,1.1,0.87,TE
4992,00-0039703,2024_18_SEA_LA,18,C.Schrader,LA,1.4,1.36,RB
4994,00-0039732,2024_01_DEN_SEA,1,B.Nix,DEN,14.02,21.4,QB
4995,00-0039732,2024_02_PIT_DEN,2,B.Nix,DEN,12.34,17.1,QB
4996,00-0039732,2024_03_DEN_TB,3,B.Nix,DEN,19.54,19.55,QB
4997,00-0039732,2024_04_DEN_NYJ,4,B.Nix,DEN,6.1,13.0,QB
4998,00-0039732,2024_05_LV_DEN,5,B.Nix,DEN,23.54,19.79,QB
4999,00-0039732,2024_06_LAC_DEN,6,B.Nix,DEN,22.74,20.95,QB
5000,00-0039732,2024_07_DEN_NO,7,B.Nix,DEN,14.06,17.62,QB
5001,00-0039732,2024_08_CAR_DEN,8,B.Nix,DEN,27.96,28.35,QB
5002,00-0039732,2024_09_DEN_BAL,9,B.Nix,DEN,19.32,29.13,QB
5003,00-0039732,2024_10_DEN_KC,10,B.Nix,DEN,16.1,14.62,QB
5004,00-0039732,2024_11_ATL_DEN,11,B.Nix,DEN,28.78,14.8,QB
5005,00-0039732,2024_12_DEN_LV,12,B.Nix,DEN,19.42,18.55,QB
5006,00-0039732,2024_13_CLE_DEN,13,B.Nix,DEN,16.36,15.0,QB
5007,00-0039732,2024_15_IND_DEN,15,B.Nix,DEN,19.8,17.21,QB
5008,00-0039732,2024_16_DEN_LAC,16,B.Nix,DEN,21.02,18.59,QB
5009,00-0039732,2024_17_DEN_CIN,17,B.Nix,DEN,23.86,20.26,QB
5010,00-0039732,2024_18_KC_DEN,18,B.Nix,DEN,33.54,19.2,QB
5011,00-0039732,2024_19_DEN_BUF,19,B.Nix,DEN,14.06,13.19,QB
5012,00-0039737,2024_05_ARI_SF,5,T.Reiman,ARI,1.0,0.98,TE
5013,00-0039737,2024_07_LAC_ARI,7,T.Reiman,ARI,0.6,0.87,TE
5014,00-0039737,2024_13_ARI_MIN,13,T.Reiman,ARI,1.4,0.98,TE
5015,00-0039737,2024_14_SEA_ARI,14,T.Reiman,ARI,1.9,0.87,TE
5016,00-0039737,2024_15_NE_ARI,15,T.Reiman,ARI,1.8,2.83,TE
5017,00-0039738,2024_02_LA_ARI,2,B.Corum,LA,2.8,3.94,RB
5018,00-0039738,2024_05_GB_LA,5,B.Corum,LA,3.8,8.68,RB
5019,00-0039738,2024_07_LV_LA,7,B.Corum,LA,1.1,1.48,RB
5020,00-0039738,2024_08_MIN_LA,8,B.Corum,LA,2.3,2.84,RB
5021,00-0039738,2024_09_LA_SEA,9,B.Corum,LA,-0.1,0.49,RB
5022,00-0039738,2024_10_MIA_LA,10,B.Corum,LA,2.0,1.97,RB
5023,00-0039738,2024_11_LA_NE,11,B.Corum,LA,3.3,4.31,RB
5024,00-0039738,2024_12_PHI_LA,12,B.Corum,LA,0.5,0.49,RB
5025,00-0039738,2024_13_LA_NO,13,B.Corum,LA,4.2,3.94,RB
5026,00-0039738,2024_14_BUF_LA,14,B.Corum,LA,3.4,6.02,RB
5027,00-0039738,2024_15_LA_SF,15,B.Corum,LA,3.0,4.31,RB
5028,00-0039738,2024_16_LA_NYJ,16,B.Corum,LA,1.4,2.47,RB
5029,00-0039738,2024_17_ARI_LA,17,B.Corum,LA,-0.4,1.48,RB
5030,00-0039738,2024_18_SEA_LA,18,B.Corum,LA,2.7,1.97,RB
5031,00-0039746,2024_07_PHI_NYG,7,W.Shipley,PHI,1.5,3.94,RB
5032,00-0039746,2024_08_PHI_CIN,8,W.Shipley,PHI,-0.3,0.99,RB
5033,00-0039746,2024_10_PHI_DAL,10,W.Shipley,PHI,3.4,4.44,RB
5034,00-0039746,2024_13_PHI_BAL,13,W.Shipley,PHI,0.4,0.49,RB
5035,00-0039746,2024_18_NYG_PHI,18,W.Shipley,PHI,8.7,9.96,RB
5036,00-0039747,2024_09_JAX_PHI,9,A.Smith,PHI,0.7,1.36,WR
5037,00-0039747,2024_10_PHI_DAL,10,A.Smith,PHI,1.6,1.85,WR
5038,00-0039747,2024_18_NYG_PHI,18,A.Smith,PHI,11.9,7.68,WR
5039,00-0039751,2024_02_LA_ARI,2,J.Whittington,LA,3.2,1.74,WR
5040,00-0039751,2024_03_SF_LA,3,J.Whittington,LA,4.3,2.83,WR
5041,00-0039751,2024_04_LA_CHI,4,J.Whittington,LA,9.2,9.06,WR
5042,00-0039751,2024_05_GB_LA,5,J.Whittington,LA,12.4,10.88,WR
5043,00-0039751,2024_17_ARI_LA,17,J.Whittington,LA,1.1,0.98,WR
5044,00-0039751,2024_18_SEA_LA,18,J.Whittington,LA,11.3,5.81,WR
5045,00-0039754,2024_17_CAR_TB,17,D.Culp,TB,6.7,7.52,TE
5046,00-0039754,2024_18_NO_TB,18,D.Culp,TB,4.6,2.39,TE
5049,00-0039792,2024_15_BAL_NYG,15,D.Walker,BAL,8.6,3.09,WR
5050,00-0039792,2024_17_BAL_HOU,17,D.Walker,BAL,0.0,3.92,WR
5051,00-0039793,2024_03_MIA_SEA,3,A.Barner,SEA,2.8,2.72,TE
5052,00-0039793,2024_04_SEA_DET,4,A.Barner,SEA,9.7,2.57,TE
5053,00-0039793,2024_05_NYG_SEA,5,A.Barner,SEA,1.8,0.98,TE
5054,00-0039793,2024_06_SF_SEA,6,A.Barner,SEA,1.8,0.98,TE
5055,00-0039793,2024_07_SEA_ATL,7,A.Barner,SEA,1.0,0.98,TE
5056,00-0039793,2024_08_BUF_SEA,8,A.Barner,SEA,4.4,2.46,TE
5057,00-0039793,2024_09_LA_SEA,9,A.Barner,SEA,4.7,7.18,TE
5058,00-0039793,2024_11_SEA_SF,11,A.Barner,SEA,2.5,4.31,TE
5059,00-0039793,2024_12_ARI_SEA,12,A.Barner,SEA,3.4,3.81,TE
5060,00-0039793,2024_13_SEA_NYJ,13,A.Barner,SEA,8.4,1.99,TE
5061,00-0039793,2024_14_SEA_ARI,14,A.Barner,SEA,1.8,0.87,TE
5062,00-0039793,2024_15_GB_SEA,15,A.Barner,SEA,1.0,3.43,TE
5063,00-0039793,2024_16_MIN_SEA,16,A.Barner,SEA,8.3,3.24,TE
5064,00-0039793,2024_18_SEA_LA,18,A.Barner,SEA,11.9,6.4,TE
5065,00-0039794,2024_01_NYJ_SF,1,B.Allen,NYJ,2.2,1.36,RB
5066,00-0039794,2024_02_NYJ_TEN,2,B.Allen,NYJ,18.6,7.19,RB
5067,00-0039794,2024_03_NE_NYJ,3,B.Allen,NYJ,8.3,8.29,RB
5068,00-0039794,2024_04_DEN_NYJ,4,B.Allen,NYJ,5.1,4.81,RB
5069,00-0039794,2024_05_NYJ_MIN,5,B.Allen,NYJ,3.3,4.32,RB
5070,00-0039794,2024_06_BUF_NYJ,6,B.Allen,NYJ,0.8,3.95,RB
5071,00-0039794,2024_07_NYJ_PIT,7,B.Allen,NYJ,1.1,1.86,RB
5072,00-0039794,2024_08_NYJ_NE,8,B.Allen,NYJ,9.2,7.87,RB
5073,00-0039794,2024_09_HOU_NYJ,9,B.Allen,NYJ,0.9,2.95,RB
5074,00-0039794,2024_10_NYJ_ARI,10,B.Allen,NYJ,3.9,4.81,RB
5075,00-0039794,2024_11_IND_NYJ,11,B.Allen,NYJ,0.6,0.99,RB
5076,00-0039794,2024_13_SEA_NYJ,13,B.Allen,NYJ,3.7,4.2,RB
5077,00-0039794,2024_14_NYJ_MIA,14,B.Allen,NYJ,10.1,10.62,RB
5078,00-0039794,2024_15_NYJ_JAX,15,B.Allen,NYJ,0.5,0.99,RB
5079,00-0039794,2024_16_LA_NYJ,16,B.Allen,NYJ,1.5,1.97,RB
5080,00-0039794,2024_17_NYJ_BUF,17,B.Allen,NYJ,2.6,2.96,RB
5081,00-0039794,2024_18_MIA_NYJ,18,B.Allen,NYJ,3.3,6.57,RB
5082,00-0039796,2024_15_BAL_NYG,15,R.Ali,BAL,3.2,4.13,RB
5083,00-0039796,2024_16_PIT_BAL,16,R.Ali,BAL,0.2,0.66,RB
5084,00-0039796,2024_17_BAL_HOU,17,R.Ali,BAL,-0.3,0.49,RB
5085,00-0039796,2024_18_CLE_BAL,18,R.Ali,BAL,0.0,1.74,RB
5086,00-0039798,2024_03_NE_NYJ,3,I.Davis,NYJ,0.6,1.48,RB
5087,00-0039798,2024_07_NYJ_PIT,7,I.Davis,NYJ,1.2,0.49,RB
5088,00-0039798,2024_10_NYJ_ARI,10,I.Davis,NYJ,1.5,0.98,RB
5089,00-0039798,2024_13_SEA_NYJ,13,I.Davis,NYJ,10.7,3.86,RB
5090,00-0039798,2024_14_NYJ_MIA,14,I.Davis,NYJ,14.2,12.09,RB
5091,00-0039798,2024_15_NYJ_JAX,15,I.Davis,NYJ,3.1,3.6,RB
5092,00-0039798,2024_16_LA_NYJ,16,I.Davis,NYJ,1.2,1.48,RB
5093,00-0039798,2024_17_NYJ_BUF,17,I.Davis,NYJ,4.8,2.35,RB
5094,00-0039798,2024_18_MIA_NYJ,18,I.Davis,NYJ,4.1,1.97,RB
5095,00-0039810,2024_02_CIN_KC,2,J.Burton,CIN,5.2,2.95,WR
5096,00-0039810,2024_08_PHI_CIN,8,J.Burton,CIN,4.6,6.74,WR
5097,00-0039810,2024_10_CIN_BAL,10,J.Burton,CIN,1.6,8.39,WR
5098,00-0039810,2024_11_CIN_LAC,11,J.Burton,CIN,1.3,6.8,WR
5099,00-0039811,2024_02_IND_GB,2,M.Lloyd,GB,2.3,3.83,RB
5100,00-0039814,2024_02_CIN_KC,2,E.All,CIN,5.2,4.19,TE
5101,00-0039814,2024_03_WAS_CIN,3,E.All,CIN,4.2,3.81,TE
5102,00-0039814,2024_04_CIN_CAR,4,E.All,CIN,4.8,3.81,TE
5103,00-0039814,2024_05_BAL_CIN,5,E.All,CIN,2.0,1.85,TE
5104,00-0039814,2024_06_CIN_NYG,6,E.All,CIN,2.0,2.83,TE
5105,00-0039814,2024_07_CIN_CLE,7,E.All,CIN,0.0,0.87,TE
5106,00-0039814,2024_08_PHI_CIN,8,E.All,CIN,4.2,2.87,TE
5107,00-0039814,2024_09_LV_CIN,9,E.All,CIN,3.4,2.8,TE
5108,00-0039816,2024_15_IND_DEN,15,A.Gould,IND,2.8,1.47,WR
5109,00-0039824,2024_02_CIN_KC,2,J.Wiley,KC,1.2,0.98,TE
5111,00-0039847,2024_01_MIN_NYG,1,T.Johnson,NYG,2.3,4.44,TE
5112,00-0039847,2024_03_NYG_CLE,3,T.Johnson,NYG,1.8,4.45,TE
5113,00-0039847,2024_04_DAL_NYG,4,T.Johnson,NYG,1.1,0.98,TE
5114,00-0039847,2024_05_NYG_SEA,5,T.Johnson,NYG,7.3,5.29,TE
5115,00-0039847,2024_06_CIN_NYG,6,T.Johnson,NYG,4.5,2.83,TE
5116,00-0039847,2024_08_NYG_PIT,8,T.Johnson,NYG,5.0,4.41,TE
5117,00-0039847,2024_09_WAS_NYG,9,T.Johnson,NYG,12.6,7.38,TE
5118,00-0039847,2024_10_NYG_CAR,10,T.Johnson,NYG,5.7,6.34,TE
5119,00-0039847,2024_12_TB_NYG,12,T.Johnson,NYG,5.4,5.85,TE
5120,00-0039847,2024_13_NYG_DAL,13,T.Johnson,NYG,7.9,4.98,TE
5121,00-0039849,2024_01_ARI_BUF,1,M.Harrison,ARI,0.9,3.59,WR
5122,00-0039849,2024_02_LA_ARI,2,M.Harrison,ARI,27.0,18.58,WR
5123,00-0039849,2024_03_DET_ARI,3,M.Harrison,ARI,14.9,18.38,WR
5124,00-0039849,2024_04_WAS_ARI,4,M.Harrison,ARI,13.0,8.82,WR
5125,00-0039849,2024_05_ARI_SF,5,M.Harrison,ARI,4.6,8.91,WR
5126,00-0039849,2024_06_ARI_GB,6,M.Harrison,ARI,0.0,2.41,WR
5127,00-0039849,2024_07_LAC_ARI,7,M.Harrison,ARI,3.6,6.56,WR
5128,00-0039849,2024_08_ARI_MIA,8,M.Harrison,ARI,20.1,12.11,WR
5129,00-0039849,2024_09_CHI_ARI,9,M.Harrison,ARI,4.4,7.43,WR
5130,00-0039849,2024_10_NYJ_ARI,10,M.Harrison,ARI,13.9,6.58,WR
5131,00-0039849,2024_12_ARI_SEA,12,M.Harrison,ARI,6.2,7.9,WR
5132,00-0039849,2024_13_ARI_MIN,13,M.Harrison,ARI,14.5,18.2,WR
5133,00-0039849,2024_14_SEA_ARI,14,M.Harrison,ARI,6.9,11.87,WR
5134,00-0039849,2024_15_NE_ARI,15,M.Harrison,ARI,4.2,10.37,WR
5135,00-0039849,2024_16_ARI_CAR,16,M.Harrison,ARI,5.9,10.38,WR
5136,00-0039849,2024_17_ARI_LA,17,M.Harrison,ARI,12.6,13.6,WR
5137,00-0039849,2024_18_SF_ARI,18,M.Harrison,ARI,14.8,10.51,WR
5138,00-0039851,2024_03_NE_NYJ,3,D.Maye,NE,2.08,4.96,QB
5139,00-0039851,2024_06_HOU_NE,6,D.Maye,NE,24.52,16.11,QB
5140,00-0039851,2024_07_NE_JAX,7,D.Maye,NE,20.84,17.43,QB
5141,00-0039851,2024_08_NYJ_NE,8,D.Maye,NE,11.52,4.96,QB
5142,00-0039851,2024_09_NE_TEN,9,D.Maye,NE,21.74,24.78,QB
5143,00-0039851,2024_10_NE_CHI,10,D.Maye,NE,13.86,14.05,QB
5144,00-0039851,2024_11_LA_NE,11,D.Maye,NE,21.98,20.3,QB
5145,00-0039851,2024_12_NE_MIA,12,D.Maye,NE,17.58,17.59,QB
5146,00-0039851,2024_13_IND_NE,13,D.Maye,NE,21.42,19.44,QB
5147,00-0039851,2024_15_NE_ARI,15,D.Maye,NE,19.48,14.99,QB
5148,00-0039851,2024_16_NE_BUF,16,D.Maye,NE,26.44,24.26,QB
5149,00-0039851,2024_17_LAC_NE,17,D.Maye,NE,10.88,13.17,QB
5150,00-0039851,2024_18_BUF_NE,18,D.Maye,NE,0.0,0.51,QB
5151,00-0039853,2024_12_NE_MIA,12,J.Baker,NE,0.0,1.42,WR
5152,00-0039853,2024_16_NE_BUF,16,J.Baker,NE,0.0,1.47,WR
5153,00-0039853,2024_17_LAC_NE,17,J.Baker,NE,0.0,0.98,WR
5154,00-0039853,2024_18_BUF_NE,18,J.Baker,NE,1.7,1.14,WR
5155,00-0039855,2024_01_WAS_TB,1,J.McMillan,TB,9.7,4.9,WR
5156,00-0039855,2024_02_TB_DET,2,J.McMillan,TB,2.6,3.91,WR
5157,00-0039855,2024_03_DEN_TB,3,J.McMillan,TB,1.1,0.98,WR
5158,00-0039855,2024_06_TB_NO,6,J.McMillan,TB,0.0,1.2,WR
5159,00-0039855,2024_07_BAL_TB,7,J.McMillan,TB,4.1,15.24,WR
5160,00-0039855,2024_08_ATL_TB,8,J.McMillan,TB,7.2,11.12,WR
5161,00-0039855,2024_12_TB_NYG,12,J.McMillan,TB,1.6,2.88,WR
5162,00-0039855,2024_13_TB_CAR,13,J.McMillan,TB,3.5,3.71,WR
5163,00-0039855,2024_14_LV_TB,14,J.McMillan,TB,19.9,9.34,WR
5164,00-0039855,2024_15_TB_LAC,15,J.McMillan,TB,16.0,9.56,WR
5165,00-0039855,2024_16_TB_DAL,16,J.McMillan,TB,14.2,11.45,WR
5166,00-0039855,2024_17_CAR_TB,17,J.McMillan,TB,20.5,7.57,WR
5167,00-0039855,2024_18_NO_TB,18,J.McMillan,TB,16.5,8.96,WR
5168,00-0039855,2024_19_WAS_TB,19,J.McMillan,TB,5.1,6.8,WR
5169,00-0039868,2024_02_PIT_DEN,2,T.Franklin,DEN,0.0,0.87,WR
5170,00-0039868,2024_03_DEN_TB,3,T.Franklin,DEN,2.1,5.66,WR
5171,00-0039868,2024_04_DEN_NYJ,4,T.Franklin,DEN,0.8,4.69,WR
5172,00-0039868,2024_05_LV_DEN,5,T.Franklin,DEN,2.5,3.69,WR
5173,00-0039868,2024_06_LAC_DEN,6,T.Franklin,DEN,10.6,5.7,WR
5174,00-0039868,2024_07_DEN_NO,7,T.Franklin,DEN,7.5,6.64,WR
5175,00-0039868,2024_08_CAR_DEN,8,T.Franklin,DEN,1.4,2.84,WR
5176,00-0039868,2024_09_DEN_BAL,9,T.Franklin,DEN,2.4,7.05,WR
5177,00-0039868,2024_10_DEN_KC,10,T.Franklin,DEN,1.4,3.92,WR
5178,00-0039868,2024_11_ATL_DEN,11,T.Franklin,DEN,8.5,2.38,WR
5179,00-0039868,2024_12_DEN_LV,12,T.Franklin,DEN,4.1,5.29,WR
5180,00-0039868,2024_13_CLE_DEN,13,T.Franklin,DEN,3.8,5.81,WR
5181,00-0039868,2024_15_IND_DEN,15,T.Franklin,DEN,1.9,5.81,WR
5182,00-0039868,2024_16_DEN_LAC,16,T.Franklin,DEN,3.5,3.43,WR
5183,00-0039868,2024_17_DEN_CIN,17,T.Franklin,DEN,0.4,2.35,WR
5184,00-0039868,2024_18_KC_DEN,18,T.Franklin,DEN,2.2,1.74,WR
5185,00-0039868,2024_19_DEN_BUF,19,T.Franklin,DEN,12.4,4.78,WR
5186,00-0039874,2024_02_BUF_MIA,2,J.Wright,MIA,0.4,2.47,RB
5187,00-0039874,2024_03_MIA_SEA,3,J.Wright,MIA,1.7,0.99,RB
5188,00-0039874,2024_04_TEN_MIA,4,J.Wright,MIA,3.2,5.31,RB
5189,00-0039874,2024_05_MIA_NE,5,J.Wright,MIA,8.6,6.81,RB
5190,00-0039874,2024_07_MIA_IND,7,J.Wright,MIA,3.3,2.47,RB
5191,00-0039874,2024_08_ARI_MIA,8,J.Wright,MIA,1.8,0.99,RB
5192,00-0039874,2024_09_MIA_BUF,9,J.Wright,MIA,1.8,3.36,RB
5193,00-0039874,2024_10_MIA_LA,10,J.Wright,MIA,0.3,2.47,RB
5194,00-0039874,2024_11_LV_MIA,11,J.Wright,MIA,1.1,3.45,RB
5195,00-0039874,2024_12_NE_MIA,12,J.Wright,MIA,7.8,4.32,RB
5196,00-0039874,2024_14_NYJ_MIA,14,J.Wright,MIA,2.3,4.35,RB
5197,00-0039874,2024_15_MIA_HOU,15,J.Wright,MIA,0.3,0.49,RB
5198,00-0039874,2024_18_MIA_NYJ,18,J.Wright,MIA,-0.4,2.96,RB
5199,00-0039875,2024_01_ARI_BUF,1,R.Davis,BUF,3.2,2.93,RB
5200,00-0039875,2024_02_BUF_MIA,2,R.Davis,BUF,3.3,5.31,RB
5201,00-0039875,2024_03_JAX_BUF,3,R.Davis,BUF,8.8,6.26,RB
5202,00-0039875,2024_04_BUF_BAL,4,R.Davis,BUF,1.1,3.45,RB
5203,00-0039875,2024_05_BUF_HOU,5,R.Davis,BUF,0.9,1.85,RB
5204,00-0039875,2024_06_BUF_NYJ,6,R.Davis,BUF,16.7,15.75,RB
5205,00-0039875,2024_07_TEN_BUF,7,R.Davis,BUF,11.2,3.53,RB
5206,00-0039875,2024_08_BUF_SEA,8,R.Davis,BUF,2.9,3.49,RB
5207,00-0039875,2024_09_MIA_BUF,9,R.Davis,BUF,16.0,5.67,RB
5208,00-0039875,2024_10_BUF_IND,10,R.Davis,BUF,0.6,1.48,RB
5209,00-0039875,2024_11_KC_BUF,11,R.Davis,BUF,1.1,2.78,RB
5210,00-0039875,2024_13_SF_BUF,13,R.Davis,BUF,13.2,7.35,RB
5211,00-0039875,2024_15_BUF_DET,15,R.Davis,BUF,9.9,6.06,RB
5212,00-0039875,2024_16_NE_BUF,16,R.Davis,BUF,3.4,3.45,RB
5213,00-0039875,2024_17_NYJ_BUF,17,R.Davis,BUF,1.8,3.83,RB
5214,00-0039875,2024_18_BUF_NE,18,R.Davis,BUF,13.5,11.08,RB
5215,00-0039875,2024_19_DEN_BUF,19,R.Davis,BUF,0.3,0.49,RB
5216,00-0039880,2024_04_TEN_MIA,4,M.Washington,MIA,1.3,0.98,WR
5217,00-0039880,2024_07_MIA_IND,7,M.Washington,MIA,1.9,3.44,WR
5218,00-0039880,2024_09_MIA_BUF,9,M.Washington,MIA,0.9,0.49,WR
5219,00-0039880,2024_10_MIA_LA,10,M.Washington,MIA,10.0,2.94,WR
5220,00-0039880,2024_11_LV_MIA,11,M.Washington,MIA,3.3,3.74,WR
5221,00-0039880,2024_12_NE_MIA,12,M.Washington,MIA,0.8,2.23,WR
5222,00-0039880,2024_13_MIA_GB,13,M.Washington,MIA,1.8,3.81,WR
5223,00-0039880,2024_14_NYJ_MIA,14,M.Washington,MIA,0.0,1.74,WR
5224,00-0039880,2024_15_MIA_HOU,15,M.Washington,MIA,7.7,5.78,WR
5225,00-0039880,2024_16_SF_MIA,16,M.Washington,MIA,4.3,6.08,WR
5226,00-0039880,2024_17_MIA_CLE,17,M.Washington,MIA,5.0,5.4,WR
5227,00-0039880,2024_18_MIA_NYJ,18,M.Washington,MIA,6.8,5.52,WR
5228,00-0039890,2024_01_HOU_IND,1,A.Mitchell,IND,0.7,6.92,WR
5229,00-0039890,2024_02_IND_GB,2,A.Mitchell,IND,3.5,5.4,WR
5230,00-0039890,2024_03_CHI_IND,3,A.Mitchell,IND,0.0,1.48,WR
5231,00-0039890,2024_04_PIT_IND,4,A.Mitchell,IND,1.0,4.9,WR
5232,00-0039890,2024_05_IND_JAX,5,A.Mitchell,IND,7.16,10.18,WR
5233,00-0039890,2024_06_IND_TEN,6,A.Mitchell,IND,1.9,5.26,WR
5234,00-0039890,2024_07_MIA_IND,7,A.Mitchell,IND,4.0,3.93,WR
5235,00-0039890,2024_08_IND_HOU,8,A.Mitchell,IND,1.4,6.05,WR
5236,00-0039890,2024_09_IND_MIN,9,A.Mitchell,IND,2.7,1.47,WR
5237,00-0039890,2024_10_BUF_IND,10,A.Mitchell,IND,10.1,6.87,WR
5238,00-0039890,2024_11_IND_NYJ,11,A.Mitchell,IND,4.0,2.46,WR
5239,00-0039890,2024_12_DET_IND,12,A.Mitchell,IND,1.5,4.15,WR
5240,00-0039890,2024_13_IND_NE,13,A.Mitchell,IND,0.0,3.88,WR
5241,00-0039890,2024_15_IND_DEN,15,A.Mitchell,IND,4.0,7.16,WR
5242,00-0039890,2024_16_TEN_IND,16,A.Mitchell,IND,4.1,1.47,WR
5243,00-0039890,2024_17_IND_NYG,17,A.Mitchell,IND,3.2,5.69,WR
5244,00-0039890,2024_18_JAX_IND,18,A.Mitchell,IND,0.0,1.47,WR
5245,00-0039893,2024_01_JAX_MIA,1,B.Thomas,JAX,12.7,6.17,WR
5246,00-0039893,2024_02_CLE_JAX,2,B.Thomas,JAX,10.4,4.91,WR
5247,00-0039893,2024_03_JAX_BUF,3,B.Thomas,JAX,7.3,10.3,WR
5248,00-0039893,2024_04_JAX_HOU,4,B.Thomas,JAX,18.9,14.27,WR
5249,00-0039893,2024_05_IND_JAX,5,B.Thomas,JAX,20.7,9.34,WR
5250,00-0039893,2024_06_JAX_CHI,6,B.Thomas,JAX,4.2,8.74,WR
5251,00-0039893,2024_07_NE_JAX,7,B.Thomas,JAX,19.6,9.24,WR
5252,00-0039893,2024_08_GB_JAX,8,B.Thomas,JAX,13.5,6.15,WR
5253,00-0039893,2024_09_JAX_PHI,9,B.Thomas,JAX,5.2,7.08,WR
5254,00-0039893,2024_10_MIN_JAX,10,B.Thomas,JAX,2.2,3.01,WR
5255,00-0039893,2024_11_JAX_DET,11,B.Thomas,JAX,11.1,9.21,WR
5256,00-0039893,2024_13_HOU_JAX,13,B.Thomas,JAX,16.7,15.15,WR
5257,00-0039893,2024_14_JAX_TEN,14,B.Thomas,JAX,12.6,14.85,WR
5258,00-0039893,2024_15_NYJ_JAX,15,B.Thomas,JAX,27.5,16.92,WR
5259,00-0039893,2024_16_JAX_LV,16,B.Thomas,JAX,23.7,14.78,WR
5260,00-0039893,2024_17_TEN_JAX,17,B.Thomas,JAX,20.4,12.51,WR
5261,00-0039893,2024_18_JAX_IND,18,B.Thomas,JAX,13.8,13.82,WR
5262,00-0039894,2024_01_BAL_KC,1,X.Worthy,KC,19.8,6.45,WR
5263,00-0039894,2024_02_CIN_KC,2,X.Worthy,KC,3.2,6.2,WR
5264,00-0039894,2024_03_KC_ATL,3,X.Worthy,KC,4.0,6.72,WR
5265,00-0039894,2024_04_KC_LAC,4,X.Worthy,KC,14.8,5.22,WR
5266,00-0039894,2024_05_NO_KC,5,X.Worthy,KC,10.3,9.44,WR
5267,00-0039894,2024_07_KC_SF,7,X.Worthy,KC,3.9,10.24,WR
5268,00-0039894,2024_08_KC_LV,8,X.Worthy,KC,11.7,10.47,WR
5269,00-0039894,2024_09_TB_KC,9,X.Worthy,KC,-1.0,4.32,WR
5270,00-0039894,2024_10_DEN_KC,10,X.Worthy,KC,1.6,6.06,WR
5271,00-0039894,2024_11_KC_BUF,11,X.Worthy,KC,14.8,7.2,WR
5272,00-0039894,2024_12_KC_CAR,12,X.Worthy,KC,7.1,8.34,WR
5273,00-0039894,2024_13_LV_KC,13,X.Worthy,KC,7.9,8.23,WR
5274,00-0039894,2024_14_LAC_KC,14,X.Worthy,KC,7.1,6.87,WR
5275,00-0039894,2024_15_KC_CLE,15,X.Worthy,KC,16.6,14.27,WR
5276,00-0039894,2024_16_HOU_KC,16,X.Worthy,KC,17.0,16.31,WR
5277,00-0039894,2024_17_KC_PIT,17,X.Worthy,KC,18.9,10.05,WR
5278,00-0039901,2024_01_ARI_BUF,1,K.Coleman,BUF,7.1,7.84,WR
5279,00-0039901,2024_02_BUF_MIA,2,K.Coleman,BUF,0.0,1.96,WR
5280,00-0039901,2024_03_JAX_BUF,3,K.Coleman,BUF,8.9,1.96,WR
5281,00-0039901,2024_04_BUF_BAL,4,K.Coleman,BUF,6.6,6.85,WR
5282,00-0039901,2024_05_BUF_HOU,5,K.Coleman,BUF,11.4,8.46,WR
5283,00-0039901,2024_06_BUF_NYJ,6,K.Coleman,BUF,4.1,4.78,WR
5284,00-0039901,2024_07_TEN_BUF,7,K.Coleman,BUF,14.5,12.31,WR
5285,00-0039901,2024_08_BUF_SEA,8,K.Coleman,BUF,15.5,13.95,WR
5286,00-0039901,2024_09_MIA_BUF,9,K.Coleman,BUF,4.6,4.02,WR
5287,00-0039901,2024_15_BUF_DET,15,K.Coleman,BUF,6.9,3.91,WR
5288,00-0039901,2024_16_NE_BUF,16,K.Coleman,BUF,2.2,4.68,WR
5289,00-0039901,2024_17_NYJ_BUF,17,K.Coleman,BUF,10.2,11.45,WR
5290,00-0039901,2024_18_BUF_NE,18,K.Coleman,BUF,5.0,16.69,WR
5291,00-0039901,2024_19_DEN_BUF,19,K.Coleman,BUF,3.0,6.39,WR
5292,00-0039907,2024_01_NE_CIN,1,J.Polk,NE,1.1,0.98,WR
5293,00-0039907,2024_02_SEA_NE,2,J.Polk,NE,8.2,5.23,WR
5294,00-0039907,2024_03_NE_NYJ,3,J.Polk,NE,2.3,1.96,WR
5295,00-0039907,2024_04_NE_SF,4,J.Polk,NE,4.5,8.3,WR
5296,00-0039907,2024_05_MIA_NE,5,J.Polk,NE,1.8,8.82,WR
5297,00-0039907,2024_06_HOU_NE,6,J.Polk,NE,0.9,4.86,WR
5298,00-0039907,2024_07_NE_JAX,7,J.Polk,NE,0.0,5.44,WR
5299,00-0039907,2024_09_NE_TEN,9,J.Polk,NE,0.0,0.98,WR
5300,00-0039907,2024_10_NE_CHI,10,J.Polk,NE,6.7,2.75,WR
5301,00-0039907,2024_12_NE_MIA,12,J.Polk,NE,1.2,1.85,WR
5302,00-0039907,2024_13_IND_NE,13,J.Polk,NE,0.0,0.98,WR
5303,00-0039907,2024_15_NE_ARI,15,J.Polk,NE,0.0,2.3,WR
5304,00-0039907,2024_17_LAC_NE,17,J.Polk,NE,0.0,1.47,WR
5305,00-0039910,2024_01_WAS_TB,1,J.Daniels,WAS,28.36,28.75,QB
5306,00-0039910,2024_02_NYG_WAS,2,J.Daniels,WAS,13.64,20.44,QB
5307,00-0039910,2024_03_WAS_CIN,3,J.Daniels,WAS,28.26,22.03,QB
5308,00-0039910,2024_04_WAS_ARI,4,J.Daniels,WAS,26.02,18.6,QB
5309,00-0039910,2024_05_CLE_WAS,5,J.Daniels,WAS,21.72,23.92,QB
5310,00-0039910,2024_06_WAS_BAL,6,J.Daniels,WAS,20.96,22.54,QB
5311,00-0039910,2024_07_CAR_WAS,7,J.Daniels,WAS,5.24,4.24,QB
5312,00-0039910,2024_08_CHI_WAS,8,J.Daniels,WAS,22.24,27.08,QB
5313,00-0039910,2024_09_WAS_NYG,9,J.Daniels,WAS,20.06,17.76,QB
5314,00-0039910,2024_10_PIT_WAS,10,J.Daniels,WAS,8.58,14.8,QB
5315,00-0039910,2024_11_WAS_PHI,11,J.Daniels,WAS,15.44,17.69,QB
5316,00-0039910,2024_12_DAL_WAS,12,J.Daniels,WAS,33.4,21.74,QB
5317,00-0039910,2024_13_TEN_WAS,13,J.Daniels,WAS,29.74,22.3,QB
5318,00-0039910,2024_15_WAS_NO,15,J.Daniels,WAS,23.64,24.2,QB
5319,00-0039910,2024_16_PHI_WAS,16,J.Daniels,WAS,37.42,24.29,QB
5320,00-0039910,2024_17_ATL_WAS,17,J.Daniels,WAS,33.88,33.74,QB
5321,00-0039910,2024_18_WAS_DAL,18,J.Daniels,WAS,4.32,7.37,QB
5322,00-0039910,2024_19_WAS_TB,19,J.Daniels,WAS,22.82,28.89,QB
5323,00-0039912,2024_07_CAR_WAS,7,B.Sinnott,WAS,7.6,2.49,TE
5324,00-0039912,2024_09_WAS_NYG,9,B.Sinnott,WAS,1.7,0.98,TE
5325,00-0039912,2024_13_TEN_WAS,13,B.Sinnott,WAS,0.8,0.98,TE
5326,00-0039912,2024_15_WAS_NO,15,B.Sinnott,WAS,1.2,0.98,TE
5327,00-0039915,2024_01_LV_LAC,1,L.McConkey,LAC,12.4,8.69,WR
5328,00-0039915,2024_02_LAC_CAR,2,L.McConkey,LAC,3.6,4.91,WR
5329,00-0039915,2024_03_LAC_PIT,3,L.McConkey,LAC,5.9,7.46,WR
5330,00-0039915,2024_04_KC_LAC,4,L.McConkey,LAC,15.2,9.25,WR
5331,00-0039915,2024_06_LAC_DEN,6,L.McConkey,LAC,6.3,9.59,WR
5332,00-0039915,2024_07_LAC_ARI,7,L.McConkey,LAC,7.1,6.83,WR
5333,00-0039915,2024_08_NO_LAC,8,L.McConkey,LAC,26.1,9.11,WR
5334,00-0039915,2024_09_LAC_CLE,9,L.McConkey,LAC,9.5,9.0,WR
5335,00-0039915,2024_10_TEN_LAC,10,L.McConkey,LAC,6.2,3.15,WR
5336,00-0039915,2024_11_CIN_LAC,11,L.McConkey,LAC,15.3,12.32,WR
5337,00-0039915,2024_12_BAL_LAC,12,L.McConkey,LAC,11.3,7.61,WR
5338,00-0039915,2024_13_LAC_ATL,13,L.McConkey,LAC,16.2,14.6,WR
5339,00-0039915,2024_15_TB_LAC,15,L.McConkey,LAC,14.3,8.99,WR
5340,00-0039915,2024_16_DEN_LAC,16,L.McConkey,LAC,11.7,6.38,WR
5341,00-0039915,2024_17_LAC_NE,17,L.McConkey,LAC,25.4,14.83,WR
5342,00-0039915,2024_18_LAC_LV,18,L.McConkey,LAC,14.0,12.42,WR
5343,00-0039915,2024_19_LAC_HOU,19,L.McConkey,LAC,30.2,17.39,WR
5344,00-0039916,2024_07_KC_SF,7,R.Pearsall,SF,3.6,7.18,WR
5345,00-0039916,2024_08_DAL_SF,8,R.Pearsall,SF,9.7,5.13,WR
5346,00-0039916,2024_10_SF_TB,10,R.Pearsall,SF,15.3,9.8,WR
5347,00-0039916,2024_11_SEA_SF,11,R.Pearsall,SF,0.0,2.8,WR
5348,00-0039916,2024_13_SF_BUF,13,R.Pearsall,SF,0.0,1.67,WR
5349,00-0039916,2024_14_CHI_SF,14,R.Pearsall,SF,1.0,2.73,WR
5350,00-0039916,2024_15_LA_SF,15,R.Pearsall,SF,2.1,6.06,WR
5351,00-0039916,2024_16_SF_MIA,16,R.Pearsall,SF,5.7,4.55,WR
5352,00-0039916,2024_17_DET_SF,17,R.Pearsall,SF,24.7,17.41,WR
5353,00-0039916,2024_18_SF_ARI,18,R.Pearsall,SF,15.9,10.15,WR
5354,00-0039917,2024_07_SEA_ATL,7,M.Penix,ATL,0.56,0.26,QB
5355,00-0039917,2024_11_ATL_DEN,11,M.Penix,ATL,0.96,2.01,QB
5356,00-0039917,2024_16_NYG_ATL,16,M.Penix,ATL,8.68,13.4,QB
5357,00-0039917,2024_17_ATL_WAS,17,M.Penix,ATL,13.22,22.68,QB
5358,00-0039917,2024_18_CAR_ATL,18,M.Penix,ATL,26.98,19.76,QB
5359,00-0039918,2024_01_TEN_CHI,1,C.Williams,CHI,7.42,15.56,QB
5360,00-0039918,2024_02_CHI_HOU,2,C.Williams,CHI,11.36,20.48,QB
5361,00-0039918,2024_03_CHI_IND,3,C.Williams,CHI,23.32,26.7,QB
5362,00-0039918,2024_04_LA_CHI,4,C.Williams,CHI,11.68,13.8,QB
5363,00-0039918,2024_05_CAR_CHI,5,C.Williams,CHI,23.56,17.94,QB
5364,00-0039918,2024_06_JAX_CHI,6,C.Williams,CHI,30.64,18.49,QB
5365,00-0039918,2024_08_CHI_WAS,8,C.Williams,CHI,10.94,23.56,QB
5366,00-0039918,2024_09_CHI_ARI,9,C.Williams,CHI,9.28,20.79,QB
5367,00-0039918,2024_10_NE_CHI,10,C.Williams,CHI,6.3,12.01,QB
5368,00-0039918,2024_11_GB_CHI,11,C.Williams,CHI,16.24,18.97,QB
5369,00-0039918,2024_12_MIN_CHI,12,C.Williams,CHI,26.9,27.45,QB
5370,00-0039918,2024_13_CHI_DET,13,C.Williams,CHI,26.14,22.74,QB
5371,00-0039918,2024_14_CHI_SF,14,C.Williams,CHI,16.06,14.57,QB
5372,00-0039918,2024_15_CHI_MIN,15,C.Williams,CHI,12.04,20.26,QB
5373,00-0039918,2024_16_DET_CHI,16,C.Williams,CHI,22.76,25.19,QB
5374,00-0039918,2024_17_SEA_CHI,17,C.Williams,CHI,8.58,16.76,QB
5375,00-0039918,2024_18_CHI_GB,18,C.Williams,CHI,9.92,10.94,QB
5376,00-0039919,2024_01_TEN_CHI,1,R.Odunze,CHI,1.6,3.97,WR
5377,00-0039919,2024_02_CHI_HOU,2,R.Odunze,CHI,4.3,7.7,WR
5378,00-0039919,2024_03_CHI_IND,3,R.Odunze,CHI,20.4,17.46,WR
5379,00-0039919,2024_04_LA_CHI,4,R.Odunze,CHI,1.5,4.76,WR
5380,00-0039919,2024_05_CAR_CHI,5,R.Odunze,CHI,6.5,7.1,WR
5381,00-0039919,2024_06_JAX_CHI,6,R.Odunze,CHI,5.0,2.53,WR
5382,00-0039919,2024_08_CHI_WAS,8,R.Odunze,CHI,6.9,9.13,WR
5383,00-0039919,2024_09_CHI_ARI,9,R.Odunze,CHI,12.9,10.28,WR
5384,00-0039919,2024_10_NE_CHI,10,R.Odunze,CHI,3.8,6.45,WR
5385,00-0039919,2024_11_GB_CHI,11,R.Odunze,CHI,9.5,12.87,WR
5386,00-0039919,2024_12_MIN_CHI,12,R.Odunze,CHI,6.4,13.23,WR
5387,00-0039919,2024_13_CHI_DET,13,R.Odunze,CHI,3.5,7.86,WR
5388,00-0039919,2024_14_CHI_SF,14,R.Odunze,CHI,18.2,8.25,WR
5389,00-0039919,2024_15_CHI_MIN,15,R.Odunze,CHI,4.9,10.98,WR
5390,00-0039919,2024_16_DET_CHI,16,R.Odunze,CHI,9.7,9.81,WR
5391,00-0039919,2024_17_SEA_CHI,17,R.Odunze,CHI,2.0,5.46,WR
5392,00-0039919,2024_18_CHI_GB,18,R.Odunze,CHI,2.8,2.34,WR
5393,00-0039920,2024_02_NYJ_TEN,2,M.Corley,NYJ,0.9,0.87,WR
5394,00-0039920,2024_09_HOU_NYJ,9,M.Corley,NYJ,0.8,0.49,WR
5395,00-0039920,2024_10_NYJ_ARI,10,M.Corley,NYJ,0.7,2.51,WR
5396,00-0039920,2024_11_IND_NYJ,11,M.Corley,NYJ,1.5,0.98,WR
5397,00-0039920,2024_13_SEA_NYJ,13,M.Corley,NYJ,0.8,4.23,WR
5398,00-0039921,2024_01_ARI_BUF,1,T.Benson,ARI,2.3,2.54,RB
5399,00-0039921,2024_02_LA_ARI,2,T.Benson,ARI,2.2,6.29,RB
5400,00-0039921,2024_03_DET_ARI,3,T.Benson,ARI,0.8,0.99,RB
5401,00-0039921,2024_04_WAS_ARI,4,T.Benson,ARI,5.0,4.44,RB
5402,00-0039921,2024_06_ARI_GB,6,T.Benson,ARI,2.6,2.47,RB
5403,00-0039921,2024_08_ARI_MIA,8,T.Benson,ARI,1.0,0.49,RB
5404,00-0039921,2024_09_CHI_ARI,9,T.Benson,ARI,12.0,8.11,RB
5405,00-0039921,2024_10_NYJ_ARI,10,T.Benson,ARI,9.7,6.67,RB
5406,00-0039921,2024_12_ARI_SEA,12,T.Benson,ARI,1.8,1.97,RB
5407,00-0039921,2024_13_ARI_MIN,13,T.Benson,ARI,2.0,1.48,RB
5408,00-0039921,2024_14_SEA_ARI,14,T.Benson,ARI,2.4,1.86,RB
5409,00-0039921,2024_15_NE_ARI,15,T.Benson,ARI,2.2,2.47,RB
